{"type": "FeatureCollection", "features": [{"type": "Feature", "id": "theme-fp19vo_metro.1", "geometry": {"type": "MultiLineString", "coordinates": [[[12.6494545, 55.6295166], [12.6493904, 55.630398], [12.6489623, 55.6324815], [12.6482167, 55.6338225], [12.6470259, 55.635383], [12.6460293, 55.6368933], [12.6450718, 55.6389982], [12.6446253, 55.6396147], [12.6439297, 55.6401333], [12.6415455, 55.6415005], [12.6407387, 55.6420953], [12.6397741, 55.6430284], [12.6380659, 55.6456838], [12.6336407, 55.653059], [12.6315216, 55.6565637], [12.6297783, 55.6598486], [12.6283486, 55.6618549], [12.6272533, 55.6623714], [12.6247626, 55.6628441], [12.6224708, 55.6630386], [12.617679, 55.662219], [12.6164332, 55.6619294], [12.6143897, 55.6613369], [12.6098741, 55.661071], [12.6065159, 55.6615325], [12.6044776, 55.6623903], [12.602813, 55.6633243], [12.6000536, 55.6647407], [12.5950829, 55.666399], [12.5938466, 55.6676245], [12.593665, 55.6679992]]]}, "geometry_name": "wkb_geometry", "properties": {"id": 1, "hovedstruk": "Kollektive trafikanlæg", "navn_gen": "Eksisterende Metro", "navn_spec": "Christianshavn - Lufthavnen (M2)", "kode": "Metro", "kortbilag": "O i FP19", "dato_ret": 20190122.0}, "bbox": [725992.6815, 6170889.1799, 729724.72, 6174985.5053]}, {"type": "Feature", "id": "theme-fp19vo_metro.2", "geometry": {"type": "MultiLineString", "coordinates": [[[12.5753529, 55.6188738], [12.5759058, 55.6203688], [12.5790774, 55.6286589], [12.5812879, 55.6335638], [12.5821297, 55.6362065], [12.5828196, 55.6381448], [12.5845137, 55.6416262], [12.5862167, 55.6461049], [12.5880711, 55.6505385], [12.5889957, 55.6537773], [12.5892483, 55.6551962], [12.5888555, 55.6564119], [12.5881145, 55.6574663], [12.5851858, 55.6591115], [12.5843249, 55.6604868], [12.5853325, 55.6634597], [12.5863381, 55.6650051], [12.5882304, 55.6659348], [12.5913251, 55.666418], [12.59316, 55.6676943], [12.5936581, 55.6680054]]]}, "geometry_name": "wkb_geometry", "properties": {"id": 2, "hovedstruk": "Kollektive trafikanlæg", "navn_gen": "Eksisterende Metro", "navn_spec": "Christianshavn - Vestamager (M1)", "kode": "Metro", "kortbilag": "O i FP19", "dato_ret": 20190122.0}, "bbox": [725123.46, 6169462.6199, 725992.21, 6174986.1699]}, {"type": "Feature", "id": "theme-fp19vo_metro.3", "geometry": {"type": "MultiLineString", "coordinates": [[[12.593665, 55.6679992], [12.593665, 55.6679992], [12.5934475, 55.6687288], [12.5929369, 55.6705947], [12.5907362, 55.6725573], [12.5884894, 55.6747986], [12.5869865, 55.6767625], [12.5851893, 55.6797534], [12.5840855, 55.6812079], [12.5813005, 55.6821916], [12.5766246, 55.6822886], [12.5714201, 55.6829669], [12.5712693, 55.6830129], [12.5695849, 55.6840563], [12.5674104, 55.6849894], [12.5644333, 55.6852829], [12.5614022, 55.6845823], [12.5589004, 55.6822074], [12.5556178, 55.6812308], [12.5517183, 55.6814912], [12.5510975, 55.6816141], [12.5472521, 55.6826227], [12.5444331, 55.6830005], [12.5424509, 55.682856], [12.5405022, 55.6820152], [12.5374449, 55.6815122], [12.5351498, 55.6813447], [12.5332113, 55.6813881], [12.5266214, 55.6812786], [12.5246999, 55.6813248], [12.5191995, 55.6823186], [12.5042922, 55.6850106], [12.497455, 55.6862446], [12.494953, 55.686696], [12.4915593, 55.6873081]]]}, "geometry_name": "wkb_geometry", "properties": {"id": 3, "hovedstruk": "Kollektive trafikanlæg", "navn_gen": "Eksisterende Metro", "navn_spec": "Vanløse - Christianshavn (M1 & M2)", "kode": "Metro", "kortbilag": "O i FP19", "dato_ret": 20190122.0}, "bbox": [719466.35, 6174985.5053, 725992.6815, 6176812.7699]}, {"type": "Feature", "id": "theme-fp19vo_metro.4", "geometry": {"type": "MultiLineString", "coordinates": [[[12.5560053, 55.6682115], [12.5559956, 55.6682069], [12.5559834, 55.6682011], [12.5559712, 55.6681954], [12.5559591, 55.6681896], [12.555947, 55.6681838], [12.5559349, 55.6681779], [12.5559228, 55.6681721], [12.5559107, 55.6681663], [12.5558986, 55.6681604], [12.5558866, 55.6681546], [12.5558746, 55.6681487], [12.5558626, 55.6681428], [12.5558506, 55.6681369], [12.5558386, 55.668131], [12.5558267, 55.6681251], [12.5558147, 55.6681191], [12.5558028, 55.6681132], [12.5557909, 55.6681072], [12.555779, 55.6681013], [12.5557672, 55.6680953], [12.5557553, 55.6680893], [12.5557435, 55.6680833], [12.5557317, 55.6680773], [12.5557199, 55.6680713], [12.5557081, 55.6680653], [12.5556964, 55.6680592], [12.5556846, 55.6680532], [12.5556729, 55.6680471], [12.5556612, 55.668041], [12.5556495, 55.6680349], [12.5556378, 55.6680288], [12.5556262, 55.6680227], [12.5556146, 55.6680166], [12.5556029, 55.6680105], [12.5555913, 55.6680043], [12.5555798, 55.6679982], [12.5555682, 55.667992], [12.5555567, 55.6679859], [12.5555451, 55.6679797], [12.5555336, 55.6679735], [12.5555221, 55.6679673], [12.5555196, 55.6679659], [12.5555107, 55.6679611], [12.5554992, 55.6679548], [12.5554878, 55.6679486], [12.5554764, 55.6679423], [12.555465, 55.6679361], [12.5554536, 55.6679298], [12.5554423, 55.6679235], [12.5554309, 55.6679172], [12.5554196, 55.6679109], [12.5554083, 55.6679046], [12.5553971, 55.6678982], [12.5553858, 55.6678919], [12.5553746, 55.6678855], [12.5553634, 55.6678792], [12.5553522, 55.6678728], [12.5553411, 55.6678664], [12.55533, 55.66786], [12.5553189, 55.6678535], [12.5553078, 55.6678471], [12.5552968, 55.6678406], [12.5552857, 55.6678342], [12.5552747, 55.6678277], [12.5552638, 55.6678212], [12.5552528, 55.6678147], [12.5552419, 55.6678081], [12.555231, 55.6678016], [12.5552202, 55.667795], [12.5552094, 55.6677884], [12.5551986, 55.6677819], [12.5551878, 55.6677752], [12.5551771, 55.6677686], [12.5551664, 55.667762], [12.5551557, 55.6677553], [12.5551451, 55.6677486], [12.5551345, 55.667742], [12.5551239, 55.6677353], [12.5551134, 55.6677285], [12.5551029, 55.6677218], [12.5550924, 55.667715], [12.555082, 55.6677083], [12.5550716, 55.6677015], [12.5550612, 55.6676947], [12.5550509, 55.6676878], [12.5550406, 55.667681], [12.5550303, 55.6676741], [12.5550201, 55.6676672], [12.5550099, 55.6676603], [12.5549998, 55.6676534], [12.5549897, 55.6676465], [12.5549796, 55.6676395], [12.5549696, 55.6676326], [12.5549596, 55.6676256], [12.5549497, 55.6676186], [12.5549398, 55.6676115], [12.55493, 55.6676045], [12.5549202, 55.6675974], [12.5549104, 55.6675903], [12.5549007, 55.6675832], [12.554891, 55.6675761], [12.5548814, 55.667569], [12.5548718, 55.6675618], [12.5548622, 55.6675546], [12.5548527, 55.6675474], [12.5548433, 55.6675402], [12.5548339, 55.6675329], [12.5548246, 55.6675257], [12.5548153, 55.6675184], [12.554806, 55.6675111], [12.5547968, 55.6675038], [12.5547876, 55.6674964], [12.5547785, 55.6674891], [12.5547695, 55.6674817], [12.5547605, 55.6674743], [12.5547516, 55.6674669], [12.5547427, 55.6674594], [12.5547338, 55.6674519], [12.5547251, 55.6674445], [12.5547163, 55.667437], [12.5547077, 55.6674294], [12.554699, 55.6674219], [12.5546905, 55.6674143], [12.554682, 55.6674067], [12.5546735, 55.6673991], [12.5546652, 55.6673915], [12.5546568, 55.6673838], [12.5546486, 55.6673762], [12.5546404, 55.6673685], [12.5546322, 55.6673608], [12.5546241, 55.667353], [12.5546161, 55.6673453], [12.5546082, 55.6673375], [12.5546004, 55.6673298], [12.5546003, 55.6673297], [12.5545924, 55.6673219], [12.5545847, 55.667314], [12.554577, 55.6673062], [12.5545693, 55.6672983], [12.5545618, 55.6672904], [12.5545543, 55.6672825], [12.5545468, 55.6672746], [12.5545394, 55.6672666], [12.5545321, 55.6672586], [12.5545249, 55.6672506], [12.5545177, 55.6672426], [12.5545106, 55.6672346], [12.5545035, 55.6672265], [12.5544966, 55.6672185], [12.5544896, 55.6672104], [12.5544828, 55.6672023], [12.554476, 55.6671942], [12.5544693, 55.667186], [12.5544627, 55.6671779], [12.5544561, 55.6671697], [12.5544496, 55.6671615], [12.5544431, 55.6671533], [12.5544367, 55.6671451], [12.5544304, 55.6671368], [12.5544242, 55.6671286], [12.554418, 55.6671203], [12.5544119, 55.667112], [12.5544058, 55.6671037], [12.5543999, 55.6670954], [12.554394, 55.667087], [12.5543881, 55.6670787], [12.5543824, 55.6670703], [12.5543767, 55.6670619], [12.554371, 55.6670535], [12.5543655, 55.6670451], [12.55436, 55.6670367], [12.5543546, 55.6670282], [12.5543492, 55.6670198], [12.5543439, 55.6670113], [12.5543387, 55.6670028], [12.5543336, 55.6669943], [12.5543285, 55.6669858], [12.5543235, 55.6669773], [12.5543185, 55.6669687], [12.5543137, 55.6669602], [12.5543089, 55.6669516], [12.5543042, 55.6669431], [12.5542995, 55.6669345], [12.5542949, 55.6669259], [12.5542904, 55.6669172], [12.554286, 55.6669086], [12.5542816, 55.6669], [12.5542773, 55.6668913], [12.5542731, 55.6668827], [12.5542689, 55.666874], [12.5542648, 55.6668653], [12.5542608, 55.6668566], [12.5542569, 55.6668479], [12.554253, 55.6668392], [12.5542492, 55.6668305], [12.5542455, 55.6668218], [12.5542418, 55.666813], [12.5542382, 55.6668043], [12.5542347, 55.6667955], [12.5542313, 55.6667868], [12.5542279, 55.666778], [12.5542246, 55.6667692], [12.5542214, 55.6667604], [12.5542182, 55.6667516], [12.5542151, 55.6667428], [12.5542121, 55.666734], [12.5542092, 55.6667251], [12.5542063, 55.6667163], [12.5542035, 55.6667075], [12.5542008, 55.6666986], [12.5541981, 55.6666898], [12.5541956, 55.6666809], [12.5541931, 55.666672], [12.5541906, 55.6666632], [12.5541883, 55.6666543], [12.554186, 55.6666454], [12.5541838, 55.6666365], [12.5541817, 55.6666276], [12.5541796, 55.6666187], [12.5541776, 55.6666098], [12.5541757, 55.6666009], [12.5541738, 55.6665919], [12.5541721, 55.666583], [12.5541704, 55.6665741], [12.5541687, 55.6665651], [12.5541672, 55.6665562], [12.5541657, 55.6665473], [12.5541643, 55.6665383], [12.554163, 55.6665294], [12.5541617, 55.6665204], [12.5541605, 55.6665115], [12.5541594, 55.6665025], [12.5541584, 55.6664935], [12.5541574, 55.6664846], [12.5541565, 55.6664756], [12.5541557, 55.6664666], [12.554155, 55.6664577], [12.5541543, 55.6664487], [12.5541537, 55.6664397], [12.5541532, 55.6664307], [12.5541527, 55.6664218], [12.5541523, 55.6664128], [12.554152, 55.6664038], [12.5541518, 55.6663948], [12.5541517, 55.6663858], [12.5541516, 55.6663768], [12.5541516, 55.6663679], [12.5541516, 55.6663589], [12.5541518, 55.6663499], [12.554152, 55.6663409], [12.5541523, 55.6663319], [12.5541526, 55.666323], [12.5541531, 55.666314], [12.5541536, 55.666305], [12.5541542, 55.666296], [12.5541548, 55.6662871], [12.5541556, 55.6662781], [12.5541564, 55.6662691], [12.5541572, 55.6662601], [12.5541582, 55.6662512], [12.5541592, 55.6662422], [12.5541603, 55.6662333], [12.5541615, 55.6662243], [12.5541627, 55.6662153], [12.554164, 55.6662064], [12.5541654, 55.6661974], [12.5541669, 55.6661885], [12.5541684, 55.6661796], [12.55417, 55.6661706], [12.5541717, 55.6661617], [12.5541735, 55.6661528], [12.5541753, 55.6661438], [12.5541772, 55.6661349], [12.5541792, 55.666126], [12.5541812, 55.6661171], [12.5541834, 55.6661082], [12.5541856, 55.6660993], [12.5541878, 55.6660904], [12.5541902, 55.6660815], [12.5541926, 55.6660727], [12.5541951, 55.6660638], [12.5541976, 55.6660549], [12.5542003, 55.6660461], [12.554203, 55.6660372], [12.5542058, 55.6660284], [12.5542086, 55.6660195], [12.5542115, 55.6660107], [12.5542145, 55.6660019], [12.5542176, 55.6659931], [12.5542207, 55.6659843], [12.5542239, 55.6659755], [12.5542272, 55.6659667], [12.5542306, 55.6659579], [12.554234, 55.6659491], [12.5542375, 55.6659404], [12.5542411, 55.6659316], [12.5542447, 55.6659229], [12.5542485, 55.6659142], [12.5542522, 55.6659054], [12.5542561, 55.6658967], [12.55426, 55.665888], [12.554264, 55.6658793], [12.5542681, 55.6658706], [12.5542723, 55.665862], [12.5542765, 55.6658533], [12.5542808, 55.6658447], [12.5542851, 55.665836], [12.5542895, 55.6658274], [12.554294, 55.6658188], [12.5542986, 55.6658102], [12.5543032, 55.6658016], [12.554308, 55.665793], [12.5543127, 55.6657844], [12.5543176, 55.6657759], [12.5543225, 55.6657674], [12.5543275, 55.6657588], [12.5543326, 55.6657503], [12.5543377, 55.6657418], [12.5543429, 55.6657333], [12.5543482, 55.6657248], [12.5543535, 55.6657164], [12.5543589, 55.6657079], [12.5543644, 55.6656995], [12.5543699, 55.6656911], [12.5543756, 55.6656827], [12.5543812, 55.6656743], [12.554387, 55.6656659], [12.5543928, 55.6656576], [12.5543987, 55.6656492], [12.5544047, 55.6656409], [12.5544107, 55.6656326], [12.5544168, 55.6656243], [12.554423, 55.665616], [12.5544292, 55.6656078], [12.5544355, 55.6655995], [12.5544418, 55.6655913], [12.5544483, 55.6655831], [12.5544548, 55.6655749], [12.5544614, 55.6655667], [12.554468, 55.6655585], [12.5544747, 55.6655504], [12.5544815, 55.6655423], [12.5544883, 55.6655342], [12.5544952, 55.6655261], [12.5545022, 55.665518], [12.5545092, 55.6655099], [12.5545163, 55.6655019], [12.5545235, 55.6654939], [12.5545307, 55.6654859], [12.554538, 55.6654779], [12.5545454, 55.66547], [12.5545528, 55.665462], [12.5545603, 55.6654541], [12.5545643, 55.6654499], [12.5545678, 55.6654462], [12.5545755, 55.6654383], [12.5545832, 55.6654305], [12.5545909, 55.6654226], [12.5545987, 55.6654148], [12.5546066, 55.665407], [12.5546145, 55.6653992], [12.5546225, 55.6653914], [12.5546305, 55.6653837], [12.5546386, 55.665376], [12.5546468, 55.6653683], [12.554655, 55.6653606], [12.5546633, 55.6653529], [12.5546716, 55.6653453], [12.55468, 55.6653376], [12.5546884, 55.66533], [12.5546969, 55.6653224], [12.5547054, 55.6653148], [12.554714, 55.6653073], [12.5547226, 55.6652997], [12.5547313, 55.6652922], [12.55474, 55.6652847], [12.5547488, 55.6652772], [12.5547576, 55.6652697], [12.5547664, 55.6652623], [12.5547753, 55.6652548], [12.5547842, 55.6652474], [12.5547932, 55.66524], [12.5548022, 55.6652326], [12.5548113, 55.6652252], [12.5548204, 55.6652178], [12.5548295, 55.6652105], [12.5548387, 55.6652031], [12.5548479, 55.6651958], [12.5548571, 55.6651885], [12.5548664, 55.6651812], [12.5548757, 55.6651739], [12.554885, 55.6651667], [12.5548944, 55.6651594], [12.5549038, 55.6651522], [12.5549132, 55.6651449], [12.5549227, 55.6651377], [12.5549322, 55.6651305], [12.5549417, 55.6651233], [12.5549513, 55.6651162], [12.5549608, 55.665109], [12.5549704, 55.6651018], [12.5549801, 55.6650947], [12.5549897, 55.6650875], [12.5549994, 55.6650804], [12.5550091, 55.6650733], [12.5550188, 55.6650662], [12.5550285, 55.6650591], [12.5550383, 55.665052], [12.5550481, 55.6650449], [12.5550579, 55.6650379], [12.5550677, 55.6650308], [12.5550775, 55.6650238], [12.5550874, 55.6650167], [12.5550973, 55.6650097], [12.5551072, 55.6650026], [12.5551171, 55.6649956], [12.555127, 55.6649886], [12.5551369, 55.6649816], [12.5551468, 55.6649746], [12.5551568, 55.6649676], [12.5551668, 55.6649606], [12.5551767, 55.6649536], [12.5551867, 55.6649466], [12.5551967, 55.6649396], [12.5552067, 55.6649326], [12.5552167, 55.6649256], [12.5552267, 55.6649187], [12.5552367, 55.6649117], [12.5552468, 55.6649047], [12.5552568, 55.6648978], [12.5552668, 55.6648908], [12.5552769, 55.6648838], [12.5552869, 55.6648769], [12.555297, 55.6648699], [12.555307, 55.664863], [12.5553159, 55.6648568], [12.5553171, 55.664856], [12.5553271, 55.664849], [12.5553372, 55.6648421], [12.5553472, 55.6648351], [12.5553572, 55.6648282], [12.5553673, 55.6648212], [12.5553773, 55.6648142], [12.5553873, 55.6648073], [12.5553974, 55.6648003], [12.5554074, 55.6647933], [12.5554174, 55.6647864], [12.5554274, 55.6647794], [12.5554374, 55.6647724], [12.5554474, 55.6647654], [12.5554574, 55.6647584], [12.5554674, 55.6647514], [12.5554773, 55.6647444], [12.5554873, 55.6647374], [12.5554972, 55.6647304], [12.5555071, 55.6647234], [12.555517, 55.6647164], [12.5555269, 55.6647094], [12.5555368, 55.6647023], [12.5555467, 55.6646953], [12.5555565, 55.6646882], [12.5555664, 55.6646812], [12.5555762, 55.6646741], [12.555586, 55.664667], [12.5555957, 55.66466], [12.5556055, 55.6646529], [12.5556152, 55.6646458], [12.555625, 55.6646387], [12.5556346, 55.6646316], [12.5556443, 55.6646244], [12.555654, 55.6646173], [12.5556636, 55.6646101], [12.5556732, 55.664603], [12.5556827, 55.6645958], [12.5556923, 55.6645886], [12.5557018, 55.6645814], [12.5557113, 55.6645742], [12.5557207, 55.664567], [12.5557263, 55.6645627], [12.5557302, 55.6645598], [12.5557396, 55.6645525], [12.5557489, 55.6645453], [12.5557583, 55.664538], [12.5557676, 55.6645307], [12.5557768, 55.6645234], [12.5557861, 55.6645161], [12.5557953, 55.6645088], [12.5558045, 55.6645015], [12.5558136, 55.6644941], [12.5558227, 55.6644868], [12.5558318, 55.6644794], [12.5558409, 55.664472], [12.5558499, 55.6644646], [12.5558589, 55.6644572], [12.5558679, 55.6644498], [12.5558768, 55.6644424], [12.5558857, 55.664435], [12.5558946, 55.6644275], [12.5559034, 55.66442], [12.5559122, 55.6644126], [12.555921, 55.6644051], [12.5559298, 55.6643976], [12.5559385, 55.6643901], [12.5559472, 55.6643825], [12.5559558, 55.664375], [12.5559644, 55.6643675], [12.555973, 55.6643599], [12.5559816, 55.6643523], [12.5559901, 55.6643448], [12.5559986, 55.6643372], [12.556007, 55.6643296], [12.5560155, 55.6643219], [12.5560239, 55.6643143], [12.5560322, 55.6643067], [12.5560405, 55.664299], [12.5560488, 55.6642914], [12.5560571, 55.6642837], [12.5560653, 55.664276], [12.5560735, 55.6642683], [12.5560817, 55.6642606], [12.5560899, 55.6642529], [12.556098, 55.6642452], [12.556106, 55.6642374], [12.5561141, 55.6642297], [12.5561221, 55.6642219], [12.5561301, 55.6642142], [12.556138, 55.6642064], [12.5561459, 55.6641986], [12.5561538, 55.6641908], [12.5561616, 55.664183], [12.5561694, 55.6641752], [12.5561772, 55.6641673], [12.5561849, 55.6641595], [12.5561927, 55.6641516], [12.5562003, 55.6641438], [12.556208, 55.6641359], [12.5562156, 55.664128], [12.5562232, 55.6641201], [12.5562279, 55.6641151], [12.5562307, 55.6641122], [12.5562382, 55.6641043], [12.5562457, 55.6640964], [12.5562532, 55.6640884], [12.5562606, 55.6640805], [12.556268, 55.6640725], [12.5562753, 55.6640646], [12.5562826, 55.6640566], [12.5562899, 55.6640486], [12.5562972, 55.6640406], [12.5563044, 55.6640326], [12.5563116, 55.6640246], [12.5563188, 55.6640166], [12.5563259, 55.6640086], [12.556333, 55.6640006], [12.5563401, 55.6639925], [12.5563472, 55.6639845], [12.5563542, 55.6639764], [12.5563612, 55.6639684], [12.5563681, 55.6639603], [12.5563751, 55.6639522], [12.556382, 55.6639441], [12.5563889, 55.663936], [12.5563958, 55.6639279], [12.5564026, 55.6639198], [12.5564094, 55.6639117], [12.5564162, 55.6639036], [12.556423, 55.6638955], [12.5564297, 55.6638873], [12.5564364, 55.6638792], [12.5564431, 55.663871], [12.5564498, 55.6638629], [12.5564564, 55.6638547], [12.556463, 55.6638466], [12.5564696, 55.6638384], [12.5564762, 55.6638302], [12.5564828, 55.663822], [12.5564893, 55.6638138], [12.5564958, 55.6638056], [12.5565023, 55.6637974], [12.5565088, 55.6637892], [12.5565152, 55.663781], [12.5565217, 55.6637728], [12.5565281, 55.6637646], [12.5565345, 55.6637564], [12.5565409, 55.6637482], [12.5565472, 55.6637399], [12.5565536, 55.6637317], [12.5565599, 55.6637235], [12.5565662, 55.6637152], [12.5565725, 55.663707], [12.5565788, 55.6636987], [12.556585, 55.6636905], [12.5565913, 55.6636822], [12.5565975, 55.6636739], [12.5566037, 55.6636657], [12.5566099, 55.6636574], [12.5566161, 55.6636491], [12.5566223, 55.6636408], [12.5566284, 55.6636326], [12.5566346, 55.6636243], [12.5566407, 55.663616], [12.5566468, 55.6636077], [12.5566529, 55.6635994], [12.556659, 55.6635911], [12.5566651, 55.6635828], [12.5566712, 55.6635745], [12.5566772, 55.6635662], [12.5566833, 55.6635579], [12.5566893, 55.6635496], [12.5566954, 55.6635413], [12.5567014, 55.663533], [12.5567074, 55.6635247], [12.5567134, 55.6635164], [12.5567194, 55.663508], [12.5567254, 55.6634997], [12.5567314, 55.6634914], [12.5567374, 55.6634831], [12.5567433, 55.6634748], [12.5567493, 55.6634664], [12.5567553, 55.6634581], [12.5567612, 55.6634498], [12.5567672, 55.6634414], [12.5567731, 55.6634331], [12.556779, 55.6634248], [12.556785, 55.6634165], [12.5567909, 55.6634081], [12.5567968, 55.6633998], [12.5568028, 55.6633915], [12.5568087, 55.6633831], [12.5568146, 55.6633748], [12.5568205, 55.6633665], [12.5568265, 55.6633581], [12.5568324, 55.6633498], [12.5568383, 55.6633414], [12.5568417, 55.6633366], [12.5568442, 55.6633331], [12.5568501, 55.6633248], [12.556856, 55.6633164], [12.556862, 55.6633081], [12.5568679, 55.6632998], [12.5568692, 55.6632979], [12.5568738, 55.6632914], [12.5568797, 55.6632831], [12.5568855, 55.6632747], [12.5568914, 55.6632664], [12.5568972, 55.663258], [12.556903, 55.6632497], [12.5569087, 55.6632413], [12.5569145, 55.6632329], [12.5569202, 55.6632245], [12.5569259, 55.6632161], [12.5569315, 55.6632078], [12.5569372, 55.6631994], [12.5569428, 55.663191], [12.5569484, 55.6631825], [12.556954, 55.6631741], [12.5569595, 55.6631657], [12.556965, 55.6631573], [12.5569705, 55.6631489], [12.556976, 55.6631404], [12.5569814, 55.663132], [12.5569868, 55.6631236], [12.5569922, 55.6631151], [12.5569976, 55.6631066], [12.5570029, 55.6630982], [12.5570082, 55.6630897], [12.5570135, 55.6630813], [12.5570188, 55.6630728], [12.557024, 55.6630643], [12.5570293, 55.6630558], [12.5570345, 55.6630473], [12.5570396, 55.6630388], [12.5570448, 55.6630303], [12.5570499, 55.6630218], [12.557055, 55.6630133], [12.55706, 55.6630048], [12.5570651, 55.6629963], [12.5570701, 55.6629878], [12.5570751, 55.6629792], [12.5570801, 55.6629707], [12.557085, 55.6629622], [12.5570899, 55.6629536], [12.5570948, 55.6629451], [12.5570997, 55.6629365], [12.5571045, 55.662928], [12.557106, 55.6629254], [12.5571093, 55.6629194], [12.5571141, 55.6629109], [12.5571189, 55.6629023], [12.5571236, 55.6628937], [12.5571283, 55.6628851], [12.5571329, 55.6628765], [12.5571375, 55.6628679], [12.5571421, 55.6628593], [12.5571466, 55.6628507], [12.5571511, 55.6628421], [12.5571555, 55.6628335], [12.5571599, 55.6628248], [12.5571642, 55.6628162], [12.5571684, 55.6628075], [12.5571726, 55.6627989], [12.5571767, 55.6627902], [12.5571807, 55.6627815], [12.5571847, 55.6627728], [12.5571885, 55.6627641], [12.5571902, 55.6627604], [12.5571923, 55.6627554], [12.5571961, 55.6627467], [12.5571997, 55.6627379], [12.5572033, 55.6627292], [12.5572067, 55.6627204], [12.5572101, 55.6627116], [12.5572134, 55.6627028], [12.5572167, 55.662694], [12.5572198, 55.6626852], [12.5572229, 55.6626764], [12.5572259, 55.6626676], [12.5572288, 55.6626588], [12.5572316, 55.6626499], [12.5572343, 55.6626411], [12.557237, 55.6626322], [12.5572396, 55.6626234], [12.557242, 55.6626145], [12.5572444, 55.6626056], [12.5572468, 55.6625967], [12.557249, 55.6625878], [12.5572512, 55.6625789], [12.5572533, 55.66257], [12.5572552, 55.6625611], [12.5572572, 55.6625522], [12.557259, 55.6625433], [12.5572607, 55.6625344], [12.5572624, 55.6625254], [12.557264, 55.6625165], [12.5572655, 55.6625075], [12.5572669, 55.6624986], [12.5572682, 55.6624896], [12.5572694, 55.6624807], [12.5572706, 55.6624717], [12.5572717, 55.6624628], [12.5572727, 55.6624538], [12.5572736, 55.6624448], [12.5572744, 55.6624359], [12.5572752, 55.6624269], [12.5572758, 55.6624179], [12.5572764, 55.6624089], [12.5572769, 55.6624], [12.5572773, 55.662391], [12.5572776, 55.662382], [12.5572779, 55.662373], [12.557278, 55.6623641], [12.5572781, 55.6623551], [12.5572781, 55.6623461], [12.557278, 55.6623371], [12.5572778, 55.6623281], [12.5572776, 55.6623191], [12.5572772, 55.6623102], [12.5572768, 55.6623012], [12.5572763, 55.6622922], [12.5572757, 55.6622832], [12.557275, 55.6622743], [12.5572743, 55.6622653], [12.5572734, 55.6622563], [12.5572725, 55.6622474], [12.5572715, 55.6622384], [12.5572704, 55.6622294], [12.5572692, 55.6622205], [12.5572679, 55.6622115], [12.5572666, 55.6622026], [12.5572652, 55.6621936], [12.5572637, 55.6621847], [12.5572621, 55.6621757], [12.5572604, 55.6621668], [12.5572586, 55.6621579], [12.5572568, 55.662149], [12.5572548, 55.66214], [12.5572528, 55.6621311], [12.5572507, 55.6621222], [12.5572486, 55.6621133], [12.5572463, 55.6621044], [12.557244, 55.6620956], [12.5572415, 55.6620867], [12.557239, 55.6620778], [12.5572364, 55.662069], [12.5572338, 55.6620601], [12.557231, 55.6620513], [12.5572282, 55.6620424], [12.5572253, 55.6620336], [12.5572223, 55.6620248], [12.5572192, 55.662016], [12.557216, 55.6620072], [12.5572128, 55.6619984], [12.5572094, 55.6619896], [12.557206, 55.6619808], [12.5572025, 55.661972], [12.557199, 55.6619633], [12.5571953, 55.6619546], [12.5571916, 55.6619458], [12.5571878, 55.6619371], [12.5571839, 55.6619284], [12.5571799, 55.6619197], [12.5571758, 55.661911], [12.5571717, 55.6619023], [12.5571675, 55.6618937], [12.5571632, 55.661885], [12.5571588, 55.6618764], [12.5571543, 55.6618678], [12.5571498, 55.6618592], [12.5571451, 55.6618506], [12.5571404, 55.661842], [12.5571357, 55.6618334], [12.5571308, 55.6618249], [12.5571258, 55.6618164], [12.5571208, 55.6618078], [12.5571157, 55.6617993], [12.5571105, 55.6617908], [12.5571053, 55.6617824], [12.5571029, 55.6617786], [12.5570999, 55.6617739], [12.5570945, 55.6617655], [12.557089, 55.661757], [12.5570835, 55.6617486], [12.5570779, 55.6617402], [12.5570722, 55.6617318], [12.5570664, 55.6617235], [12.5570606, 55.6617151], [12.5570547, 55.6617068], [12.5570488, 55.6616984], [12.5570428, 55.6616901], [12.5570368, 55.6616818], [12.5570307, 55.6616735], [12.5570246, 55.6616652], [12.5570184, 55.6616569], [12.5570123, 55.6616486], [12.557006, 55.6616404], [12.5569998, 55.6616321], [12.5569935, 55.6616239], [12.5569872, 55.6616156], [12.5569808, 55.6616074], [12.5569745, 55.6615992], [12.5569681, 55.6615909], [12.5569617, 55.6615827], [12.5569553, 55.6615745], [12.5569489, 55.6615663], [12.5569425, 55.6615581], [12.5569361, 55.6615498], [12.5569339, 55.661547], [12.5569297, 55.6615416], [12.5569233, 55.6615334], [12.5569169, 55.6615252], [12.5569104, 55.661517], [12.556904, 55.6615088], [12.5568976, 55.6615005], [12.5568912, 55.6614923], [12.5568868, 55.6614867], [12.5568848, 55.6614841], [12.5568784, 55.6614759], [12.5568719, 55.6614677], [12.5568655, 55.6614595], [12.5568591, 55.6614512], [12.5568526, 55.661443], [12.5568461, 55.6614348], [12.5568396, 55.6614266], [12.5568331, 55.6614184], [12.5568266, 55.6614103], [12.55682, 55.6614021], [12.5568134, 55.6613939], [12.5568068, 55.6613858], [12.5568001, 55.6613776], [12.5567934, 55.6613695], [12.5567866, 55.6613613], [12.5567798, 55.6613532], [12.5567729, 55.6613451], [12.556766, 55.661337], [12.556759, 55.661329], [12.556752, 55.6613209], [12.5567449, 55.6613129], [12.5567377, 55.6613049], [12.5567305, 55.6612969], [12.5567231, 55.6612889], [12.5567157, 55.661281], [12.5567083, 55.661273], [12.5567007, 55.6612651], [12.5566931, 55.6612572], [12.5566854, 55.6612494], [12.5566787, 55.6612427], [12.5566776, 55.6612416], [12.5566697, 55.6612338], [12.5566617, 55.661226], [12.5566536, 55.6612183], [12.5566454, 55.6612106], [12.5566371, 55.6612029], [12.5566288, 55.6611953], [12.5566203, 55.6611877], [12.5566118, 55.6611801], [12.5566032, 55.6611726], [12.5565944, 55.661165], [12.5565856, 55.6611576], [12.5565767, 55.6611501], [12.5565678, 55.6611427], [12.5565587, 55.6611353], [12.5565496, 55.661128], [12.5565403, 55.6611207], [12.556531, 55.6611134], [12.5565216, 55.6611062], [12.5565121, 55.661099], [12.5565025, 55.6610918], [12.5564928, 55.6610847], [12.5564831, 55.6610776], [12.5564732, 55.6610705], [12.5564633, 55.6610635], [12.5564533, 55.6610565], [12.5564433, 55.6610496], [12.5564331, 55.6610427], [12.5564229, 55.6610358], [12.5564125, 55.661029], [12.5564021, 55.6610222], [12.5563916, 55.6610155], [12.5563811, 55.6610087], [12.5563704, 55.6610021], [12.5563597, 55.6609955], [12.5563489, 55.6609889], [12.556338, 55.6609823], [12.5563271, 55.6609758], [12.5563161, 55.6609693], [12.556305, 55.6609629], [12.5562938, 55.6609565], [12.5562825, 55.6609502], [12.5562712, 55.6609439], [12.5562598, 55.6609376], [12.5562483, 55.6609314], [12.5562368, 55.6609253], [12.5562251, 55.6609191], [12.5562134, 55.6609131], [12.5562017, 55.660907], [12.5561898, 55.660901], [12.5561779, 55.6608951], [12.5561659, 55.6608892], [12.5561539, 55.6608833], [12.5561418, 55.6608775], [12.5561296, 55.6608718], [12.5561173, 55.660866], [12.556105, 55.6608604], [12.5560926, 55.6608547], [12.5560802, 55.6608492], [12.5560677, 55.6608436], [12.5560551, 55.6608381], [12.5560425, 55.6608327], [12.5560298, 55.6608273], [12.556017, 55.6608219], [12.5560042, 55.6608166], [12.5559914, 55.6608113], [12.5559785, 55.6608061], [12.5559656, 55.6608008], [12.5559526, 55.6607956], [12.5559396, 55.6607905], [12.5559265, 55.6607854], [12.5559135, 55.6607803], [12.5559003, 55.6607752], [12.5558872, 55.6607702], [12.555874, 55.6607651], [12.5558608, 55.6607601], [12.5558476, 55.6607552], [12.5558343, 55.6607502], [12.5558211, 55.6607453], [12.5558078, 55.6607403], [12.5557945, 55.6607354], [12.5557812, 55.6607305], [12.5557678, 55.6607256], [12.5557545, 55.6607208], [12.5557411, 55.6607159], [12.5557278, 55.660711], [12.5557144, 55.6607062], [12.5557011, 55.6607013], [12.5556915, 55.6606979], [12.5556877, 55.6606965], [12.5556743, 55.6606916], [12.555661, 55.6606867], [12.5556476, 55.6606819], [12.5556342, 55.660677], [12.5556209, 55.6606722], [12.5556075, 55.6606673], [12.5555941, 55.6606625], [12.5555808, 55.6606576], [12.5555674, 55.6606528], [12.555554, 55.6606479], [12.5555407, 55.660643], [12.5555273, 55.6606382], [12.5555139, 55.6606333], [12.5555006, 55.6606285], [12.5554872, 55.6606236], [12.5554738, 55.6606188], [12.5554605, 55.6606139], [12.5554471, 55.6606091], [12.5554337, 55.6606042], [12.5554204, 55.6605993], [12.555407, 55.6605945], [12.5553936, 55.6605896], [12.5553803, 55.6605848], [12.5553669, 55.6605799], [12.5553535, 55.6605751], [12.5553402, 55.6605702], [12.5553268, 55.6605654], [12.5553134, 55.6605605], [12.5553001, 55.6605556], [12.5552867, 55.6605508], [12.5552733, 55.6605459], [12.55526, 55.6605411], [12.5552466, 55.6605362], [12.5552332, 55.6605314], [12.5552199, 55.6605265], [12.5552065, 55.6605217], [12.5551931, 55.6605168], [12.5551798, 55.6605119], [12.5551664, 55.6605071], [12.555153, 55.6605022], [12.5551397, 55.6604974], [12.5551263, 55.6604925], [12.5551129, 55.6604877], [12.5550996, 55.6604828], [12.5550862, 55.660478], [12.5550728, 55.6604731], [12.5550595, 55.6604682], [12.5550461, 55.6604634], [12.5550327, 55.6604585], [12.5550194, 55.6604537], [12.555006, 55.6604488], [12.5549926, 55.660444], [12.5549793, 55.6604391], [12.5549659, 55.6604342], [12.5549525, 55.6604294], [12.5549392, 55.6604245], [12.5549258, 55.6604197], [12.5549124, 55.6604148], [12.5548991, 55.66041], [12.5548857, 55.6604051], [12.5548723, 55.6604003], [12.554859, 55.6603954], [12.5548456, 55.6603905], [12.5548322, 55.6603857], [12.5548189, 55.6603808], [12.5548055, 55.660376], [12.5547921, 55.6603711], [12.5547788, 55.6603663], [12.5547654, 55.6603614], [12.554752, 55.6603566], [12.5547387, 55.6603517], [12.5547253, 55.6603468], [12.5547119, 55.660342], [12.5546986, 55.6603371], [12.5546852, 55.6603323], [12.5546718, 55.6603274], [12.5546585, 55.6603226], [12.5546451, 55.6603177], [12.5546317, 55.6603129], [12.5546184, 55.660308], [12.554605, 55.6603031], [12.5545916, 55.6602983], [12.5545783, 55.6602934], [12.5545649, 55.6602886], [12.5545515, 55.6602837], [12.5545382, 55.6602789], [12.5545248, 55.660274], [12.5545114, 55.6602692], [12.5544981, 55.6602643], [12.5544847, 55.6602594], [12.5544714, 55.6602546], [12.554458, 55.6602497], [12.5544446, 55.6602449], [12.5544313, 55.66024], [12.5544179, 55.6602352], [12.5544045, 55.6602303], [12.5543912, 55.6602254], [12.5543778, 55.6602206], [12.5543644, 55.6602157], [12.5543511, 55.6602109], [12.5543377, 55.660206], [12.5543243, 55.6602012], [12.554311, 55.6601963], [12.5542976, 55.6601915], [12.5542842, 55.6601866], [12.5542709, 55.6601817], [12.5542575, 55.6601769], [12.5542441, 55.660172], [12.5542308, 55.6601672], [12.5542174, 55.6601623], [12.554204, 55.6601575], [12.5541907, 55.6601526], [12.5541773, 55.6601478], [12.5541639, 55.6601429], [12.5541506, 55.660138], [12.5541372, 55.6601332], [12.5541238, 55.6601283], [12.5541105, 55.6601235], [12.5540971, 55.6601186], [12.5540837, 55.6601138], [12.5540704, 55.6601089], [12.554057, 55.6601041], [12.5540436, 55.6600992], [12.5540303, 55.6600943], [12.5540169, 55.6600895], [12.5540035, 55.6600846], [12.5539902, 55.6600798], [12.5539768, 55.6600749], [12.5539634, 55.6600701], [12.5539501, 55.6600652], [12.5539367, 55.6600603], [12.5539233, 55.6600555], [12.55391, 55.6600506], [12.5538966, 55.6600458], [12.5538832, 55.6600409], [12.5538699, 55.6600361], [12.5538565, 55.6600312], [12.5538431, 55.6600264], [12.5538298, 55.6600215], [12.553819, 55.6600176], [12.5538164, 55.6600166], [12.553803, 55.6600118], [12.5537897, 55.6600069], [12.5537763, 55.6600021], [12.5537629, 55.6599972], [12.5537495, 55.6599924], [12.5537362, 55.6599876], [12.5537228, 55.6599827], [12.5537094, 55.6599779], [12.5536959, 55.6599731], [12.5536825, 55.6599683], [12.5536691, 55.6599635], [12.5536556, 55.6599587], [12.5536422, 55.6599539], [12.5536287, 55.6599492], [12.5536152, 55.6599444], [12.5536017, 55.6599397], [12.5535881, 55.659935], [12.5535746, 55.6599303], [12.553561, 55.6599257], [12.5535474, 55.659921], [12.5535338, 55.6599164], [12.5535201, 55.6599118], [12.5535091, 55.6599081], [12.5535064, 55.6599073], [12.5534927, 55.6599027], [12.553479, 55.6598982], [12.5534653, 55.6598937], [12.5534515, 55.6598892], [12.5534377, 55.6598848], [12.5534238, 55.6598804], [12.5534161, 55.6598779], [12.55341, 55.659876], [12.5533961, 55.6598716], [12.5533822, 55.6598673], [12.5533682, 55.659863], [12.5533543, 55.6598587], [12.5533403, 55.6598544], [12.5533263, 55.6598501], [12.5533123, 55.6598459], [12.5532983, 55.6598417], [12.5532842, 55.6598375], [12.5532701, 55.6598333], [12.5532561, 55.6598292], [12.553242, 55.659825], [12.5532279, 55.6598209], [12.5532138, 55.6598167], [12.5531997, 55.6598126], [12.5531855, 55.6598085], [12.5531714, 55.6598044], [12.5531573, 55.6598003], [12.5531431, 55.6597962], [12.553129, 55.6597921], [12.5531148, 55.659788], [12.5531007, 55.6597839], [12.5530928, 55.6597816], [12.5530865, 55.6597798], [12.5530724, 55.6597758], [12.5530582, 55.6597717], [12.5530441, 55.6597676], [12.5530299, 55.6597635], [12.5530158, 55.6597594], [12.5530016, 55.6597553], [12.5529875, 55.6597513], [12.5529733, 55.6597472], [12.5529592, 55.6597431], [12.552945, 55.659739], [12.5529309, 55.6597349], [12.5529167, 55.6597308], [12.5529026, 55.6597268], [12.5528884, 55.6597227], [12.5528743, 55.6597186], [12.5528601, 55.6597145], [12.552846, 55.6597104], [12.5528318, 55.6597063], [12.5528177, 55.6597023], [12.5528035, 55.6596982], [12.5527894, 55.6596941], [12.5527752, 55.65969], [12.5527611, 55.6596859], [12.5527469, 55.6596818], [12.5527328, 55.6596777], [12.5527186, 55.6596737], [12.5527045, 55.6596696], [12.5526903, 55.6596655], [12.5526762, 55.6596614], [12.552662, 55.6596573], [12.5526479, 55.6596532], [12.5526337, 55.6596492], [12.5526196, 55.6596451], [12.5526054, 55.659641], [12.5525913, 55.6596369], [12.5525771, 55.6596328], [12.552563, 55.6596287], [12.5525488, 55.6596247], [12.5525347, 55.6596206], [12.5525205, 55.6596165], [12.5525064, 55.6596124], [12.5524922, 55.6596083], [12.5524781, 55.6596042], [12.5524639, 55.6596002], [12.5524498, 55.6595961], [12.5524356, 55.659592], [12.5524215, 55.6595879], [12.5524073, 55.6595838], [12.5523932, 55.6595797], [12.552379, 55.6595756], [12.5523649, 55.6595716], [12.5523507, 55.6595675], [12.5523365, 55.6595634], [12.5523224, 55.6595593], [12.5523082, 55.6595552], [12.5522941, 55.6595511], [12.5522799, 55.6595471], [12.5522658, 55.659543], [12.5522516, 55.6595389], [12.5522375, 55.6595348], [12.5522233, 55.6595307], [12.5522092, 55.6595266], [12.552195, 55.6595226], [12.5521809, 55.6595185], [12.5521667, 55.6595144], [12.5521526, 55.6595103], [12.5521384, 55.6595062], [12.5521243, 55.6595021], [12.5521101, 55.659498], [12.552096, 55.659494], [12.5520818, 55.6594899], [12.5520677, 55.6594858], [12.5520535, 55.6594817], [12.5520394, 55.6594776], [12.5520252, 55.6594735], [12.5520111, 55.6594695], [12.5519969, 55.6594654], [12.5519828, 55.6594613], [12.5519686, 55.6594572], [12.5519545, 55.6594531], [12.5519403, 55.659449], [12.5519262, 55.659445], [12.551912, 55.6594409], [12.5518979, 55.6594368], [12.5518837, 55.6594327], [12.5518696, 55.6594286], [12.5518554, 55.6594245], [12.5518413, 55.6594205], [12.5518271, 55.6594164], [12.551813, 55.6594123], [12.5517988, 55.6594082], [12.5517847, 55.6594041], [12.5517705, 55.6594], [12.5517564, 55.6593959], [12.5517422, 55.6593919], [12.5517281, 55.6593878], [12.5517139, 55.6593837], [12.5516998, 55.6593796], [12.5516856, 55.6593755], [12.5516715, 55.6593714], [12.5516573, 55.6593674], [12.5516432, 55.6593633], [12.551629, 55.6593592], [12.5516149, 55.6593551], [12.5516007, 55.659351], [12.5515866, 55.6593469], [12.5515724, 55.6593429], [12.5515583, 55.6593388], [12.5515441, 55.6593347], [12.55153, 55.6593306], [12.5515158, 55.6593265], [12.5515017, 55.6593224], [12.5514875, 55.6593183], [12.5514734, 55.6593143], [12.5514592, 55.6593102], [12.5514539, 55.6593086]], [[12.5560053, 55.6682115], [12.5560067, 55.6682121], [12.5560078, 55.6682127], [12.5560189, 55.6682179], [12.5560311, 55.6682237], [12.5560433, 55.6682294], [12.5560555, 55.6682352], [12.5560677, 55.6682409], [12.5560799, 55.6682467], [12.5560921, 55.6682524], [12.5561043, 55.6682582], [12.5561165, 55.6682639], [12.5561287, 55.6682697], [12.5561409, 55.6682755], [12.5561531, 55.6682812], [12.5561653, 55.668287], [12.5561775, 55.6682927], [12.5561897, 55.6682985], [12.5562019, 55.6683042], [12.5562141, 55.66831], [12.5562263, 55.6683157], [12.5562385, 55.6683215], [12.5562507, 55.6683272], [12.5562629, 55.668333], [12.5562751, 55.6683388], [12.5562873, 55.6683445], [12.5562995, 55.6683503], [12.5563117, 55.668356], [12.5563239, 55.6683618], [12.5563361, 55.6683675], [12.5563483, 55.6683733], [12.5563605, 55.668379], [12.5563727, 55.6683848], [12.5563849, 55.6683905], [12.5563971, 55.6683963], [12.5564093, 55.6684021], [12.5564215, 55.6684078], [12.5564337, 55.6684136], [12.5564459, 55.6684193], [12.5564581, 55.6684251], [12.5564703, 55.6684308], [12.5564825, 55.6684366], [12.5564947, 55.6684423], [12.5565069, 55.6684481], [12.5565191, 55.6684538], [12.5565313, 55.6684596], [12.5565435, 55.6684654], [12.5565557, 55.6684711], [12.5565679, 55.6684769], [12.5565801, 55.6684826], [12.5565923, 55.6684884], [12.5566045, 55.6684941], [12.5566167, 55.6684999], [12.5566289, 55.6685056], [12.5566411, 55.6685114], [12.5566533, 55.6685171], [12.5566655, 55.6685229], [12.5566777, 55.6685287], [12.5566899, 55.6685344], [12.5567021, 55.6685402], [12.5567143, 55.6685459], [12.5567265, 55.6685517], [12.5567387, 55.6685574], [12.5567509, 55.6685632], [12.5567632, 55.6685689], [12.5567754, 55.6685747], [12.5567876, 55.6685804], [12.5567998, 55.6685862], [12.556812, 55.668592], [12.5568242, 55.6685977], [12.5568364, 55.6686035], [12.5568486, 55.6686092], [12.5568608, 55.668615], [12.556873, 55.6686207], [12.5568852, 55.6686265], [12.5568974, 55.6686322], [12.5569096, 55.668638], [12.5569218, 55.6686437], [12.556934, 55.6686495], [12.5569462, 55.6686553], [12.5569584, 55.668661], [12.5569706, 55.6686668], [12.5569828, 55.6686725], [12.556995, 55.6686783], [12.5570072, 55.668684], [12.5570194, 55.6686898], [12.5570316, 55.6686955], [12.5570438, 55.6687013], [12.557056, 55.668707], [12.5570682, 55.6687128], [12.5570804, 55.6687186], [12.5570926, 55.6687243], [12.5571048, 55.6687301], [12.557117, 55.6687358], [12.5571292, 55.6687416], [12.5571414, 55.6687473], [12.5571536, 55.6687531], [12.5571658, 55.6687588], [12.557172, 55.6687618], [12.557178, 55.6687646], [12.5571902, 55.6687703], [12.5572024, 55.6687761], [12.5572146, 55.6687819], [12.5572268, 55.6687876], [12.557239, 55.6687934], [12.5572512, 55.6687991], [12.5572634, 55.6688049], [12.5572756, 55.6688106], [12.5572878, 55.6688164], [12.5573, 55.6688221], [12.5573122, 55.6688279], [12.5573244, 55.6688336], [12.5573366, 55.6688394], [12.5573489, 55.6688451], [12.5573611, 55.6688509], [12.5573733, 55.6688566], [12.5573855, 55.6688624], [12.5573977, 55.6688681], [12.5574099, 55.6688739], [12.5574221, 55.6688797], [12.5574343, 55.6688854], [12.5574465, 55.6688911], [12.5574587, 55.6688969], [12.5574709, 55.6689026], [12.5574831, 55.6689084], [12.5574954, 55.6689141], [12.5575076, 55.6689199], [12.5575198, 55.6689256], [12.557532, 55.6689314], [12.5575442, 55.6689371], [12.5575564, 55.6689429], [12.5575686, 55.6689486], [12.5575809, 55.6689544], [12.5575931, 55.6689601], [12.5576053, 55.6689658], [12.5576175, 55.6689716], [12.5576298, 55.6689773], [12.557642, 55.6689831], [12.5576542, 55.6689888], [12.5576664, 55.6689945], [12.5576787, 55.6690003], [12.5576909, 55.669006], [12.5577031, 55.6690117], [12.5577153, 55.6690175], [12.5577276, 55.6690232], [12.5577398, 55.6690289], [12.5577521, 55.6690347], [12.5577643, 55.6690404], [12.5577765, 55.6690461], [12.5577888, 55.6690519], [12.557801, 55.6690576], [12.5578133, 55.6690633], [12.5578255, 55.669069], [12.5578377, 55.6690748], [12.55785, 55.6690805], [12.5578622, 55.6690862], [12.5578745, 55.6690919], [12.5578868, 55.6690977], [12.557899, 55.6691034], [12.5579113, 55.6691091], [12.5579235, 55.6691148], [12.5579358, 55.6691205], [12.557948, 55.6691262], [12.5579603, 55.6691319], [12.5579726, 55.6691376], [12.5579848, 55.6691434], [12.5579971, 55.6691491], [12.5580094, 55.6691548], [12.5580217, 55.6691605], [12.5580339, 55.6691662], [12.5580462, 55.6691719], [12.5580585, 55.6691776], [12.5580708, 55.6691833], [12.5580831, 55.669189], [12.5580954, 55.6691947], [12.5581077, 55.6692004], [12.55812, 55.6692061], [12.5581322, 55.6692117], [12.5581445, 55.6692174], [12.5581568, 55.6692231], [12.5581691, 55.6692288], [12.5581815, 55.6692345], [12.5581938, 55.6692402], [12.5582061, 55.6692459], [12.5582184, 55.6692515], [12.5582307, 55.6692572], [12.558243, 55.6692629], [12.5582553, 55.6692686], [12.5582677, 55.6692742], [12.55828, 55.6692799], [12.5582923, 55.6692856], [12.5583047, 55.6692912], [12.558317, 55.6692969], [12.5583293, 55.6693026], [12.5583417, 55.6693082], [12.558354, 55.6693139], [12.5583664, 55.6693195], [12.5583787, 55.6693252], [12.5583911, 55.6693308], [12.5584034, 55.6693365], [12.5584158, 55.6693421], [12.5584281, 55.6693478], [12.5584405, 55.6693534], [12.5584529, 55.6693591], [12.5584652, 55.6693647], [12.5584776, 55.6693703], [12.55849, 55.669376], [12.5585024, 55.6693816], [12.5585148, 55.6693872], [12.5585271, 55.6693928], [12.5585395, 55.6693985], [12.5585519, 55.6694041], [12.5585643, 55.6694097], [12.5585767, 55.6694153], [12.5585891, 55.6694209], [12.5586015, 55.6694266], [12.5586139, 55.6694322], [12.5586264, 55.6694378], [12.5586388, 55.6694434], [12.5586512, 55.669449], [12.5586636, 55.6694546], [12.5586761, 55.6694602], [12.5586885, 55.6694658], [12.5587009, 55.6694714], [12.5587134, 55.669477], [12.5587258, 55.6694825], [12.5587383, 55.6694881], [12.5587507, 55.6694937], [12.5587632, 55.6694993], [12.5587756, 55.6695049], [12.5587881, 55.6695104], [12.5588006, 55.669516], [12.558813, 55.6695216], [12.5588255, 55.6695271], [12.558838, 55.6695327], [12.5588505, 55.6695383], [12.558863, 55.6695438], [12.5588754, 55.6695494], [12.5588879, 55.6695549], [12.5589004, 55.6695605], [12.5589129, 55.669566], [12.5589255, 55.6695715], [12.558938, 55.6695771], [12.5589505, 55.6695826], [12.558963, 55.6695881], [12.5589755, 55.6695937], [12.5589881, 55.6695992], [12.5590006, 55.6696047], [12.5590131, 55.6696102], [12.5590257, 55.6696158], [12.5590382, 55.6696213], [12.5590508, 55.6696268], [12.5590633, 55.6696323], [12.5590759, 55.6696378], [12.5590885, 55.6696433], [12.559101, 55.6696488], [12.5591136, 55.6696543], [12.5591262, 55.6696598], [12.5591388, 55.6696652], [12.5591514, 55.6696707], [12.5591639, 55.6696762], [12.5591765, 55.6696817], [12.5591892, 55.6696872], [12.5592018, 55.6696926], [12.5592144, 55.6696981], [12.559227, 55.6697035], [12.5592396, 55.669709], [12.5592522, 55.6697145], [12.5592649, 55.6697199], [12.5592775, 55.6697254], [12.5592902, 55.6697308], [12.5593028, 55.6697362], [12.5593155, 55.6697417], [12.5593281, 55.6697471], [12.5593408, 55.6697525], [12.5593534, 55.6697579], [12.5593661, 55.6697634], [12.5593788, 55.6697688], [12.5593915, 55.6697742], [12.5594042, 55.6697796], [12.5594169, 55.669785], [12.5594296, 55.6697904], [12.5594423, 55.6697958], [12.559455, 55.6698012], [12.5594677, 55.6698066], [12.5594804, 55.669812], [12.5594931, 55.6698174], [12.5595059, 55.6698227], [12.5595186, 55.6698281], [12.5595313, 55.6698335], [12.5595441, 55.6698388], [12.5595568, 55.6698442], [12.5595696, 55.6698495], [12.5595824, 55.6698549], [12.5595951, 55.6698602], [12.5596079, 55.6698656], [12.5596207, 55.6698709], [12.5596335, 55.6698763], [12.5596463, 55.6698816], [12.5596591, 55.6698869], [12.5596719, 55.6698922], [12.5596847, 55.6698975], [12.5596975, 55.6699029], [12.5597103, 55.6699082], [12.5597231, 55.6699135], [12.559736, 55.6699188], [12.5597488, 55.6699241], [12.5597617, 55.6699294], [12.5597745, 55.6699346], [12.5597874, 55.6699399], [12.5598002, 55.6699452], [12.5598131, 55.6699505], [12.559826, 55.6699557], [12.5598389, 55.669961], [12.5598517, 55.6699662], [12.5598646, 55.6699715], [12.5598775, 55.6699767], [12.5598904, 55.669982], [12.5599033, 55.6699872], [12.5599163, 55.6699925], [12.5599292, 55.6699977], [12.5599421, 55.6700029], [12.5599551, 55.6700081], [12.559968, 55.6700133], [12.5599809, 55.6700185], [12.5599939, 55.6700237], [12.5599952, 55.6700243], [12.5600069, 55.6700289], [12.5600198, 55.6700341], [12.5600328, 55.6700393], [12.5600458, 55.6700445], [12.5600588, 55.6700497], [12.5600718, 55.6700549], [12.5600848, 55.67006], [12.5600978, 55.6700652], [12.5601108, 55.6700703], [12.5601238, 55.6700755], [12.5601368, 55.6700806], [12.5601499, 55.6700858], [12.5601629, 55.6700909], [12.5601759, 55.670096], [12.560189, 55.6701012], [12.560202, 55.6701063], [12.5602151, 55.6701114], [12.5602282, 55.6701165], [12.5602412, 55.6701216], [12.5602543, 55.6701267], [12.5602674, 55.6701318], [12.5602805, 55.6701369], [12.5602936, 55.670142], [12.5603067, 55.6701471], [12.5603198, 55.6701522], [12.5603329, 55.6701572], [12.5603461, 55.6701623], [12.5603592, 55.6701674], [12.5603723, 55.6701724], [12.5603855, 55.6701775], [12.5603986, 55.6701825], [12.5604118, 55.6701875], [12.5604249, 55.6701926], [12.5604381, 55.6701976], [12.5604513, 55.6702026], [12.5604644, 55.6702077], [12.5604776, 55.6702127], [12.5604908, 55.6702177], [12.560504, 55.6702227], [12.5605172, 55.6702277], [12.5605304, 55.6702327], [12.5605437, 55.6702377], [12.5605569, 55.6702426], [12.5605701, 55.6702476], [12.5605833, 55.6702526], [12.5605966, 55.6702576], [12.5606098, 55.6702625], [12.5606231, 55.6702675], [12.5606363, 55.6702724], [12.5606496, 55.6702774], [12.5606629, 55.6702823], [12.5606761, 55.6702873], [12.5606894, 55.6702922], [12.5607027, 55.6702971], [12.560716, 55.670302], [12.5607293, 55.670307], [12.5607426, 55.6703119], [12.5607559, 55.6703168], [12.5607692, 55.6703217], [12.5607826, 55.6703266], [12.5607959, 55.6703315], [12.5608092, 55.6703364], [12.5608226, 55.6703412], [12.5608359, 55.6703461], [12.5608493, 55.670351], [12.5608626, 55.6703558], [12.560876, 55.6703607], [12.5608894, 55.6703656], [12.5609028, 55.6703704], [12.5609161, 55.6703753], [12.5609295, 55.6703801], [12.5609429, 55.6703849], [12.5609563, 55.6703898], [12.5609697, 55.6703946], [12.5609792, 55.670398], [12.5609831, 55.6703994], [12.5609966, 55.6704042], [12.56101, 55.670409], [12.5610234, 55.6704138], [12.5610368, 55.6704186], [12.5610503, 55.6704234], [12.5610637, 55.6704282], [12.5610772, 55.670433], [12.5610906, 55.6704378], [12.5611041, 55.6704425], [12.5611176, 55.6704473], [12.561131, 55.6704521], [12.5611445, 55.6704568], [12.561158, 55.6704616], [12.5611715, 55.6704663], [12.561185, 55.6704711], [12.5611985, 55.6704758], [12.561212, 55.6704806], [12.5612255, 55.6704853], [12.561239, 55.67049], [12.5612525, 55.6704948], [12.561266, 55.6704995], [12.5612795, 55.6705042], [12.5612931, 55.6705089], [12.5613066, 55.6705136], [12.5613201, 55.6705184], [12.5613336, 55.6705231], [12.5613472, 55.6705278], [12.5613607, 55.6705325], [12.5613743, 55.6705372], [12.5613878, 55.6705419], [12.5614014, 55.6705466], [12.5614149, 55.6705513], [12.5614285, 55.6705559], [12.561442, 55.6705606], [12.5614556, 55.6705653], [12.5614691, 55.67057], [12.5614827, 55.6705747], [12.5614963, 55.6705794], [12.5615098, 55.670584], [12.5615234, 55.6705887], [12.561537, 55.6705934], [12.5615506, 55.6705981], [12.5615641, 55.6706027], [12.5615777, 55.6706074], [12.5615913, 55.6706121], [12.5616049, 55.6706167], [12.5616185, 55.6706214], [12.561632, 55.670626], [12.5616456, 55.6706307], [12.5616592, 55.6706354], [12.5616728, 55.67064], [12.5616864, 55.6706447], [12.5617, 55.6706493], [12.5617136, 55.670654], [12.5617272, 55.6706586], [12.5617408, 55.6706633], [12.5617544, 55.6706679], [12.561768, 55.6706726], [12.5617816, 55.6706772], [12.5617951, 55.6706819], [12.5618087, 55.6706866], [12.5618223, 55.6706912], [12.5618303, 55.6706939], [12.5618359, 55.6706959], [12.5618495, 55.6707005], [12.5618631, 55.6707052], [12.5618767, 55.6707098], [12.5618903, 55.6707145], [12.5619039, 55.6707191], [12.5619175, 55.6707238], [12.5619311, 55.6707284], [12.5619447, 55.6707331], [12.5619583, 55.6707377], [12.5619719, 55.6707424], [12.5619855, 55.670747], [12.5619991, 55.6707517], [12.5620127, 55.6707563], [12.5620263, 55.670761], [12.5620399, 55.6707656], [12.5620535, 55.6707703], [12.5620671, 55.6707749], [12.5620807, 55.6707796], [12.5620943, 55.6707842], [12.5621078, 55.6707889], [12.5621214, 55.6707935], [12.562135, 55.6707982], [12.5621486, 55.6708028], [12.5621622, 55.6708075], [12.5621758, 55.6708121], [12.5621894, 55.6708168], [12.562203, 55.6708214], [12.5622166, 55.6708261], [12.5622302, 55.6708307], [12.5622438, 55.6708354], [12.5622574, 55.67084], [12.562271, 55.6708447], [12.5622846, 55.6708493], [12.5622982, 55.670854], [12.5623118, 55.6708586], [12.5623254, 55.6708633], [12.562339, 55.670868], [12.5623526, 55.6708726], [12.5623662, 55.6708773], [12.5623798, 55.6708819], [12.5623934, 55.6708866], [12.562407, 55.6708912], [12.5624205, 55.6708959], [12.5624341, 55.6709005], [12.5624477, 55.6709052], [12.5624613, 55.6709098], [12.5624749, 55.6709145], [12.5624885, 55.6709191], [12.5625021, 55.6709238], [12.5625157, 55.6709284], [12.5625293, 55.6709331], [12.5625429, 55.6709377], [12.5625565, 55.6709424], [12.5625701, 55.670947], [12.5625837, 55.6709517], [12.5625973, 55.6709563], [12.5626109, 55.670961], [12.5626245, 55.6709656], [12.5626381, 55.6709703], [12.5626517, 55.6709749], [12.5626653, 55.6709796], [12.5626789, 55.6709842], [12.5626925, 55.6709889], [12.5627061, 55.6709935], [12.5627197, 55.6709982], [12.5627333, 55.6710028], [12.5627468, 55.6710075], [12.5627604, 55.6710121], [12.562774, 55.6710168], [12.5627876, 55.6710214], [12.5628012, 55.6710261], [12.5628148, 55.6710307], [12.5628284, 55.6710354], [12.562842, 55.67104], [12.5628556, 55.6710447], [12.5628692, 55.6710494], [12.5628828, 55.671054], [12.5628964, 55.6710587], [12.56291, 55.6710633], [12.5629236, 55.671068], [12.5629372, 55.6710726], [12.5629508, 55.6710773], [12.5629644, 55.6710819], [12.562978, 55.6710866], [12.5629916, 55.6710912], [12.5630052, 55.6710959], [12.5630188, 55.6711005], [12.5630324, 55.6711052], [12.563046, 55.6711098], [12.5630595, 55.6711145], [12.5630731, 55.6711191], [12.5630867, 55.6711238], [12.5631003, 55.6711284], [12.5631139, 55.6711331], [12.5631275, 55.6711377], [12.5631411, 55.6711424], [12.5631547, 55.671147], [12.5631683, 55.6711517], [12.5631819, 55.6711563], [12.5631955, 55.671161], [12.5632091, 55.6711656], [12.5632227, 55.6711703], [12.5632363, 55.6711749], [12.5632499, 55.6711796], [12.5632635, 55.6711842], [12.5632771, 55.6711889], [12.5632907, 55.6711935], [12.5633043, 55.6711982], [12.5633179, 55.6712028], [12.5633315, 55.6712075], [12.5633451, 55.6712121], [12.5633587, 55.6712168], [12.5633723, 55.6712214], [12.5633859, 55.6712261], [12.5633994, 55.6712307], [12.563413, 55.6712354], [12.5634266, 55.6712401], [12.5634402, 55.6712447], [12.5634538, 55.6712494], [12.5634674, 55.671254], [12.563481, 55.6712587], [12.5634946, 55.6712633], [12.5635082, 55.671268], [12.5635218, 55.6712726], [12.5635354, 55.6712773], [12.563549, 55.6712819], [12.5635626, 55.6712866], [12.5635762, 55.6712912], [12.5635898, 55.6712959], [12.5636034, 55.6713005], [12.563617, 55.6713052], [12.5636306, 55.6713098], [12.5636442, 55.6713145], [12.5636578, 55.6713191], [12.5636714, 55.6713238], [12.563685, 55.6713284], [12.5636986, 55.6713331], [12.5637122, 55.6713377], [12.5637258, 55.6713424], [12.5637393, 55.671347], [12.5637529, 55.6713517], [12.5637665, 55.6713563], [12.5637801, 55.671361], [12.5637937, 55.6713656], [12.5638073, 55.6713703], [12.5638209, 55.6713749], [12.5638345, 55.6713796], [12.5638481, 55.6713842], [12.5638617, 55.6713889], [12.5638753, 55.6713935], [12.5638812, 55.6713956]], [[12.5560078, 55.6682127], [12.5560053, 55.6682115]], [[12.5638813, 55.6713956], [12.5638949, 55.6714003], [12.5639085, 55.6714049], [12.5639221, 55.6714096], [12.5639357, 55.6714142], [12.5639493, 55.6714189], [12.5639629, 55.6714235], [12.5639765, 55.6714282], [12.5639901, 55.6714328], [12.5640037, 55.6714375], [12.5640173, 55.6714421], [12.5640309, 55.6714468], [12.5640445, 55.6714514], [12.5640581, 55.6714561], [12.5640717, 55.6714607], [12.5640853, 55.6714654], [12.5640989, 55.67147], [12.5641125, 55.6714747], [12.5641261, 55.6714793], [12.5641397, 55.671484], [12.5641533, 55.6714886], [12.5641668, 55.6714933], [12.5641804, 55.6714979], [12.564194, 55.6715026], [12.5642076, 55.6715072], [12.5642212, 55.6715119], [12.5642348, 55.6715165], [12.5642484, 55.6715212], [12.564262, 55.6715258], [12.5642756, 55.6715305], [12.5642892, 55.6715351], [12.5643028, 55.6715398], [12.5643164, 55.6715444], [12.56433, 55.6715491], [12.5643436, 55.6715537], [12.5643572, 55.6715584], [12.5643708, 55.671563], [12.5643844, 55.6715677], [12.564398, 55.6715723], [12.5644116, 55.671577], [12.5644252, 55.6715816], [12.5644388, 55.6715863], [12.5644524, 55.6715909], [12.564466, 55.6715956], [12.5644783, 55.6715998], [12.5644796, 55.6716002], [12.5644932, 55.6716049], [12.5645067, 55.6716096], [12.5645203, 55.6716142], [12.5645339, 55.6716189], [12.5645475, 55.6716235], [12.5645611, 55.6716282], [12.5645747, 55.6716329], [12.5645882, 55.6716376], [12.5646018, 55.6716423], [12.5646153, 55.671647], [12.5646288, 55.6716517], [12.5646423, 55.6716564], [12.5646558, 55.6716612], [12.5646693, 55.671666], [12.5646827, 55.6716708], [12.5646961, 55.6716756], [12.5647095, 55.6716804], [12.5647229, 55.6716852], [12.5647363, 55.6716901], [12.5647496, 55.671695], [12.5647629, 55.6716999], [12.5647761, 55.6717049], [12.5647894, 55.6717099], [12.5648026, 55.6717149], [12.5648157, 55.6717199], [12.5648288, 55.671725], [12.5648419, 55.6717301], [12.564855, 55.6717352], [12.564868, 55.6717404], [12.5648721, 55.671742], [12.5648809, 55.6717456], [12.5648938, 55.6717508], [12.5649067, 55.6717561], [12.5649195, 55.6717614], [12.5649323, 55.6717667], [12.564945, 55.6717721], [12.5649577, 55.6717776], [12.5649703, 55.671783], [12.5649829, 55.6717885], [12.5649954, 55.671794], [12.5650079, 55.6717996], [12.5650203, 55.6718052], [12.5650327, 55.6718108], [12.565045, 55.6718165], [12.5650573, 55.6718222], [12.5650696, 55.6718279], [12.5650817, 55.6718337], [12.5650939, 55.6718395], [12.565106, 55.6718453], [12.565118, 55.6718512], [12.56513, 55.6718571], [12.5651419, 55.671863], [12.5651538, 55.671869], [12.5651656, 55.671875], [12.5651774, 55.671881], [12.5651891, 55.6718871], [12.5652007, 55.6718932], [12.5652124, 55.6718993], [12.5652239, 55.6719055], [12.5652354, 55.6719117], [12.5652469, 55.6719179], [12.5652583, 55.6719242], [12.5652696, 55.6719305], [12.5652809, 55.6719368], [12.5652921, 55.6719432], [12.5653033, 55.6719495], [12.5653144, 55.671956], [12.5653254, 55.6719624], [12.5653365, 55.6719689], [12.5653474, 55.6719754], [12.5653583, 55.6719819], [12.5653691, 55.6719885], [12.5653799, 55.6719951], [12.5653906, 55.6720018], [12.5654013, 55.6720084], [12.5654119, 55.6720151], [12.5654224, 55.6720218], [12.5654329, 55.6720286], [12.5654433, 55.6720354], [12.5654537, 55.6720422], [12.565464, 55.672049], [12.5654742, 55.6720559], [12.5654844, 55.6720628], [12.5654945, 55.6720697], [12.5655046, 55.6720767], [12.5655146, 55.6720836], [12.5655245, 55.6720907], [12.5655344, 55.6720977], [12.5655442, 55.6721048], [12.565554, 55.6721118], [12.5655636, 55.672119], [12.5655733, 55.6721261], [12.5655828, 55.6721333], [12.5655923, 55.6721405], [12.5656018, 55.6721477], [12.5656112, 55.672155], [12.5656205, 55.6721622], [12.5656297, 55.6721695], [12.5656389, 55.6721769], [12.565648, 55.6721842], [12.5656571, 55.6721916], [12.5656661, 55.672199], [12.565675, 55.6722065], [12.5656839, 55.6722139], [12.5656927, 55.6722214], [12.5657014, 55.6722289], [12.56571, 55.6722364], [12.5657186, 55.672244], [12.5657272, 55.6722516], [12.5657356, 55.6722592], [12.565744, 55.6722668], [12.5657524, 55.6722744], [12.5657606, 55.6722821], [12.5657688, 55.6722898], [12.565777, 55.6722975], [12.565785, 55.6723053], [12.565793, 55.672313], [12.5658009, 55.6723208], [12.5658088, 55.6723286], [12.5658166, 55.6723364], [12.5658243, 55.6723443], [12.565832, 55.6723522], [12.5658395, 55.6723601], [12.5658471, 55.672368], [12.5658545, 55.6723759], [12.5658619, 55.6723839], [12.5658692, 55.6723918], [12.5658764, 55.6723998], [12.5658836, 55.6724079], [12.5658907, 55.6724159], [12.5658977, 55.672424], [12.5659046, 55.672432], [12.5659115, 55.6724401], [12.5659183, 55.6724482], [12.5659251, 55.6724564], [12.5659317, 55.6724645], [12.5659383, 55.6724727], [12.5659449, 55.6724809], [12.5659513, 55.6724891], [12.5659577, 55.6724973], [12.565964, 55.6725056], [12.5659702, 55.6725138], [12.5659764, 55.6725221], [12.5659825, 55.6725304], [12.5659885, 55.6725387], [12.5659945, 55.672547], [12.5660003, 55.6725554], [12.5660061, 55.6725638], [12.5660119, 55.6725721], [12.5660175, 55.6725805], [12.5660231, 55.6725889], [12.5660286, 55.6725974], [12.566034, 55.6726058], [12.5660394, 55.6726143], [12.5660447, 55.6726227], [12.5660499, 55.6726312], [12.566055, 55.6726397], [12.5660601, 55.6726482], [12.5660651, 55.6726568], [12.56607, 55.6726653], [12.5660748, 55.6726739], [12.5660796, 55.6726824], [12.5660843, 55.672691], [12.5660889, 55.6726996], [12.5660934, 55.6727082], [12.5660979, 55.6727168], [12.5661023, 55.6727255], [12.5661066, 55.6727341], [12.5661108, 55.6727428], [12.5661149, 55.6727514], [12.566119, 55.6727601], [12.566123, 55.6727688], [12.566127, 55.6727775], [12.5661308, 55.6727862], [12.5661346, 55.672795], [12.5661383, 55.6728037], [12.5661419, 55.6728124], [12.5661455, 55.6728212], [12.5661489, 55.67283], [12.5661523, 55.6728387], [12.5661556, 55.6728475], [12.5661589, 55.6728563], [12.566162, 55.6728651], [12.5661651, 55.6728739], [12.5661681, 55.6728827], [12.5661711, 55.6728916], [12.5661739, 55.6729004], [12.5661767, 55.6729093], [12.5661794, 55.6729181], [12.566182, 55.672927], [12.5661846, 55.6729358], [12.566187, 55.6729447], [12.5661894, 55.6729536], [12.5661917, 55.6729625], [12.5661939, 55.6729714], [12.5661961, 55.6729803], [12.5661982, 55.6729892], [12.5662002, 55.6729981], [12.5662021, 55.673007], [12.5662039, 55.6730159], [12.5662057, 55.6730248], [12.5662074, 55.6730338], [12.566209, 55.6730427], [12.5662105, 55.6730516], [12.566212, 55.6730606], [12.5662133, 55.6730695], [12.5662146, 55.6730785], [12.5662158, 55.6730874], [12.566217, 55.6730964], [12.566218, 55.6731054], [12.566219, 55.6731143], [12.5662199, 55.6731233], [12.5662207, 55.6731323], [12.5662215, 55.6731412], [12.5662222, 55.6731502], [12.5662228, 55.6731592], [12.5662233, 55.6731682], [12.5662238, 55.6731771], [12.5662241, 55.6731861], [12.5662245, 55.6731951], [12.5662247, 55.6732041], [12.5662249, 55.6732131], [12.566225, 55.673222], [12.5662251, 55.673231], [12.5662251, 55.67324], [12.566225, 55.673249], [12.5662249, 55.673258], [12.5662247, 55.673267], [12.5662244, 55.6732759], [12.5662241, 55.6732849], [12.5662237, 55.6732939], [12.5662233, 55.6733029], [12.5662228, 55.6733119], [12.5662223, 55.6733208], [12.5662217, 55.6733298], [12.5662211, 55.6733388], [12.5662204, 55.6733478], [12.5662196, 55.6733567], [12.5662188, 55.6733657], [12.566218, 55.6733747], [12.5662171, 55.6733836], [12.5662162, 55.6733926], [12.5662152, 55.6734016], [12.5662142, 55.6734105], [12.5662131, 55.6734195], [12.566212, 55.6734284], [12.5662109, 55.6734374], [12.5662097, 55.6734464], [12.5662085, 55.6734553], [12.5662073, 55.6734643], [12.566206, 55.6734732], [12.5662046, 55.6734822], [12.5662033, 55.6734911], [12.5662019, 55.6735001], [12.5662005, 55.673509], [12.566199, 55.673518], [12.5661975, 55.6735269], [12.566196, 55.6735358], [12.5661945, 55.6735448], [12.5661929, 55.6735537], [12.5661913, 55.6735627], [12.5661897, 55.6735716], [12.5661881, 55.6735805], [12.5661864, 55.6735895], [12.5661847, 55.6735984], [12.566183, 55.6736073], [12.5661813, 55.6736163], [12.5661796, 55.6736252], [12.5661778, 55.6736341], [12.5661761, 55.673643], [12.5661743, 55.673652], [12.5661725, 55.6736609], [12.5661707, 55.6736698], [12.5661689, 55.6736787], [12.566167, 55.6736877], [12.5661652, 55.6736966], [12.5661633, 55.6737055], [12.5661615, 55.6737144], [12.5661596, 55.6737233], [12.5661578, 55.6737323], [12.5661559, 55.6737412], [12.566154, 55.6737501], [12.5661521, 55.673759], [12.5661509, 55.6737649], [12.5661503, 55.6737679], [12.5661484, 55.6737769], [12.5661465, 55.6737858], [12.5661447, 55.6737947], [12.5661428, 55.6738036], [12.5661409, 55.6738125], [12.5661391, 55.6738215], [12.5661372, 55.6738304], [12.5661354, 55.6738393], [12.5661335, 55.6738482], [12.5661317, 55.6738571], [12.5661299, 55.6738661], [12.5661281, 55.673875], [12.5661263, 55.6738839], [12.5661245, 55.6738928], [12.5661228, 55.6739018], [12.566121, 55.6739107], [12.5661193, 55.6739196], [12.5661176, 55.6739285], [12.5661159, 55.6739375], [12.5661143, 55.6739464], [12.5661126, 55.6739553], [12.566111, 55.6739643], [12.5661094, 55.6739732], [12.5661078, 55.6739822], [12.5661063, 55.6739911], [12.5661048, 55.674], [12.5661033, 55.674009], [12.5661018, 55.6740179], [12.5661004, 55.6740269], [12.566099, 55.6740358], [12.5660976, 55.6740448], [12.5660963, 55.6740537], [12.566095, 55.6740627], [12.5660937, 55.6740716], [12.5660925, 55.6740806], [12.5660913, 55.6740895], [12.5660901, 55.6740985], [12.566089, 55.6741074], [12.5660879, 55.6741164], [12.5660869, 55.6741254], [12.5660859, 55.6741343], [12.566085, 55.6741433], [12.5660841, 55.6741523], [12.5660832, 55.6741612], [12.5660824, 55.6741702], [12.5660817, 55.6741792], [12.566081, 55.6741882], [12.5660803, 55.6741971], [12.5660797, 55.6742061], [12.5660791, 55.6742151], [12.5660786, 55.6742241], [12.5660782, 55.674233], [12.5660778, 55.674242], [12.5660775, 55.674251], [12.5660772, 55.67426], [12.566077, 55.674269], [12.5660768, 55.6742779], [12.5660768, 55.6742869], [12.5660767, 55.6742959], [12.5660768, 55.6743049], [12.5660769, 55.6743139], [12.566077, 55.6743228], [12.5660772, 55.6743318], [12.5660775, 55.6743408], [12.5660779, 55.6743498], [12.5660783, 55.6743574], [12.5660783, 55.6743588], [12.5660789, 55.6743677], [12.5660794, 55.6743767], [12.5660801, 55.6743857], [12.5660808, 55.6743947], [12.5660816, 55.6744036], [12.5660824, 55.6744126], [12.5660834, 55.6744216], [12.5660844, 55.6744305], [12.5660855, 55.6744395], [12.5660866, 55.6744485], [12.5660878, 55.6744574], [12.5660891, 55.6744664], [12.5660904, 55.6744753], [12.5660919, 55.6744843], [12.5660934, 55.6744932], [12.5660949, 55.6745021], [12.5660966, 55.6745111], [12.5660983, 55.67452], [12.5661, 55.6745289], [12.5661019, 55.6745378], [12.5661038, 55.6745468], [12.5661058, 55.6745557], [12.5661078, 55.6745646], [12.56611, 55.6745735], [12.5661122, 55.6745824], [12.5661144, 55.6745913], [12.5661168, 55.6746002], [12.5661192, 55.674609], [12.5661217, 55.6746179], [12.5661242, 55.6746268], [12.5661268, 55.6746356], [12.5661295, 55.6746445], [12.5661323, 55.6746533], [12.5661351, 55.6746622], [12.566138, 55.674671], [12.5661409, 55.6746798], [12.566144, 55.6746886], [12.5661471, 55.6746974], [12.5661503, 55.6747062], [12.5661535, 55.674715], [12.5661568, 55.6747238], [12.5661602, 55.6747326], [12.5661636, 55.6747414], [12.5661672, 55.6747501], [12.5661707, 55.6747589], [12.5661744, 55.6747676], [12.5661781, 55.6747764], [12.5661819, 55.6747851], [12.5661858, 55.6747938], [12.5661897, 55.6748025], [12.5661937, 55.6748112], [12.5661978, 55.6748199], [12.5662019, 55.6748285], [12.5662061, 55.6748372], [12.5662104, 55.6748459], [12.5662147, 55.6748545], [12.5662191, 55.6748631], [12.5662236, 55.6748717], [12.5662281, 55.6748803], [12.5662328, 55.6748889], [12.5662374, 55.6748975], [12.5662422, 55.6749061], [12.566247, 55.6749147], [12.5662519, 55.6749232], [12.5662568, 55.6749317], [12.5662618, 55.6749403], [12.5662669, 55.6749488], [12.5662721, 55.6749573], [12.5662773, 55.6749658], [12.5662826, 55.6749742], [12.5662879, 55.6749827], [12.5662933, 55.6749911], [12.5662988, 55.6749996], [12.5663044, 55.675008], [12.56631, 55.6750164], [12.5663157, 55.6750248], [12.5663214, 55.6750331], [12.5663272, 55.6750415], [12.5663331, 55.6750498], [12.566339, 55.6750582], [12.5663451, 55.6750665], [12.5663511, 55.6750748], [12.5663573, 55.6750831], [12.5663635, 55.6750913], [12.5663698, 55.6750996], [12.5663761, 55.6751078], [12.5663825, 55.6751161], [12.566389, 55.6751243], [12.5663955, 55.6751325], [12.5664021, 55.6751406], [12.5664087, 55.6751488], [12.5664155, 55.6751569], [12.5664222, 55.675165], [12.5664291, 55.6751731], [12.566436, 55.6751812], [12.566443, 55.6751893], [12.56645, 55.6751974], [12.5664571, 55.6752054], [12.5664643, 55.6752134], [12.5664715, 55.6752214], [12.5664788, 55.6752294], [12.5664862, 55.6752373], [12.5664936, 55.6752453], [12.5665011, 55.6752532], [12.5665086, 55.6752611], [12.5665162, 55.675269], [12.5665239, 55.6752769], [12.5665316, 55.6752847], [12.5665394, 55.6752926], [12.5665473, 55.6753004], [12.5665552, 55.6753082], [12.5665632, 55.6753159], [12.5665712, 55.6753237], [12.5665793, 55.6753314], [12.5665875, 55.6753391], [12.5665925, 55.6753438], [12.5665957, 55.6753468], [12.566604, 55.6753545], [12.5666123, 55.6753621], [12.5666207, 55.6753697], [12.5666291, 55.6753773], [12.5666377, 55.6753849], [12.5666462, 55.6753925], [12.5666548, 55.6754], [12.5666635, 55.6754076], [12.5666722, 55.6754151], [12.566681, 55.6754226], [12.5666899, 55.67543], [12.5666987, 55.6754375], [12.5667077, 55.6754449], [12.5667167, 55.6754523], [12.5667257, 55.6754597], [12.5667348, 55.6754671], [12.5667439, 55.6754744], [12.5667531, 55.6754818], [12.5667623, 55.6754891], [12.5667715, 55.6754964], [12.5667808, 55.6755037], [12.5667902, 55.6755109], [12.5667996, 55.6755182], [12.566809, 55.6755254], [12.5668184, 55.6755326], [12.5668279, 55.6755398], [12.5668375, 55.675547], [12.5668471, 55.6755542], [12.5668567, 55.6755613], [12.5668663, 55.6755685], [12.566876, 55.6755756], [12.5668858, 55.6755827], [12.5668955, 55.6755898], [12.5669053, 55.6755969], [12.5669151, 55.6756039], [12.566925, 55.675611], [12.5669349, 55.675618], [12.5669448, 55.675625], [12.5669547, 55.675632], [12.5669647, 55.675639], [12.5669747, 55.675646], [12.5669847, 55.675653], [12.5669948, 55.6756599], [12.5670049, 55.6756669], [12.567015, 55.6756738], [12.5670251, 55.6756807], [12.5670352, 55.6756876], [12.5670454, 55.6756945], [12.5670556, 55.6757014], [12.5670658, 55.6757083], [12.5670761, 55.6757152], [12.5670863, 55.675722], [12.5670966, 55.6757289], [12.5671069, 55.6757357], [12.5671172, 55.6757426], [12.5671276, 55.6757494], [12.5671379, 55.6757562], [12.5671483, 55.675763], [12.5671587, 55.6757698], [12.5671691, 55.6757766], [12.5671795, 55.6757834], [12.5671899, 55.6757902], [12.5672004, 55.6757969], [12.5672108, 55.6758037], [12.5672213, 55.6758105], [12.5672317, 55.6758172], [12.5672422, 55.675824], [12.5672527, 55.6758307], [12.5672632, 55.6758375], [12.5672737, 55.6758442], [12.5672842, 55.6758509], [12.5672948, 55.6758577], [12.5673053, 55.6758644], [12.5673158, 55.6758711], [12.5673264, 55.6758778], [12.5673369, 55.6758846], [12.5673475, 55.6758913], [12.567358, 55.675898], [12.5673686, 55.6759047], [12.5673791, 55.6759114], [12.5673897, 55.6759181], [12.5673964, 55.6759224], [12.5674002, 55.6759249], [12.5674108, 55.6759316], [12.5674214, 55.6759383], [12.5674319, 55.675945], [12.5674425, 55.6759517], [12.567453, 55.6759584], [12.5674636, 55.6759651], [12.5674741, 55.6759719], [12.5674847, 55.6759786], [12.5674953, 55.6759853], [12.5675058, 55.675992], [12.5675164, 55.6759987], [12.5675269, 55.6760054], [12.5675375, 55.6760121], [12.567548, 55.6760189], [12.5675586, 55.6760256], [12.5675692, 55.6760323], [12.5675797, 55.676039], [12.5675903, 55.6760457], [12.5676008, 55.6760524], [12.5676114, 55.6760591], [12.5676219, 55.6760659], [12.5676325, 55.6760726], [12.5676431, 55.6760793], [12.5676536, 55.676086], [12.5676642, 55.6760927], [12.5676747, 55.6760994], [12.5676853, 55.6761062], [12.5676959, 55.6761129], [12.5677064, 55.6761196], [12.567717, 55.6761263], [12.5677275, 55.676133], [12.5677381, 55.6761397], [12.5677486, 55.6761464], [12.5677592, 55.6761532], [12.5677698, 55.6761599], [12.5677803, 55.6761666], [12.5677909, 55.6761733], [12.5678014, 55.67618], [12.567812, 55.6761867], [12.5678225, 55.6761934], [12.5678331, 55.6762002], [12.5678437, 55.6762069], [12.5678542, 55.6762136], [12.5678648, 55.6762203], [12.5678753, 55.676227], [12.5678859, 55.6762337], [12.5678964, 55.6762404], [12.567907, 55.6762472], [12.5679176, 55.6762539], [12.5679281, 55.6762606], [12.5679387, 55.6762673], [12.5679492, 55.676274], [12.5679598, 55.6762807], [12.5679703, 55.6762874], [12.5679809, 55.6762942], [12.5679915, 55.6763009], [12.568002, 55.6763076], [12.5680126, 55.6763143], [12.5680231, 55.676321], [12.5680337, 55.6763277], [12.5680442, 55.6763344], [12.5680548, 55.6763412], [12.5680654, 55.6763479], [12.5680759, 55.6763546], [12.5680865, 55.6763613], [12.568097, 55.676368], [12.5681076, 55.6763747], [12.5681182, 55.6763814], [12.5681287, 55.6763882], [12.5681393, 55.6763949], [12.5681498, 55.6764016], [12.5681604, 55.6764083], [12.5681709, 55.676415], [12.5681815, 55.6764217], [12.5681921, 55.6764284], [12.5682026, 55.6764352], [12.5682132, 55.6764419], [12.5682237, 55.6764486], [12.5682343, 55.6764553], [12.5682448, 55.676462], [12.5682554, 55.6764687], [12.568266, 55.6764754], [12.5682765, 55.6764822], [12.5682871, 55.6764889], [12.5682976, 55.6764956], [12.5683082, 55.6765023], [12.5683187, 55.676509], [12.5683293, 55.6765157], [12.5683399, 55.6765224], [12.5683504, 55.6765292], [12.568361, 55.6765359], [12.5683715, 55.6765426], [12.5683821, 55.6765493], [12.5683926, 55.676556], [12.5684032, 55.6765627], [12.5684138, 55.6765694], [12.5684243, 55.6765762], [12.5684349, 55.6765829], [12.5684454, 55.6765896], [12.568456, 55.6765963], [12.5684666, 55.676603], [12.5684771, 55.6766097], [12.5684877, 55.6766164], [12.5684982, 55.6766232], [12.5685088, 55.6766299], [12.5685193, 55.6766366], [12.5685299, 55.6766433], [12.5685405, 55.67665], [12.568551, 55.6766567], [12.5685616, 55.6766634], [12.5685721, 55.6766702], [12.5685827, 55.6766769], [12.5685932, 55.6766836], [12.5686038, 55.6766903], [12.5686144, 55.676697], [12.5686249, 55.6767037], [12.5686355, 55.6767104], [12.568646, 55.6767172], [12.5686566, 55.6767239], [12.5686591, 55.6767255], [12.5686671, 55.6767306], [12.5686777, 55.6767373], [12.5686883, 55.676744], [12.5686988, 55.6767507], [12.5687094, 55.6767574], [12.56872, 55.6767641], [12.5687305, 55.6767708], [12.5687411, 55.6767775], [12.5687517, 55.6767842], [12.5687623, 55.6767909], [12.5687729, 55.6767976], [12.5687836, 55.6768043], [12.5687942, 55.676811], [12.5688049, 55.6768176], [12.5688155, 55.6768243], [12.5688262, 55.676831], [12.5688369, 55.6768376], [12.5688476, 55.6768442], [12.5688583, 55.6768509], [12.5688691, 55.6768575], [12.5688799, 55.6768641], [12.5688907, 55.6768707], [12.5689015, 55.6768773], [12.5689123, 55.6768838], [12.5689232, 55.6768904], [12.5689341, 55.6768969], [12.568945, 55.6769035], [12.5689559, 55.67691], [12.5689669, 55.6769165], [12.5689779, 55.676923], [12.5689889, 55.6769294], [12.569, 55.6769359], [12.5690111, 55.6769423], [12.5690222, 55.6769487], [12.5690334, 55.6769551], [12.5690359, 55.6769566], [12.5690446, 55.6769615], [12.5690558, 55.6769678], [12.569067, 55.6769742], [12.5690783, 55.6769805], [12.5690897, 55.6769868], [12.569101, 55.6769931], [12.5691124, 55.6769993], [12.5691239, 55.6770056], [12.5691354, 55.6770118], [12.5691469, 55.677018], [12.5691584, 55.6770242], [12.56917, 55.6770303], [12.5691816, 55.6770365], [12.5691932, 55.6770426], [12.5692049, 55.6770487], [12.5692166, 55.6770548], [12.5692283, 55.6770608], [12.5692401, 55.6770668], [12.5692519, 55.6770729], [12.5692637, 55.6770789], [12.5692756, 55.6770848], [12.5692875, 55.6770908], [12.5692994, 55.6770967], [12.5693114, 55.6771026], [12.5693234, 55.6771085], [12.5693354, 55.6771144], [12.5693475, 55.6771202], [12.5693596, 55.6771261], [12.5693717, 55.6771319], [12.5693839, 55.6771376], [12.5693961, 55.6771434], [12.5694083, 55.6771492], [12.5694206, 55.6771549], [12.5694329, 55.6771606], [12.5694452, 55.6771663], [12.5694575, 55.6771719], [12.5694699, 55.6771775], [12.5694823, 55.6771832], [12.5694947, 55.6771887], [12.5695072, 55.6771943], [12.5695197, 55.6771999], [12.5695322, 55.6772054], [12.5695448, 55.6772109], [12.5695574, 55.6772164], [12.56957, 55.6772218], [12.5695827, 55.6772273], [12.5695954, 55.6772327], [12.5696081, 55.6772381], [12.5696208, 55.6772435], [12.5696336, 55.6772488], [12.5696464, 55.6772541], [12.5696592, 55.6772594], [12.5696721, 55.6772647], [12.5696849, 55.67727], [12.5696979, 55.6772752], [12.5697108, 55.6772804], [12.5697238, 55.6772856], [12.5697368, 55.6772908], [12.5697498, 55.6772959], [12.5697629, 55.6773011], [12.5697759, 55.6773062], [12.569789, 55.6773112], [12.5698022, 55.6773163], [12.5698154, 55.6773213], [12.5698285, 55.6773263], [12.5698418, 55.6773313], [12.569855, 55.6773363], [12.5698683, 55.6773412], [12.5698816, 55.6773461], [12.5698949, 55.677351], [12.5699083, 55.6773559], [12.5699217, 55.6773607], [12.5699351, 55.6773656], [12.5699485, 55.6773704], [12.569962, 55.6773751], [12.5699755, 55.6773799], [12.569989, 55.6773846], [12.5700025, 55.6773893], [12.5700161, 55.677394], [12.5700297, 55.6773987], [12.5700433, 55.6774033], [12.5700569, 55.6774079], [12.5700706, 55.6774125], [12.5700843, 55.677417], [12.570098, 55.6774216], [12.5701118, 55.6774261], [12.5701255, 55.6774306], [12.5701393, 55.6774351], [12.5701531, 55.6774395], [12.570167, 55.6774439], [12.5701808, 55.6774483], [12.5701947, 55.6774527], [12.5702086, 55.677457], [12.5702226, 55.6774613], [12.5702365, 55.6774656], [12.5702505, 55.6774699], [12.5702645, 55.6774742], [12.5702785, 55.6774784], [12.5702926, 55.6774826], [12.5703067, 55.6774868], [12.5703208, 55.6774909], [12.5703349, 55.677495], [12.570349, 55.6774991], [12.5703632, 55.6775032], [12.5703774, 55.6775073], [12.5703916, 55.6775113], [12.5704058, 55.6775153], [12.5704201, 55.6775193], [12.5704344, 55.6775232], [12.5704486, 55.6775271], [12.570463, 55.677531], [12.5704773, 55.6775349], [12.5704917, 55.6775388], [12.570506, 55.6775426], [12.5705204, 55.6775464], [12.5705349, 55.6775502], [12.5705493, 55.6775539], [12.5705638, 55.6775576], [12.5705783, 55.6775613], [12.5705928, 55.677565], [12.5706073, 55.6775687], [12.5706218, 55.6775723], [12.5706364, 55.6775759], [12.570651, 55.6775795], [12.5706656, 55.677583], [12.5706802, 55.6775865], [12.5706949, 55.67759], [12.5707095, 55.6775935], [12.5707242, 55.6775969], [12.5707389, 55.6776004], [12.5707536, 55.6776038], [12.5707683, 55.6776071], [12.5707831, 55.6776105], [12.5707979, 55.6776138], [12.5708127, 55.6776171], [12.5708275, 55.6776203], [12.5708423, 55.6776236], [12.5708571, 55.6776268], [12.570872, 55.67763], [12.5708869, 55.6776331], [12.5709018, 55.6776363], [12.5709167, 55.6776394], [12.5709316, 55.6776425], [12.5709466, 55.6776455], [12.5709615, 55.6776485], [12.5709765, 55.6776515], [12.5709915, 55.6776545], [12.5710065, 55.6776575], [12.5710215, 55.6776604], [12.5710366, 55.6776633], [12.5710516, 55.6776662], [12.5710667, 55.677669], [12.5710818, 55.6776718], [12.5710969, 55.6776746], [12.571112, 55.6776774], [12.5711272, 55.6776801], [12.5711423, 55.6776829], [12.5711575, 55.6776855], [12.5711727, 55.6776882], [12.5711879, 55.6776908], [12.5712031, 55.6776935], [12.5712183, 55.677696], [12.5712336, 55.6776986], [12.5712488, 55.6777011], [12.5712641, 55.6777036], [12.5712794, 55.6777061], [12.5712946, 55.6777085], [12.57131, 55.677711], [12.5713253, 55.6777134], [12.5713406, 55.6777157], [12.5713559, 55.6777181], [12.5713713, 55.6777204], [12.5713867, 55.6777227], [12.5714021, 55.6777249], [12.5714175, 55.6777272], [12.5714329, 55.6777294], [12.5714483, 55.6777316], [12.5714637, 55.6777337], [12.5714792, 55.6777358], [12.5714946, 55.6777379], [12.5715101, 55.67774], [12.5715256, 55.6777421], [12.5715411, 55.6777441], [12.5715566, 55.6777461], [12.5715721, 55.677748], [12.5715876, 55.67775], [12.5716031, 55.6777519], [12.5716187, 55.6777538], [12.5716342, 55.6777556], [12.5716498, 55.6777574], [12.5716653, 55.6777592], [12.5716809, 55.677761], [12.5716965, 55.6777628], [12.5717121, 55.6777645], [12.5717277, 55.6777662], [12.5717434, 55.6777678], [12.571759, 55.6777695], [12.5717746, 55.6777711], [12.5717903, 55.6777727], [12.5718059, 55.6777742], [12.5718216, 55.6777758], [12.5718373, 55.6777773], [12.5718529, 55.6777787], [12.5718686, 55.6777802], [12.5718843, 55.6777816], [12.5719, 55.677783], [12.5719157, 55.6777844], [12.5719315, 55.6777857], [12.5719472, 55.677787], [12.5719629, 55.6777883], [12.5719787, 55.6777895], [12.5719944, 55.6777908], [12.5720102, 55.677792], [12.5720259, 55.6777931], [12.5720417, 55.6777943], [12.5720574, 55.6777954], [12.5720732, 55.6777965], [12.572089, 55.6777975], [12.5721048, 55.6777986], [12.5721206, 55.6777996], [12.5721364, 55.6778006], [12.5721522, 55.6778015], [12.572168, 55.6778024], [12.5721838, 55.6778033], [12.5721997, 55.6778042], [12.5722155, 55.677805], [12.5722313, 55.6778059], [12.5722471, 55.6778066], [12.572263, 55.6778074], [12.5722788, 55.6778081], [12.5722947, 55.6778088], [12.5723105, 55.6778095], [12.5723264, 55.6778101], [12.5723422, 55.6778108], [12.5723581, 55.6778114], [12.572374, 55.6778119], [12.5723898, 55.6778125], [12.5724057, 55.677813], [12.5724216, 55.6778134], [12.5724374, 55.6778139], [12.5724533, 55.6778143], [12.5724692, 55.6778147], [12.5724851, 55.6778151], [12.572501, 55.6778154], [12.5725169, 55.6778157], [12.5725327, 55.677816], [12.5725486, 55.6778163], [12.5725645, 55.6778165], [12.5725804, 55.6778167], [12.5725963, 55.6778169], [12.5726122, 55.677817], [12.5726281, 55.6778172], [12.572644, 55.6778173], [12.5726599, 55.6778173], [12.5726758, 55.6778174], [12.5726917, 55.6778174], [12.5727076, 55.6778173], [12.5727235, 55.6778173], [12.5727394, 55.6778172], [12.5727553, 55.6778171], [12.5727711, 55.677817], [12.572787, 55.6778168], [12.5728029, 55.6778166], [12.5728188, 55.6778164], [12.5728347, 55.6778162], [12.5728506, 55.6778159], [12.5728665, 55.6778156], [12.5728824, 55.6778153], [12.5728983, 55.6778149], [12.5729141, 55.6778146], [12.57293, 55.6778142], [12.5729459, 55.6778137], [12.5729618, 55.6778133], [12.5729776, 55.6778128], [12.5729935, 55.6778122], [12.5730094, 55.6778117], [12.5730252, 55.6778111], [12.5730411, 55.6778105], [12.573057, 55.6778099], [12.5730728, 55.6778092], [12.5730887, 55.6778086], [12.5731045, 55.6778078], [12.5731203, 55.6778071], [12.5731362, 55.6778063], [12.573152, 55.6778055], [12.5731678, 55.6778047], [12.5731837, 55.6778039], [12.5731995, 55.677803], [12.5732153, 55.6778021], [12.5732311, 55.6778011], [12.5732469, 55.6778002], [12.5732627, 55.6777992], [12.5732785, 55.6777982], [12.5732943, 55.6777971], [12.5733101, 55.6777961], [12.5733258, 55.677795], [12.5733416, 55.6777938], [12.5733574, 55.6777927], [12.5733731, 55.6777915], [12.5733889, 55.6777903], [12.5734046, 55.677789], [12.5734204, 55.6777878], [12.5734361, 55.6777865], [12.5734518, 55.6777852], [12.5734675, 55.6777838], [12.5734832, 55.6777824], [12.5734989, 55.677781], [12.5735146, 55.6777796], [12.5735303, 55.6777782], [12.573546, 55.6777767], [12.5735617, 55.6777752], [12.5735773, 55.6777736], [12.573593, 55.677772], [12.5736086, 55.6777705], [12.5736243, 55.6777688], [12.5736399, 55.6777672], [12.5736555, 55.6777655], [12.5736711, 55.6777638], [12.5736867, 55.6777621], [12.5737023, 55.6777603], [12.5737179, 55.6777585], [12.5737334, 55.6777567], [12.573749, 55.6777549], [12.5737646, 55.677753], [12.5737801, 55.6777511], [12.5737956, 55.6777492], [12.5738111, 55.6777473], [12.5738123, 55.6777471], [12.5738266, 55.6777453], [12.5738421, 55.6777433], [12.5738576, 55.6777412], [12.5738731, 55.6777392], [12.5738886, 55.6777371], [12.573904, 55.677735], [12.5739195, 55.6777329], [12.5739349, 55.6777307], [12.5739503, 55.6777285], [12.5739657, 55.6777263], [12.5739811, 55.6777241], [12.5739965, 55.6777219], [12.5740119, 55.6777196], [12.5740273, 55.6777173], [12.5740426, 55.677715], [12.574058, 55.6777127], [12.5740733, 55.6777103], [12.5740886, 55.6777079], [12.574104, 55.6777055], [12.5741193, 55.6777031], [12.5741346, 55.6777007], [12.5741499, 55.6776982], [12.5741651, 55.6776958], [12.5741804, 55.6776933], [12.5741957, 55.6776908], [12.5742109, 55.6776883], [12.5742262, 55.6776857], [12.5742414, 55.6776832], [12.5742567, 55.6776806], [12.5742719, 55.677678], [12.5742871, 55.6776754], [12.5743023, 55.6776728], [12.5743175, 55.6776702], [12.5743327, 55.6776675], [12.5743479, 55.6776648], [12.574363, 55.6776622], [12.5743782, 55.6776595], [12.5743934, 55.6776568], [12.5744085, 55.6776541], [12.5744237, 55.6776514], [12.5744388, 55.6776486], [12.5744539, 55.6776459], [12.5744691, 55.6776431], [12.5744842, 55.6776404], [12.5744993, 55.6776376], [12.5745144, 55.6776348], [12.5745295, 55.677632], [12.5745446, 55.6776292], [12.5745597, 55.6776264], [12.5745748, 55.6776236], [12.5745899, 55.6776207], [12.574605, 55.6776179], [12.5746201, 55.6776151], [12.5746352, 55.6776122], [12.5746502, 55.6776094], [12.5746653, 55.6776065], [12.5746804, 55.6776036], [12.5746954, 55.6776008], [12.5747105, 55.6775979], [12.5747255, 55.677595], [12.5747406, 55.6775921], [12.5747556, 55.6775893], [12.5747707, 55.6775864], [12.5747857, 55.6775835], [12.5748008, 55.6775806], [12.5748158, 55.6775777], [12.5748309, 55.6775748], [12.5748459, 55.6775719], [12.574861, 55.677569], [12.574876, 55.6775661], [12.5748767, 55.677566], [12.5748911, 55.6775632], [12.5749061, 55.6775603], [12.5749212, 55.6775574], [12.5749362, 55.6775545], [12.5749513, 55.6775516], [12.5749663, 55.6775487], [12.5749814, 55.6775458], [12.5749964, 55.6775429], [12.5750115, 55.6775401], [12.5750265, 55.6775372], [12.5750416, 55.6775343], [12.5750566, 55.6775314], [12.5750717, 55.6775286], [12.5750868, 55.6775257], [12.5751018, 55.6775228], [12.5751169, 55.67752], [12.575132, 55.6775171], [12.5751471, 55.6775143], [12.5751621, 55.6775115], [12.5751772, 55.6775086], [12.5751923, 55.6775058], [12.5752074, 55.677503], [12.5752225, 55.6775002], [12.5752376, 55.6774974], [12.5752527, 55.6774946], [12.5752678, 55.6774918], [12.575283, 55.6774891], [12.5752981, 55.6774863], [12.5753132, 55.6774836], [12.5753284, 55.6774808], [12.5753435, 55.6774781], [12.5753587, 55.6774754], [12.5753738, 55.6774727], [12.575389, 55.67747], [12.5754042, 55.6774673], [12.5754194, 55.6774647], [12.5754345, 55.677462], [12.5754497, 55.6774594], [12.5754649, 55.6774568], [12.5754802, 55.6774542], [12.5754954, 55.6774516], [12.5755106, 55.677449], [12.5755258, 55.6774465], [12.5755411, 55.6774439], [12.5755563, 55.6774414], [12.5755716, 55.6774389], [12.5755869, 55.6774364], [12.5756022, 55.6774339], [12.5756175, 55.6774315], [12.5756328, 55.677429], [12.5756481, 55.6774266], [12.5756634, 55.6774242], [12.5756787, 55.6774218], [12.575694, 55.6774195], [12.5757094, 55.6774171], [12.5757248, 55.6774148], [12.5757401, 55.6774125], [12.5757555, 55.6774103], [12.5757709, 55.677408], [12.5757863, 55.6774058], [12.5758017, 55.6774036], [12.5758171, 55.6774014], [12.5758326, 55.6773992], [12.575848, 55.6773971], [12.5758634, 55.677395], [12.5758789, 55.6773929], [12.5758944, 55.6773909], [12.5759099, 55.6773888], [12.5759254, 55.6773868], [12.5759409, 55.6773849], [12.5759564, 55.6773829], [12.5759719, 55.677381], [12.5759874, 55.6773791], [12.576003, 55.6773772], [12.5760186, 55.6773754], [12.5760341, 55.6773736], [12.5760497, 55.6773718], [12.5760653, 55.67737], [12.5760809, 55.6773683], [12.5760965, 55.6773666], [12.5761121, 55.677365], [12.5761278, 55.6773634], [12.5761434, 55.6773618], [12.5761591, 55.6773602], [12.5761747, 55.6773587], [12.5761904, 55.6773572], [12.5762061, 55.6773557], [12.5762218, 55.6773543], [12.5762375, 55.6773529], [12.5762532, 55.6773515], [12.5762689, 55.6773502], [12.5762846, 55.6773489], [12.5763004, 55.6773477], [12.5763017, 55.6773476], [12.5763161, 55.6773465], [12.5763319, 55.6773453], [12.5763477, 55.6773441], [12.5763634, 55.677343], [12.5763792, 55.677342], [12.576395, 55.6773409], [12.5764108, 55.6773399], [12.5764266, 55.677339], [12.5764424, 55.6773381], [12.5764582, 55.6773372], [12.5764741, 55.6773363], [12.5764899, 55.6773355], [12.5765057, 55.6773347], [12.5765216, 55.677334], [12.5765374, 55.6773333], [12.5765533, 55.6773326], [12.5765691, 55.677332], [12.576585, 55.6773314], [12.5766008, 55.6773309], [12.5766167, 55.6773304], [12.5766326, 55.6773299], [12.5766485, 55.6773294], [12.5766643, 55.677329], [12.5766802, 55.6773287], [12.5766961, 55.6773283], [12.576712, 55.677328], [12.5767279, 55.6773278], [12.5767438, 55.6773275], [12.5767597, 55.6773274], [12.5767756, 55.6773272], [12.5767915, 55.6773271], [12.5768073, 55.677327], [12.5768232, 55.677327], [12.5768391, 55.677327], [12.576855, 55.677327], [12.5768709, 55.6773271], [12.5768868, 55.6773272], [12.5769027, 55.6773274], [12.5769186, 55.6773275], [12.5769345, 55.6773278], [12.5769504, 55.677328], [12.5769663, 55.6773283], [12.5769822, 55.6773287], [12.576998, 55.677329], [12.5770139, 55.6773294], [12.5770298, 55.6773299], [12.5770457, 55.6773304], [12.5770615, 55.6773309], [12.5770774, 55.6773314], [12.5770933, 55.677332], [12.5771091, 55.6773326], [12.577125, 55.6773333], [12.5771408, 55.677334], [12.5771567, 55.6773347], [12.5771725, 55.6773355], [12.5771883, 55.6773363], [12.5772041, 55.6773372], [12.57722, 55.6773381], [12.5772358, 55.677339], [12.5772516, 55.6773399], [12.5772674, 55.6773409], [12.5772832, 55.677342], [12.577299, 55.677343], [12.5773147, 55.6773441], [12.5773305, 55.6773453], [12.5773463, 55.6773465], [12.577362, 55.6773477], [12.5773777, 55.6773489], [12.5773935, 55.6773502], [12.5774092, 55.6773515], [12.5774249, 55.6773529], [12.5774406, 55.6773543], [12.5774563, 55.6773557], [12.577472, 55.6773572], [12.5774876, 55.6773587], [12.5775033, 55.6773602], [12.577519, 55.6773618], [12.5775346, 55.6773634], [12.5775502, 55.6773651], [12.5775658, 55.6773668], [12.5775814, 55.6773685], [12.577597, 55.6773703], [12.5776126, 55.6773721], [12.5776281, 55.6773739], [12.5776437, 55.6773758], [12.5776592, 55.6773777], [12.5776747, 55.6773796], [12.5776903, 55.6773816], [12.5777057, 55.6773836], [12.5777212, 55.6773857], [12.5777214, 55.6773857], [12.5777367, 55.6773877], [12.5777521, 55.6773899], [12.5777676, 55.677392], [12.577783, 55.6773942], [12.5777984, 55.6773964], [12.5778138, 55.6773987], [12.5778291, 55.6774009], [12.5778445, 55.6774032], [12.5778599, 55.6774056], [12.5778752, 55.6774079], [12.5778905, 55.6774103], [12.5779059, 55.6774127], [12.5779212, 55.6774151], [12.5779365, 55.6774176], [12.5779517, 55.67742], [12.577967, 55.6774225], [12.5779823, 55.677425], [12.5779976, 55.6774275], [12.5780128, 55.67743], [12.5780281, 55.6774326], [12.5780433, 55.6774351], [12.5780585, 55.6774377], [12.5780738, 55.6774402], [12.578089, 55.6774428], [12.5781042, 55.6774454], [12.5781195, 55.677448], [12.5781347, 55.6774506], [12.5781499, 55.6774531], [12.5781651, 55.6774557], [12.5781755, 55.6774575], [12.5781803, 55.6774583], [12.5781955, 55.6774609], [12.5782108, 55.6774635], [12.578226, 55.6774661], [12.5782412, 55.6774687], [12.5782564, 55.6774713], [12.5782716, 55.6774739], [12.5782868, 55.6774765], [12.5783021, 55.6774791], [12.5783173, 55.6774817], [12.5783325, 55.6774843], [12.5783477, 55.6774869], [12.5783629, 55.6774895], [12.5783781, 55.6774921], [12.5783934, 55.6774947], [12.5784086, 55.6774973], [12.5784238, 55.6774999], [12.578439, 55.6775025], [12.5784542, 55.6775051], [12.5784694, 55.6775077], [12.5784847, 55.6775103], [12.5784999, 55.6775129], [12.5785151, 55.6775155], [12.5785303, 55.6775181], [12.5785455, 55.6775207], [12.5785607, 55.6775233], [12.578576, 55.6775259], [12.5785912, 55.6775285], [12.5786064, 55.677531], [12.5786216, 55.6775336], [12.5786368, 55.6775362], [12.578652, 55.6775388], [12.5786673, 55.6775414], [12.5786825, 55.677544], [12.5786977, 55.6775466], [12.5787129, 55.6775492], [12.5787281, 55.6775518], [12.5787433, 55.6775544], [12.5787586, 55.677557], [12.5787738, 55.6775596], [12.578789, 55.6775622], [12.5788042, 55.6775648], [12.5788194, 55.6775674], [12.5788346, 55.67757], [12.5788499, 55.6775726], [12.5788651, 55.6775752], [12.5788803, 55.6775778], [12.5788955, 55.6775804], [12.5789107, 55.677583], [12.5789259, 55.6775856], [12.5789412, 55.6775882], [12.5789564, 55.6775908], [12.5789716, 55.6775934], [12.5789868, 55.677596], [12.579002, 55.6775986], [12.5790172, 55.6776012], [12.5790325, 55.6776038], [12.5790477, 55.6776063], [12.5790629, 55.6776089], [12.5790781, 55.6776115], [12.5790933, 55.6776141], [12.5791085, 55.6776167], [12.5791238, 55.6776193], [12.579139, 55.6776219], [12.5791542, 55.6776245], [12.5791694, 55.6776271], [12.5791846, 55.6776297], [12.5791998, 55.6776323], [12.5792151, 55.6776349], [12.5792303, 55.6776375], [12.5792455, 55.6776401], [12.5792607, 55.6776427], [12.5792759, 55.6776453], [12.5792911, 55.6776479], [12.5793064, 55.6776505], [12.5793216, 55.6776531], [12.5793368, 55.6776557], [12.579352, 55.6776583], [12.5793672, 55.6776609], [12.5793824, 55.6776635], [12.5793977, 55.6776661], [12.5794129, 55.6776687], [12.5794281, 55.6776713], [12.5794433, 55.6776739], [12.5794585, 55.6776765], [12.5794737, 55.6776791], [12.579489, 55.6776817], [12.5795042, 55.6776842], [12.5795194, 55.6776868], [12.5795346, 55.6776894], [12.5795498, 55.677692], [12.579565, 55.6776946], [12.5795803, 55.6776972], [12.5795955, 55.6776998], [12.5796107, 55.6777024], [12.579618, 55.6777037], [12.5796259, 55.677705], [12.5796411, 55.6777076], [12.5796563, 55.6777102], [12.5796716, 55.6777128], [12.5796868, 55.6777154], [12.579702, 55.677718], [12.5797172, 55.6777206], [12.5797324, 55.6777232], [12.5797476, 55.6777259], [12.5797628, 55.6777285], [12.579778, 55.6777311], [12.5797932, 55.6777338], [12.5798084, 55.6777364], [12.5798236, 55.6777391], [12.5798388, 55.6777417], [12.5798539, 55.6777444], [12.5798691, 55.6777471], [12.5798843, 55.6777498], [12.5798994, 55.6777525], [12.5799146, 55.6777552], [12.5799297, 55.6777579], [12.5799448, 55.6777607], [12.57996, 55.6777634], [12.5799751, 55.6777662], [12.5799902, 55.677769], [12.5800053, 55.6777718], [12.5800204, 55.6777746], [12.5800355, 55.6777775], [12.5800505, 55.6777803], [12.5800656, 55.6777832], [12.5800806, 55.6777861], [12.5800957, 55.6777891], [12.5801107, 55.677792], [12.5801257, 55.677795], [12.5801407, 55.677798], [12.5801556, 55.677801], [12.5801706, 55.677804], [12.5801856, 55.6778071], [12.5802005, 55.6778101], [12.5802154, 55.6778133], [12.5802303, 55.6778164], [12.5802377, 55.677818], [12.5802452, 55.6778196], [12.58026, 55.6778227], [12.5802749, 55.677826], [12.5802897, 55.6778292], [12.5803045, 55.6778325], [12.5803193, 55.6778358], [12.580334, 55.6778391], [12.5803488, 55.6778425], [12.5803635, 55.6778458], [12.5803782, 55.6778492], [12.5803929, 55.6778527], [12.5804076, 55.6778561], [12.5804222, 55.6778596], [12.5804368, 55.6778631], [12.5804515, 55.6778667], [12.580466, 55.6778703], [12.5804806, 55.6778739], [12.5804952, 55.6778775], [12.5805097, 55.6778811], [12.5805242, 55.6778848], [12.5805387, 55.6778885], [12.5805531, 55.6778922], [12.5805676, 55.677896], [12.580582, 55.6778998], [12.5805964, 55.6779036], [12.5806107, 55.6779074], [12.5806251, 55.6779113], [12.5806394, 55.6779152], [12.5806537, 55.6779191], [12.580668, 55.677923], [12.5806823, 55.677927], [12.5806965, 55.677931], [12.5807107, 55.677935], [12.5807249, 55.677939], [12.5807391, 55.6779431], [12.5807532, 55.6779472], [12.5807674, 55.6779513], [12.5807815, 55.6779555], [12.5807955, 55.6779597], [12.5808096, 55.6779639], [12.5808236, 55.6779681], [12.5808376, 55.6779723], [12.5808516, 55.6779766], [12.5808655, 55.6779809], [12.5808795, 55.6779852], [12.5808934, 55.6779896], [12.5809073, 55.677994], [12.5809211, 55.6779984], [12.5809349, 55.6780028], [12.5809487, 55.6780073], [12.5809625, 55.6780117], [12.5809763, 55.6780163], [12.58099, 55.6780208], [12.5810037, 55.6780253], [12.5810174, 55.6780299], [12.5810287, 55.6780338], [12.581031, 55.6780345], [12.5810446, 55.6780392], [12.5810582, 55.6780438], [12.5810718, 55.6780485], [12.5810853, 55.6780532], [12.5810988, 55.6780579], [12.5811123, 55.6780627], [12.5811258, 55.6780675], [12.5811392, 55.6780723], [12.5811526, 55.6780771], [12.581166, 55.6780819], [12.5811794, 55.6780868], [12.5811927, 55.6780917], [12.581206, 55.6780966], [12.5812193, 55.6781015], [12.5812326, 55.6781065], [12.5812458, 55.6781115], [12.581259, 55.6781165], [12.5812722, 55.6781215], [12.5812853, 55.6781265], [12.5812985, 55.6781316], [12.5813116, 55.6781367], [12.5813247, 55.6781418], [12.5813377, 55.6781469], [12.5813508, 55.678152], [12.5813638, 55.6781572], [12.5813768, 55.6781623], [12.5813898, 55.6781675], [12.5814027, 55.6781727], [12.5814156, 55.678178], [12.5814285, 55.6781832], [12.5814414, 55.6781885], [12.5814543, 55.6781938], [12.5814671, 55.6781991], [12.5814799, 55.6782044], [12.5814927, 55.6782097], [12.5815055, 55.678215], [12.5815182, 55.6782204], [12.581531, 55.6782258], [12.5815437, 55.6782312], [12.5815564, 55.6782366], [12.581569, 55.678242], [12.5815817, 55.6782475], [12.5815943, 55.6782529], [12.5816069, 55.6782584], [12.5816195, 55.6782639], [12.5816321, 55.6782694], [12.5816446, 55.6782749], [12.5816571, 55.6782804], [12.5816697, 55.678286], [12.5816821, 55.6782915], [12.5816946, 55.6782971], [12.5817071, 55.6783027], [12.5817195, 55.6783082], [12.5817319, 55.6783139], [12.5817443, 55.6783195], [12.5817567, 55.6783251], [12.5817691, 55.6783307], [12.5817815, 55.6783364], [12.5817938, 55.678342], [12.5818061, 55.6783477], [12.5818184, 55.6783534], [12.5818307, 55.6783591], [12.581843, 55.6783648], [12.5818553, 55.6783705], [12.5818675, 55.6783763], [12.5818797, 55.678382], [12.5818919, 55.6783877], [12.5819042, 55.6783935], [12.5819163, 55.6783993], [12.5819285, 55.678405], [12.5819407, 55.6784108], [12.5819528, 55.6784166], [12.581965, 55.6784224], [12.5819771, 55.6784282], [12.5819892, 55.678434], [12.5820013, 55.6784398], [12.5820134, 55.6784457], [12.5820255, 55.6784515], [12.5820375, 55.6784574], [12.5820496, 55.6784632], [12.5820617, 55.6784691], [12.5820737, 55.6784749], [12.5820857, 55.6784808], [12.5820977, 55.6784867], [12.5821097, 55.6784926], [12.5821217, 55.6784985], [12.5821337, 55.6785044], [12.5821457, 55.6785103], [12.5821577, 55.6785162], [12.5821696, 55.6785221], [12.5821816, 55.678528], [12.5821936, 55.6785339], [12.5822055, 55.6785399], [12.5822174, 55.6785458], [12.5822294, 55.6785517], [12.5822413, 55.6785577], [12.5822532, 55.6785636], [12.5822651, 55.6785696], [12.582277, 55.6785755], [12.5822889, 55.6785815], [12.5823008, 55.6785874], [12.5823127, 55.6785934], [12.5823246, 55.6785993], [12.5823365, 55.6786053], [12.5823484, 55.6786113], [12.5823603, 55.6786172], [12.5823721, 55.6786232], [12.582384, 55.6786292], [12.5823959, 55.6786352], [12.5824077, 55.6786411], [12.5824196, 55.6786471], [12.5824315, 55.6786531], [12.5824433, 55.6786591], [12.5824552, 55.678665], [12.5824671, 55.678671], [12.5824789, 55.678677], [12.5824789, 55.678677], [12.5824908, 55.678683], [12.5825027, 55.678689], [12.5825145, 55.6786949], [12.5825264, 55.6787009], [12.5825383, 55.6787069], [12.5825501, 55.6787128], [12.582562, 55.6787188], [12.5825739, 55.6787248], [12.5825858, 55.6787307], [12.5825977, 55.6787367], [12.5826096, 55.6787426], [12.5826215, 55.6787486], [12.5826335, 55.6787545], [12.5826454, 55.6787605], [12.5826573, 55.6787664], [12.582665, 55.6787701], [12.5826693, 55.6787723], [12.5826813, 55.6787782], [12.5826933, 55.6787841], [12.5827053, 55.67879], [12.5827173, 55.6787959], [12.5827293, 55.6788017], [12.5827414, 55.6788076], [12.5827534, 55.6788134], [12.5827655, 55.6788193], [12.5827776, 55.6788251], [12.5827897, 55.678831], [12.5828018, 55.6788368], [12.5828139, 55.6788426], [12.582826, 55.6788484], [12.5828382, 55.6788542], [12.5828503, 55.67886], [12.5828625, 55.6788658], [12.5828747, 55.6788715], [12.5828869, 55.6788773], [12.5828991, 55.678883], [12.5829113, 55.6788888], [12.5829235, 55.6788945], [12.5829358, 55.6789002], [12.582948, 55.678906], [12.5829603, 55.6789117], [12.5829726, 55.6789174], [12.5829849, 55.6789231], [12.5829972, 55.6789287], [12.5830095, 55.6789344], [12.5830219, 55.6789401], [12.5830342, 55.6789457], [12.5830466, 55.6789514], [12.5830589, 55.678957], [12.5830713, 55.6789627], [12.5830837, 55.6789683], [12.5830961, 55.6789739], [12.5831086, 55.6789795], [12.583121, 55.6789851], [12.5831334, 55.6789907], [12.5831459, 55.6789963], [12.5831584, 55.6790018], [12.5831709, 55.6790074], [12.5831833, 55.6790129], [12.5831959, 55.6790185], [12.5832084, 55.679024], [12.5832209, 55.6790295], [12.5832335, 55.6790351], [12.583246, 55.6790406], [12.5832586, 55.6790461], [12.5832712, 55.6790515], [12.5832838, 55.679057], [12.5832964, 55.6790625], [12.583309, 55.679068], [12.5833216, 55.6790734], [12.5833343, 55.6790789], [12.5833469, 55.6790843], [12.5833596, 55.6790897], [12.5833723, 55.6790951], [12.5833849, 55.6791005], [12.5833977, 55.6791059], [12.5834104, 55.6791113], [12.5834231, 55.6791167], [12.5834358, 55.6791221], [12.5834486, 55.6791275], [12.5834613, 55.6791328], [12.5834741, 55.6791382], [12.5834869, 55.6791435], [12.5834997, 55.6791488], [12.5835125, 55.6791541], [12.5835253, 55.6791595], [12.5835382, 55.6791648], [12.583551, 55.67917], [12.5835639, 55.6791753], [12.5835767, 55.6791806], [12.5835896, 55.6791859], [12.5836025, 55.6791911], [12.5836154, 55.6791964], [12.5836217, 55.6791989], [12.5836283, 55.6792016], [12.5836412, 55.6792068], [12.5836542, 55.679212], [12.5836671, 55.6792173], [12.5836801, 55.6792225], [12.5836931, 55.6792277], [12.583706, 55.6792328], [12.583719, 55.679238], [12.583732, 55.6792432], [12.583745, 55.6792484], [12.583758, 55.6792535], [12.5837711, 55.6792587], [12.5837841, 55.6792638], [12.5837971, 55.679269], [12.5838102, 55.6792741], [12.5838232, 55.6792792], [12.5838363, 55.6792843], [12.5838493, 55.6792895], [12.5838624, 55.6792946], [12.5838755, 55.6792997], [12.5838886, 55.6793048], [12.5839017, 55.6793099], [12.5839147, 55.679315], [12.5839278, 55.6793201], [12.5839409, 55.6793252], [12.583954, 55.6793302], [12.5839671, 55.6793353], [12.5839803, 55.6793404], [12.5839934, 55.6793455], [12.5840065, 55.6793506], [12.5840196, 55.6793556], [12.5840327, 55.6793607], [12.5840458, 55.6793658], [12.584059, 55.6793708], [12.5840721, 55.6793759], [12.5840852, 55.679381], [12.5840983, 55.679386], [12.5841012, 55.6793872], [12.5841115, 55.6793911], [12.5841246, 55.6793962], [12.5841377, 55.6794013], [12.5841508, 55.6794063], [12.5841639, 55.6794114], [12.5841771, 55.6794165], [12.5841902, 55.6794215], [12.5842033, 55.6794266], [12.5842164, 55.6794317], [12.5842296, 55.6794367], [12.5842427, 55.6794418], [12.5842558, 55.6794469], [12.5842689, 55.6794519], [12.5842821, 55.679457], [12.5842952, 55.6794621], [12.5843083, 55.6794671], [12.5843214, 55.6794722], [12.5843346, 55.6794773], [12.5843477, 55.6794823], [12.5843608, 55.6794874], [12.5843739, 55.6794925], [12.5843871, 55.6794975], [12.5844002, 55.6795026], [12.5844133, 55.6795077], [12.5844264, 55.6795128], [12.5844395, 55.6795178], [12.5844527, 55.6795229], [12.5844658, 55.679528], [12.5844789, 55.679533], [12.584492, 55.6795381], [12.5845052, 55.6795432], [12.5845183, 55.6795482], [12.5845314, 55.6795533], [12.5845445, 55.6795584], [12.5845577, 55.6795634], [12.5845708, 55.6795685], [12.5845839, 55.6795736], [12.584597, 55.6795786], [12.5846102, 55.6795837], [12.5846233, 55.6795888], [12.5846364, 55.6795938], [12.5846495, 55.6795989], [12.5846626, 55.679604], [12.5846758, 55.679609], [12.5846889, 55.6796141], [12.584702, 55.6796192], [12.5847151, 55.6796242], [12.5847283, 55.6796293], [12.5847414, 55.6796344], [12.5847545, 55.6796395], [12.5847676, 55.6796445], [12.5847808, 55.6796496], [12.5847939, 55.6796547], [12.584807, 55.6796597], [12.5848201, 55.6796648], [12.5848333, 55.6796699], [12.5848464, 55.6796749], [12.5848595, 55.67968], [12.5848726, 55.6796851], [12.5848858, 55.6796901], [12.5848989, 55.6796952], [12.584912, 55.6797003], [12.5849251, 55.6797053], [12.5849383, 55.6797104], [12.5849514, 55.6797155], [12.5849645, 55.6797205], [12.5849776, 55.6797256], [12.5849907, 55.6797307], [12.5850039, 55.6797357], [12.585017, 55.6797408], [12.5850301, 55.6797459], [12.5850432, 55.679751], [12.5850564, 55.679756], [12.5850695, 55.6797611], [12.5850826, 55.6797662], [12.5850957, 55.6797712], [12.5851089, 55.6797763], [12.585122, 55.6797814], [12.5851351, 55.6797864], [12.5851482, 55.6797915], [12.5851614, 55.6797966], [12.5851745, 55.6798016], [12.5851876, 55.6798067], [12.5852007, 55.6798118], [12.5852139, 55.6798168], [12.585227, 55.6798219], [12.5852401, 55.679827], [12.5852532, 55.679832], [12.5852663, 55.6798371], [12.5852795, 55.6798422], [12.5852926, 55.6798472], [12.5853057, 55.6798523], [12.5853188, 55.6798574], [12.585332, 55.6798624], [12.5853451, 55.6798675], [12.5853582, 55.6798726], [12.5853713, 55.6798777], [12.5853845, 55.6798827], [12.5853976, 55.6798878], [12.5854107, 55.6798929], [12.5854238, 55.6798979], [12.585437, 55.679903], [12.5854501, 55.6799081], [12.5854632, 55.6799131], [12.5854763, 55.6799182], [12.5854895, 55.6799233], [12.5855026, 55.6799283], [12.5855157, 55.6799334], [12.5855288, 55.6799385], [12.585542, 55.6799435], [12.5855551, 55.6799486], [12.5855682, 55.6799537], [12.5855813, 55.6799587], [12.5855945, 55.6799638], [12.5856076, 55.6799689], [12.5856207, 55.6799739], [12.5856338, 55.679979], [12.5856469, 55.6799841], [12.5856601, 55.6799892], [12.5856732, 55.6799942], [12.5856863, 55.6799993], [12.5856994, 55.6800044], [12.5857126, 55.6800094], [12.5857257, 55.6800145], [12.5857388, 55.6800196], [12.5857519, 55.6800246], [12.5857651, 55.6800297], [12.5857782, 55.6800348], [12.5857913, 55.6800398], [12.5858044, 55.6800449], [12.5858176, 55.68005], [12.5858307, 55.680055], [12.5858438, 55.6800601], [12.5858569, 55.6800652], [12.5858701, 55.6800702], [12.5858832, 55.6800753], [12.5858963, 55.6800804], [12.5859094, 55.6800854], [12.5859226, 55.6800905], [12.5859357, 55.6800956], [12.5859488, 55.6801006], [12.5859619, 55.6801057], [12.5859751, 55.6801108], [12.5859882, 55.6801159], [12.5860013, 55.6801209], [12.5860144, 55.680126], [12.5860275, 55.6801311], [12.5860407, 55.6801361], [12.5860538, 55.6801412], [12.5860669, 55.6801463], [12.58608, 55.6801513], [12.5860932, 55.6801564], [12.5861063, 55.6801615], [12.5861194, 55.6801665], [12.5861325, 55.6801716], [12.5861457, 55.6801767], [12.5861588, 55.6801817], [12.5861719, 55.6801868], [12.586185, 55.6801919], [12.5861982, 55.6801969], [12.5862113, 55.680202], [12.5862244, 55.6802071], [12.5862375, 55.6802121], [12.5862507, 55.6802172], [12.5862638, 55.6802223], [12.5862769, 55.6802273], [12.58629, 55.6802324], [12.5863032, 55.6802375], [12.5863163, 55.6802425], [12.5863294, 55.6802476], [12.5863425, 55.6802527], [12.5863557, 55.6802578], [12.5863688, 55.6802628], [12.5863819, 55.6802679], [12.586395, 55.680273], [12.5864082, 55.680278], [12.5864213, 55.6802831], [12.5864344, 55.6802882], [12.5864475, 55.6802932], [12.5864606, 55.6802983], [12.5864738, 55.6803034], [12.5864869, 55.6803084], [12.5865, 55.6803135], [12.5865131, 55.6803186], [12.5865263, 55.6803236], [12.5865394, 55.6803287], [12.5865525, 55.6803338], [12.5865656, 55.6803388], [12.5865788, 55.6803439], [12.5865919, 55.680349], [12.586605, 55.680354], [12.5866181, 55.6803591], [12.5866313, 55.6803642], [12.5866444, 55.6803692], [12.5866575, 55.6803743], [12.5866706, 55.6803794], [12.5866838, 55.6803845], [12.5866969, 55.6803895], [12.58671, 55.6803946], [12.5867231, 55.6803997], [12.5867363, 55.6804047], [12.586737, 55.680405], [12.5867494, 55.6804098], [12.5867625, 55.6804149], [12.5867756, 55.6804199], [12.5867888, 55.680425], [12.5868019, 55.6804301], [12.586815, 55.6804351], [12.5868281, 55.6804402], [12.5868412, 55.6804453], [12.5868543, 55.6804504], [12.5868674, 55.6804555], [12.5868805, 55.6804606], [12.5868936, 55.6804657], [12.5869066, 55.6804708], [12.5869197, 55.6804759], [12.5869328, 55.680481], [12.5869458, 55.6804862], [12.5869588, 55.6804913], [12.5869719, 55.6804965], [12.5869849, 55.6805016], [12.5869979, 55.6805068], [12.5870109, 55.680512], [12.5870238, 55.6805172], [12.5870368, 55.6805224], [12.5870497, 55.6805276], [12.5870627, 55.6805328], [12.5870756, 55.680538], [12.5870885, 55.6805433], [12.5871014, 55.6805486], [12.5871142, 55.6805538], [12.5871271, 55.6805591], [12.5871399, 55.6805645], [12.5871527, 55.6805698], [12.5871654, 55.6805751], [12.5871782, 55.6805805], [12.5871909, 55.6805859], [12.5872036, 55.6805913], [12.5872163, 55.6805967], [12.587229, 55.6806021], [12.5872416, 55.6806076], [12.5872542, 55.6806131], [12.5872668, 55.6806186], [12.5872793, 55.6806241], [12.5872918, 55.6806296], [12.5873043, 55.6806352], [12.5873167, 55.6806408], [12.5873292, 55.6806464], [12.5873416, 55.680652], [12.5873539, 55.6806576], [12.5873662, 55.6806633], [12.5873785, 55.680669], [12.5873907, 55.6806748], [12.587403, 55.6806805], [12.5874151, 55.6806863], [12.5874273, 55.6806921], [12.5874394, 55.6806979], [12.5874514, 55.6807038], [12.5874634, 55.6807097], [12.5874754, 55.6807156], [12.5874873, 55.6807215], [12.5874992, 55.6807275], [12.587511, 55.6807335], [12.5875228, 55.6807395], [12.5875345, 55.6807456], [12.5875462, 55.6807517], [12.5875578, 55.6807578], [12.5875626, 55.6807603], [12.5875694, 55.6807639], [12.587581, 55.6807701], [12.5875924, 55.6807763], [12.5876039, 55.6807826], [12.5876153, 55.6807888], [12.5876266, 55.6807951], [12.5876378, 55.6808015], [12.5876491, 55.6808078], [12.5876602, 55.6808142], [12.5876713, 55.6808207], [12.5876824, 55.6808271], [12.5876934, 55.6808336], [12.5877044, 55.6808401], [12.5877153, 55.6808466], [12.5877261, 55.6808532], [12.5877369, 55.6808598], [12.5877476, 55.6808664], [12.5877583, 55.6808731], [12.5877689, 55.6808798], [12.5877795, 55.6808865], [12.58779, 55.6808932], [12.5878004, 55.6809], [12.5878108, 55.6809068], [12.5878212, 55.6809136], [12.5878314, 55.6809205], [12.5878417, 55.6809273], [12.5878518, 55.6809342], [12.5878619, 55.6809412], [12.587872, 55.6809481], [12.587882, 55.6809551], [12.5878919, 55.6809621], [12.5879018, 55.6809692], [12.5879116, 55.6809762], [12.5879214, 55.6809833], [12.5879311, 55.6809905], [12.5879407, 55.6809976], [12.5879503, 55.6810048], [12.5879598, 55.681012], [12.5879692, 55.6810192], [12.5879786, 55.6810264], [12.587988, 55.6810337], [12.5879973, 55.681041], [12.5880065, 55.6810483], [12.5880156, 55.6810557], [12.5880247, 55.681063], [12.5880337, 55.6810704], [12.5880427, 55.6810778], [12.5880516, 55.6810853], [12.5880605, 55.6810927], [12.5880692, 55.6811002], [12.588078, 55.6811077], [12.5880866, 55.6811153], [12.5880952, 55.6811228], [12.5881037, 55.6811304], [12.5881122, 55.681138], [12.5881206, 55.6811456], [12.5881289, 55.6811533], [12.5881372, 55.6811609], [12.5881454, 55.6811686], [12.5881536, 55.6811763], [12.5881617, 55.6811841], [12.5881697, 55.6811918], [12.5881776, 55.6811996], [12.5881855, 55.6812074], [12.5881933, 55.6812152], [12.5882011, 55.6812231], [12.5882088, 55.6812309], [12.5882164, 55.6812388], [12.588224, 55.6812467], [12.5882314, 55.6812546], [12.5882389, 55.6812626], [12.5882462, 55.6812705], [12.5882535, 55.6812785], [12.5882608, 55.6812865], [12.5882679, 55.6812945], [12.588275, 55.6813026], [12.588282, 55.6813106], [12.588289, 55.6813187], [12.5882959, 55.6813268], [12.5883027, 55.6813349], [12.5883095, 55.6813431], [12.5883161, 55.6813512], [12.5883228, 55.6813594], [12.5883293, 55.6813676], [12.5883358, 55.6813758], [12.5883422, 55.681384], [12.5883485, 55.6813922], [12.5883548, 55.6814005], [12.588361, 55.6814087], [12.5883672, 55.681417], [12.5883732, 55.6814253], [12.5883792, 55.6814336], [12.5883852, 55.681442], [12.588391, 55.6814503], [12.5883968, 55.6814587], [12.5884025, 55.6814671], [12.5884082, 55.6814755], [12.5884137, 55.6814839], [12.5884193, 55.6814923], [12.5884247, 55.6815007], [12.5884301, 55.6815092], [12.5884354, 55.6815177], [12.5884406, 55.6815261], [12.5884457, 55.6815346], [12.5884508, 55.6815431], [12.5884558, 55.6815517], [12.5884608, 55.6815602], [12.5884656, 55.6815688], [12.5884704, 55.6815773], [12.5884752, 55.6815859], [12.5884798, 55.6815945], [12.5884844, 55.6816031], [12.5884889, 55.6816117], [12.5884934, 55.6816203], [12.5884977, 55.681629], [12.588502, 55.6816376], [12.5885062, 55.6816463], [12.5885104, 55.6816549], [12.5885145, 55.6816636], [12.5885185, 55.6816723], [12.5885224, 55.681681], [12.5885263, 55.6816897], [12.58853, 55.6816985], [12.5885338, 55.6817072], [12.5885374, 55.6817159], [12.588541, 55.6817247], [12.5885445, 55.6817334], [12.5885479, 55.6817422], [12.5885512, 55.681751], [12.5885545, 55.6817598], [12.5885577, 55.6817686], [12.5885608, 55.6817774], [12.5885639, 55.6817862], [12.5885669, 55.681795], [12.5885698, 55.6818039], [12.5885726, 55.6818127], [12.5885754, 55.6818215], [12.588578, 55.6818304], [12.5885807, 55.6818393], [12.5885832, 55.6818481], [12.5885857, 55.681857], [12.588588, 55.6818659], [12.5885904, 55.6818748], [12.5885926, 55.6818836], [12.5885948, 55.6818925], [12.5885969, 55.6819015], [12.5885989, 55.6819104], [12.5886008, 55.6819193], [12.5886027, 55.6819282], [12.5886045, 55.6819371], [12.5886062, 55.681946], [12.5886078, 55.681955], [12.5886094, 55.6819639], [12.5886109, 55.6819729], [12.5886123, 55.6819818], [12.5886137, 55.6819908], [12.5886149, 55.6819997], [12.5886161, 55.6820087], [12.5886172, 55.6820176], [12.5886183, 55.6820266], [12.5886193, 55.6820356], [12.5886202, 55.6820445], [12.588621, 55.6820535], [12.5886217, 55.6820625], [12.5886224, 55.6820714], [12.588623, 55.6820804], [12.5886235, 55.6820894], [12.5886238, 55.6820949], [12.5886239, 55.6820984], [12.5886243, 55.6821073], [12.5886246, 55.6821163], [12.5886248, 55.6821253], [12.588625, 55.6821343], [12.5886251, 55.6821433], [12.5886251, 55.6821523], [12.588625, 55.6821612], [12.5886249, 55.6821702], [12.5886247, 55.6821792], [12.5886244, 55.6821882], [12.5886241, 55.6821972], [12.5886237, 55.6822061], [12.5886232, 55.6822151], [12.5886227, 55.6822241], [12.5886221, 55.6822331], [12.5886214, 55.682242], [12.5886207, 55.682251], [12.5886199, 55.68226], [12.5886191, 55.682269], [12.5886182, 55.6822779], [12.5886172, 55.6822869], [12.5886162, 55.6822959], [12.5886152, 55.6823048], [12.588614, 55.6823138], [12.5886128, 55.6823227], [12.5886116, 55.6823317], [12.5886103, 55.6823406], [12.588609, 55.6823496], [12.5886076, 55.6823585], [12.5886061, 55.6823675], [12.5886046, 55.6823764], [12.588603, 55.6823854], [12.5886014, 55.6823943], [12.5885998, 55.6824032], [12.5885981, 55.6824122], [12.5885963, 55.6824211], [12.5885945, 55.68243], [12.5885927, 55.6824389], [12.5885908, 55.6824478], [12.5885889, 55.6824568], [12.5885869, 55.6824657], [12.5885849, 55.6824746], [12.5885829, 55.6824835], [12.5885808, 55.6824924], [12.5885787, 55.6825013], [12.5885765, 55.6825102], [12.5885743, 55.6825191], [12.588572, 55.682528], [12.5885697, 55.6825369], [12.5885674, 55.6825458], [12.5885651, 55.6825546], [12.5885627, 55.6825635], [12.5885603, 55.6825724], [12.5885578, 55.6825813], [12.5885553, 55.6825901], [12.5885528, 55.682599], [12.5885503, 55.6826079], [12.5885477, 55.6826167], [12.5885451, 55.6826256], [12.5885424, 55.6826345], [12.5885398, 55.6826433], [12.5885371, 55.6826522], [12.5885344, 55.682661], [12.5885316, 55.6826699], [12.5885289, 55.6826787], [12.5885261, 55.6826876], [12.5885233, 55.6826964], [12.5885205, 55.6827052], [12.5885176, 55.6827141], [12.5885148, 55.6827229], [12.5885119, 55.6827317], [12.588509, 55.6827406], [12.588506, 55.6827494], [12.5885031, 55.6827582], [12.5885001, 55.682767], [12.5884972, 55.6827759], [12.5884942, 55.6827847], [12.5884912, 55.6827935], [12.5884882, 55.6828023], [12.5884851, 55.6828111], [12.5884821, 55.68282], [12.5884791, 55.6828288], [12.588476, 55.6828376], [12.5884729, 55.6828464], [12.5884699, 55.6828552], [12.5884668, 55.682864], [12.5884637, 55.6828728], [12.5884606, 55.6828816], [12.5884575, 55.6828905], [12.5884544, 55.6828993], [12.5884513, 55.6829081], [12.5884482, 55.6829169], [12.5884451, 55.6829257], [12.5884419, 55.6829345], [12.5884394, 55.6829416], [12.5884388, 55.6829433], [12.5884357, 55.6829521], [12.5884326, 55.6829609], [12.5884295, 55.6829697], [12.5884264, 55.6829785], [12.5884233, 55.6829873], [12.5884202, 55.6829962], [12.5884171, 55.683005], [12.588414, 55.6830138], [12.5884109, 55.6830226], [12.5884078, 55.6830314], [12.5884047, 55.6830402], [12.5884017, 55.683049], [12.5883986, 55.6830578], [12.5883956, 55.6830667], [12.5883925, 55.6830755], [12.5883895, 55.6830843], [12.5883865, 55.6830931], [12.5883835, 55.6831019], [12.5883805, 55.6831108], [12.5883776, 55.6831196], [12.5883746, 55.6831284], [12.5883717, 55.6831372], [12.5883688, 55.6831461], [12.5883659, 55.6831549], [12.588363, 55.6831637], [12.5883601, 55.6831726], [12.5883573, 55.6831814], [12.5883545, 55.6831902], [12.5883517, 55.6831991], [12.5883489, 55.6832079], [12.5883461, 55.6832168], [12.5883434, 55.6832256], [12.5883407, 55.6832345], [12.588338, 55.6832433], [12.5883354, 55.6832522], [12.5883328, 55.683261], [12.5883302, 55.6832699], [12.5883276, 55.6832788], [12.5883251, 55.6832876], [12.5883226, 55.6832965], [12.5883201, 55.6833054], [12.5883177, 55.6833142], [12.5883153, 55.6833231], [12.5883129, 55.683332], [12.5883105, 55.6833409], [12.5883082, 55.6833498], [12.588306, 55.6833587], [12.5883037, 55.6833676], [12.5883015, 55.6833765], [12.5882994, 55.6833854], [12.5882973, 55.6833943], [12.5882952, 55.6834032], [12.5882932, 55.6834121], [12.5882912, 55.683421], [12.5882892, 55.6834299], [12.5882873, 55.6834388], [12.5882854, 55.6834477], [12.5882836, 55.6834567], [12.5882818, 55.6834656], [12.5882801, 55.6834745], [12.5882784, 55.6834834], [12.5882768, 55.6834924], [12.5882752, 55.6835013], [12.5882737, 55.6835103], [12.5882722, 55.6835192], [12.5882708, 55.6835281], [12.5882694, 55.6835371], [12.5882681, 55.683546], [12.5882668, 55.683555], [12.5882656, 55.6835639], [12.5882644, 55.6835729], [12.5882633, 55.6835819], [12.5882622, 55.6835908], [12.5882613, 55.6835998], [12.5882603, 55.6836088], [12.5882594, 55.6836177], [12.5882586, 55.6836267], [12.5882579, 55.6836357], [12.5882572, 55.6836446], [12.5882565, 55.6836536], [12.588256, 55.6836626], [12.5882555, 55.6836716], [12.588255, 55.6836805], [12.5882547, 55.6836895], [12.5882543, 55.6836985], [12.5882541, 55.6837075], [12.5882539, 55.6837165], [12.5882538, 55.6837254], [12.5882538, 55.6837344], [12.5882538, 55.6837434], [12.5882539, 55.6837524], [12.5882541, 55.6837614], [12.5882544, 55.6837704], [12.5882547, 55.6837793], [12.588255, 55.6837872], [12.5882551, 55.6837883], [12.5882556, 55.6837973], [12.5882561, 55.6838063], [12.5882567, 55.6838152], [12.5882574, 55.6838242], [12.5882582, 55.6838332], [12.5882591, 55.6838422], [12.58826, 55.6838511], [12.588261, 55.6838601], [12.5882621, 55.683869], [12.5882632, 55.683878], [12.5882644, 55.683887], [12.5882657, 55.6838959], [12.5882671, 55.6839049], [12.5882686, 55.6839138], [12.5882701, 55.6839227], [12.5882717, 55.6839317], [12.5882733, 55.6839406], [12.5882751, 55.6839495], [12.5882769, 55.6839585], [12.5882788, 55.6839674], [12.5882808, 55.6839763], [12.5882828, 55.6839852], [12.5882849, 55.6839941], [12.5882871, 55.684003], [12.5882894, 55.6840119], [12.5882917, 55.6840208], [12.5882942, 55.6840297], [12.5882966, 55.6840385], [12.5882992, 55.6840474], [12.5883018, 55.6840562], [12.5883046, 55.6840651], [12.5883073, 55.6840739], [12.5883102, 55.6840828], [12.5883131, 55.6840916], [12.5883161, 55.6841004], [12.5883192, 55.6841092], [12.5883224, 55.684118], [12.5883256, 55.6841268], [12.5883289, 55.6841356], [12.5883323, 55.6841444], [12.5883357, 55.6841532], [12.5883392, 55.6841619], [12.5883428, 55.6841707], [12.5883465, 55.6841794], [12.5883502, 55.6841881], [12.588354, 55.6841969], [12.5883579, 55.6842056], [12.5883619, 55.6842143], [12.5883659, 55.684223], [12.58837, 55.6842316], [12.5883742, 55.6842403], [12.5883784, 55.684249], [12.5883828, 55.6842576], [12.5883871, 55.6842662], [12.5883916, 55.6842749], [12.5883961, 55.6842835], [12.5884008, 55.6842921], [12.5884054, 55.6843006], [12.5884102, 55.6843092], [12.588415, 55.6843178], [12.5884199, 55.6843263], [12.5884249, 55.6843349], [12.5884299, 55.6843434], [12.588435, 55.6843519], [12.5884402, 55.6843604], [12.5884454, 55.6843688], [12.5884507, 55.6843773], [12.5884561, 55.6843857], [12.5884561, 55.6843858], [12.5884616, 55.6843942], [12.5884671, 55.6844026], [12.5884727, 55.684411], [12.5884784, 55.6844194], [12.5884841, 55.6844278], [12.5884899, 55.6844362], [12.5884957, 55.6844445], [12.5885016, 55.6844529], [12.5885076, 55.6844612], [12.5885136, 55.6844695], [12.5885197, 55.6844778], [12.5885258, 55.6844861], [12.588532, 55.6844944], [12.5885382, 55.6845026], [12.5885444, 55.6845109], [12.5885507, 55.6845191], [12.5885571, 55.6845274], [12.5885635, 55.6845356], [12.5885699, 55.6845438], [12.5885763, 55.684552], [12.5885828, 55.6845602], [12.5885894, 55.6845684], [12.5885959, 55.6845766], [12.5886025, 55.6845848], [12.5886091, 55.6845929], [12.5886158, 55.6846011], [12.5886224, 55.6846092], [12.5886291, 55.6846174], [12.5886359, 55.6846255], [12.5886426, 55.6846337], [12.5886493, 55.6846418], [12.5886561, 55.6846499], [12.5886629, 55.6846581], [12.5886697, 55.6846662], [12.5886765, 55.6846743], [12.5886833, 55.6846824], [12.5886902, 55.6846905], [12.588697, 55.6846986], [12.5887039, 55.6847067], [12.5887107, 55.6847148], [12.5887175, 55.6847229], [12.5887189, 55.6847245], [12.5887244, 55.684731], [12.5887312, 55.6847391], [12.5887381, 55.6847473], [12.5887449, 55.6847554], [12.5887518, 55.6847635], [12.5887586, 55.6847716], [12.5887655, 55.6847797], [12.5887723, 55.6847878], [12.5887792, 55.6847959], [12.588786, 55.684804], [12.5887929, 55.6848121], [12.5887997, 55.6848202], [12.5888066, 55.6848283], [12.5888134, 55.6848364], [12.5888203, 55.6848445], [12.5888271, 55.6848526], [12.588834, 55.6848607], [12.5888408, 55.6848688], [12.5888477, 55.6848769], [12.5888545, 55.6848851], [12.5888614, 55.6848932], [12.5888682, 55.6849013], [12.5888751, 55.6849094], [12.5888819, 55.6849175], [12.5888888, 55.6849256], [12.5888956, 55.6849337], [12.5889025, 55.6849418], [12.5889093, 55.6849499], [12.5889162, 55.684958], [12.588923, 55.6849661], [12.5889299, 55.6849742], [12.5889367, 55.6849823], [12.5889436, 55.6849904], [12.5889504, 55.6849985], [12.5889573, 55.6850066], [12.5889641, 55.6850147], [12.588971, 55.6850228], [12.5889778, 55.685031], [12.5889847, 55.6850391], [12.5889915, 55.6850472], [12.5889984, 55.6850553], [12.5890052, 55.6850634], [12.5890121, 55.6850715], [12.5890189, 55.6850796], [12.5890257, 55.6850877], [12.5890326, 55.6850958], [12.5890394, 55.6851039], [12.5890463, 55.685112], [12.5890531, 55.6851201], [12.58906, 55.6851282], [12.5890668, 55.6851363], [12.5890737, 55.6851444], [12.5890805, 55.6851525], [12.5890874, 55.6851606], [12.5890942, 55.6851687], [12.5891011, 55.6851769], [12.5891079, 55.685185], [12.5891148, 55.6851931], [12.5891216, 55.6852012], [12.5891285, 55.6852093], [12.5891353, 55.6852174], [12.5891422, 55.6852255], [12.589149, 55.6852336], [12.5891559, 55.6852417], [12.5891627, 55.6852498], [12.5891696, 55.6852579], [12.5891764, 55.685266], [12.5891833, 55.6852741], [12.5891901, 55.6852822], [12.589197, 55.6852903], [12.5892038, 55.6852984], [12.5892107, 55.6853065], [12.5892175, 55.6853146], [12.5892244, 55.6853228], [12.5892312, 55.6853309], [12.5892381, 55.685339], [12.5892449, 55.6853471], [12.5892518, 55.6853552], [12.5892586, 55.6853633], [12.5892655, 55.6853714], [12.5892723, 55.6853795], [12.5892792, 55.6853876], [12.589286, 55.6853957], [12.5892929, 55.6854038], [12.5892997, 55.6854119], [12.5893066, 55.68542], [12.5893134, 55.6854281], [12.5893203, 55.6854362], [12.5893271, 55.6854443], [12.589334, 55.6854524], [12.5893408, 55.6854606], [12.5893477, 55.6854687], [12.5893545, 55.6854768], [12.5893614, 55.6854849], [12.5893682, 55.685493], [12.5893751, 55.6855011], [12.5893819, 55.6855092], [12.5893888, 55.6855173], [12.5893956, 55.6855254], [12.5894024, 55.6855335], [12.5894093, 55.6855416], [12.5894161, 55.6855497], [12.589423, 55.6855578], [12.5894298, 55.6855659], [12.5894367, 55.685574], [12.5894399, 55.6855778], [12.5894435, 55.6855821], [12.5894504, 55.6855902], [12.5894572, 55.6855983], [12.5894641, 55.6856065], [12.5894709, 55.6856146], [12.5894778, 55.6856227], [12.5894846, 55.6856308], [12.5894915, 55.6856389], [12.5894983, 55.685647], [12.5895051, 55.6856551], [12.589512, 55.6856632], [12.5895188, 55.6856713], [12.5895256, 55.6856794], [12.5895324, 55.6856876], [12.5895392, 55.6856957], [12.589546, 55.6857038], [12.5895528, 55.6857119], [12.5895596, 55.68572], [12.5895664, 55.6857282], [12.5895732, 55.6857363], [12.5895799, 55.6857444], [12.5895867, 55.6857525], [12.5895935, 55.6857607], [12.5896002, 55.6857688], [12.5896069, 55.6857769], [12.5896136, 55.6857851], [12.5896204, 55.6857932], [12.5896271, 55.6858014], [12.5896337, 55.6858095], [12.5896404, 55.6858177], [12.5896471, 55.6858258], [12.5896537, 55.685834], [12.5896604, 55.6858421], [12.589667, 55.6858503], [12.5896736, 55.6858585], [12.5896802, 55.6858666], [12.5896868, 55.6858748], [12.5896934, 55.685883], [12.5896999, 55.6858912], [12.5897065, 55.6858994], [12.589713, 55.6859076], [12.5897195, 55.6859158], [12.589726, 55.685924], [12.5897325, 55.6859322], [12.5897389, 55.6859404], [12.5897453, 55.6859486], [12.5897518, 55.6859568], [12.5897582, 55.685965], [12.5897645, 55.6859732], [12.5897709, 55.6859815], [12.5897772, 55.6859897], [12.5897835, 55.685998], [12.5897898, 55.6860062], [12.5897961, 55.6860145], [12.5898024, 55.6860227], [12.5898086, 55.686031], [12.5898148, 55.6860393], [12.589821, 55.6860475], [12.5898271, 55.6860558], [12.5898333, 55.6860641], [12.5898351, 55.6860666], [12.5898394, 55.6860724], [12.5898455, 55.6860807], [12.5898515, 55.686089], [12.5898575, 55.6860973], [12.5898636, 55.6861056], [12.5898695, 55.6861139], [12.5898755, 55.6861223], [12.5898814, 55.6861306], [12.5898873, 55.6861389], [12.5898932, 55.6861473], [12.5898991, 55.6861556], [12.5899049, 55.686164], [12.5899107, 55.6861723], [12.5899165, 55.6861807], [12.5899223, 55.6861891], [12.589928, 55.6861975], [12.5899337, 55.6862058], [12.5899394, 55.6862142], [12.5899451, 55.6862226], [12.5899507, 55.686231], [12.5899563, 55.6862394], [12.5899619, 55.6862478], [12.5899674, 55.6862563], [12.589973, 55.6862647], [12.5899785, 55.6862731], [12.589984, 55.6862815], [12.5899894, 55.68629], [12.5899948, 55.6862984], [12.5900002, 55.6863069], [12.5900056, 55.6863153], [12.590011, 55.6863238], [12.5900163, 55.6863322], [12.5900216, 55.6863407], [12.5900269, 55.6863492], [12.5900321, 55.6863576], [12.5900374, 55.6863661], [12.5900426, 55.6863746], [12.5900478, 55.6863831], [12.5900529, 55.6863916], [12.590058, 55.6864001], [12.5900631, 55.6864086], [12.5900682, 55.6864171], [12.5900733, 55.6864256], [12.5900783, 55.6864342], [12.5900833, 55.6864427], [12.5900883, 55.6864512], [12.5900932, 55.6864598], [12.5900981, 55.6864683], [12.590103, 55.6864768], [12.5901079, 55.6864854], [12.5901127, 55.6864939], [12.5901175, 55.6865025], [12.5901223, 55.6865111], [12.5901271, 55.6865196], [12.5901319, 55.6865282], [12.5901366, 55.6865368], [12.5901413, 55.6865454], [12.5901459, 55.686554], [12.5901506, 55.6865626], [12.5901552, 55.6865711], [12.5901598, 55.6865797], [12.5901643, 55.6865883], [12.5901689, 55.686597], [12.5901734, 55.6866056], [12.5901779, 55.6866142], [12.5901823, 55.6866228], [12.5901867, 55.6866314], [12.5901912, 55.6866401], [12.5901955, 55.6866487], [12.5901999, 55.6866573], [12.5902042, 55.686666], [12.5902085, 55.6866746], [12.5902128, 55.6866833], [12.590217, 55.6866919], [12.5902213, 55.6867006], [12.5902255, 55.6867093], [12.5902296, 55.6867179], [12.5902338, 55.6867266], [12.5902379, 55.6867353], [12.590242, 55.6867439], [12.5902461, 55.6867526], [12.5902501, 55.6867613], [12.5902541, 55.68677], [12.5902581, 55.6867787], [12.5902621, 55.6867874], [12.590266, 55.6867961], [12.5902699, 55.6868048], [12.5902738, 55.6868135], [12.5902777, 55.6868222], [12.5902815, 55.6868309], [12.5902853, 55.6868397], [12.5902891, 55.6868484], [12.5902929, 55.6868571], [12.5902966, 55.6868658], [12.5903003, 55.6868746], [12.590304, 55.6868833], [12.5903076, 55.6868921], [12.5903113, 55.6869008], [12.5903149, 55.6869096], [12.5903184, 55.6869183], [12.590322, 55.6869271], [12.5903255, 55.6869358], [12.590329, 55.6869446], [12.5903325, 55.6869534], [12.5903359, 55.6869621], [12.5903393, 55.6869709], [12.5903427, 55.6869797], [12.5903461, 55.6869884], [12.5903494, 55.6869972], [12.5903527, 55.687006], [12.590356, 55.6870148], [12.5903592, 55.6870236], [12.5903625, 55.6870324], [12.5903657, 55.6870412], [12.5903688, 55.68705], [12.590372, 55.6870588], [12.5903751, 55.6870676], [12.5903782, 55.6870764], [12.5903813, 55.6870852], [12.5903843, 55.687094], [12.5903874, 55.6871029], [12.5903904, 55.6871117], [12.5903933, 55.6871205], [12.5903963, 55.6871293], [12.5903992, 55.6871382], [12.5904021, 55.687147], [12.5904049, 55.6871558], [12.5904077, 55.6871647], [12.5904106, 55.6871735], [12.5904133, 55.6871823], [12.5904161, 55.6871912], [12.5904188, 55.6872], [12.5904215, 55.6872089], [12.5904242, 55.6872177], [12.5904268, 55.6872266], [12.5904295, 55.6872355], [12.5904321, 55.6872443], [12.5904346, 55.6872532], [12.5904372, 55.6872621], [12.5904397, 55.6872709], [12.5904422, 55.6872798], [12.5904446, 55.6872887], [12.5904471, 55.6872975], [12.5904495, 55.6873064], [12.5904519, 55.6873153], [12.5904542, 55.6873242], [12.5904565, 55.6873331], [12.5904588, 55.687342], [12.5904611, 55.6873508], [12.5904634, 55.6873597], [12.5904656, 55.6873686], [12.5904678, 55.6873775], [12.5904699, 55.6873864], [12.5904721, 55.6873953], [12.5904742, 55.6874042], [12.5904763, 55.6874131], [12.5904784, 55.687422], [12.5904804, 55.6874309], [12.5904824, 55.6874399], [12.5904844, 55.6874488], [12.5904863, 55.6874577], [12.5904883, 55.6874666], [12.5904902, 55.6874755], [12.590492, 55.6874844], [12.5904939, 55.6874934], [12.5904957, 55.6875023], [12.5904975, 55.6875112], [12.5904993, 55.6875201], [12.590501, 55.6875291], [12.5905027, 55.687538], [12.5905044, 55.6875469], [12.5905061, 55.6875558], [12.5905077, 55.6875648], [12.5905093, 55.6875737], [12.5905109, 55.6875827], [12.5905124, 55.6875916], [12.590514, 55.6876005], [12.5905155, 55.6876095], [12.5905169, 55.6876184], [12.5905184, 55.6876274], [12.5905198, 55.6876363], [12.5905212, 55.6876453], [12.5905226, 55.6876542], [12.5905239, 55.6876632], [12.5905252, 55.6876721], [12.5905265, 55.6876811], [12.5905278, 55.68769], [12.590529, 55.687699], [12.5905302, 55.6877079], [12.5905314, 55.6877169], [12.5905325, 55.6877258], [12.5905336, 55.6877348], [12.5905347, 55.6877438], [12.5905358, 55.6877527], [12.5905368, 55.6877617], [12.5905379, 55.6877706], [12.5905389, 55.6877796], [12.5905398, 55.6877886], [12.5905408, 55.6877975], [12.5905417, 55.6878065], [12.5905425, 55.6878155], [12.5905434, 55.6878244], [12.5905442, 55.6878334], [12.590545, 55.6878424], [12.5905458, 55.6878514], [12.5905465, 55.6878603], [12.5905473, 55.6878693], [12.590548, 55.6878783], [12.5905486, 55.6878872], [12.5905493, 55.6878962], [12.5905499, 55.6879052], [12.5905505, 55.6879142], [12.590551, 55.6879231], [12.5905516, 55.6879321], [12.5905521, 55.6879411], [12.5905525, 55.6879501], [12.590553, 55.6879591], [12.5905534, 55.687968], [12.5905538, 55.687977], [12.5905542, 55.687986], [12.5905545, 55.687995], [12.5905548, 55.688004], [12.5905551, 55.6880129], [12.5905554, 55.6880219], [12.5905556, 55.6880309], [12.5905558, 55.6880399], [12.590556, 55.6880489], [12.5905562, 55.6880578], [12.5905563, 55.6880668], [12.5905564, 55.6880758], [12.5905565, 55.6880848], [12.5905565, 55.6880938], [12.5905565, 55.6881027], [12.5905565, 55.6881117], [12.5905565, 55.6881207], [12.5905564, 55.6881297], [12.5905563, 55.6881387], [12.5905562, 55.6881477], [12.5905561, 55.6881566], [12.5905559, 55.6881656], [12.5905557, 55.6881746], [12.5905555, 55.6881836], [12.5905553, 55.6881926], [12.590555, 55.6882015], [12.5905547, 55.6882105], [12.5905543, 55.6882195], [12.590554, 55.6882285], [12.5905536, 55.6882375], [12.5905532, 55.6882464], [12.5905528, 55.6882554], [12.5905523, 55.6882644], [12.5905518, 55.6882734], [12.5905513, 55.6882824], [12.5905507, 55.6882913], [12.5905502, 55.6883003], [12.5905496, 55.6883093], [12.5905489, 55.6883183], [12.5905483, 55.6883272], [12.5905476, 55.6883362], [12.5905469, 55.6883452], [12.5905462, 55.6883541], [12.5905454, 55.6883631], [12.5905446, 55.6883721], [12.5905438, 55.6883811], [12.5905429, 55.68839], [12.5905421, 55.688399], [12.5905412, 55.688408], [12.5905403, 55.6884169], [12.5905393, 55.6884259], [12.5905383, 55.6884349], [12.5905373, 55.6884438], [12.5905363, 55.6884528], [12.5905352, 55.6884618], [12.5905342, 55.6884707], [12.5905331, 55.6884797], [12.5905319, 55.6884886], [12.5905307, 55.6884976], [12.5905296, 55.6885065], [12.5905283, 55.6885155], [12.5905271, 55.6885245], [12.5905258, 55.6885334], [12.5905245, 55.6885424], [12.5905232, 55.6885513], [12.5905218, 55.6885603], [12.5905205, 55.6885692], [12.5905191, 55.6885782], [12.5905176, 55.6885871], [12.5905162, 55.688596], [12.5905147, 55.688605], [12.5905132, 55.6886139], [12.5905116, 55.6886229], [12.5905101, 55.6886318], [12.5905085, 55.6886407], [12.5905068, 55.6886497], [12.5905052, 55.6886586], [12.5905035, 55.6886675], [12.5905018, 55.6886765], [12.5905001, 55.6886854], [12.5904983, 55.6886943], [12.5904966, 55.6887033], [12.5904947, 55.6887122], [12.5904929, 55.6887211], [12.5904911, 55.68873], [12.5904892, 55.6887389], [12.5904872, 55.6887479], [12.5904853, 55.6887568], [12.5904833, 55.6887657], [12.5904813, 55.6887746], [12.5904793, 55.6887835], [12.5904773, 55.6887924], [12.5904752, 55.6888013], [12.5904731, 55.6888102], [12.590471, 55.6888191], [12.5904688, 55.688828], [12.5904666, 55.6888369], [12.5904644, 55.6888458], [12.5904622, 55.6888547], [12.5904599, 55.6888636], [12.5904576, 55.6888725], [12.5904553, 55.6888814], [12.590453, 55.6888902], [12.5904506, 55.6888991], [12.5904482, 55.688908], [12.5904458, 55.6889169], [12.5904433, 55.6889258], [12.5904409, 55.6889346], [12.5904384, 55.6889435], [12.5904358, 55.6889524], [12.5904333, 55.6889612], [12.5904307, 55.6889701], [12.5904281, 55.688979], [12.5904254, 55.6889878], [12.5904228, 55.6889967], [12.5904201, 55.6890055], [12.5904174, 55.6890144], [12.5904146, 55.6890232], [12.5904119, 55.6890321], [12.5904091, 55.6890409], [12.5904063, 55.6890497], [12.5904034, 55.6890586], [12.5904005, 55.6890674], [12.5903976, 55.6890762], [12.5903947, 55.6890851], [12.5903918, 55.6890939], [12.5903888, 55.6891027], [12.5903858, 55.6891115], [12.5903827, 55.6891204], [12.5903797, 55.6891292], [12.5903766, 55.689138], [12.5903735, 55.6891468], [12.5903703, 55.6891556], [12.5903672, 55.6891644], [12.590364, 55.6891732], [12.5903608, 55.689182], [12.5903575, 55.6891908], [12.5903542, 55.6891996], [12.590351, 55.6892084], [12.5903476, 55.6892171], [12.5903443, 55.6892259], [12.5903409, 55.6892347], [12.5903375, 55.6892435], [12.5903341, 55.6892522], [12.5903306, 55.689261], [12.5903271, 55.6892698], [12.5903236, 55.6892785], [12.5903201, 55.6892873], [12.5903165, 55.6892961], [12.5903129, 55.6893048], [12.5903093, 55.6893135], [12.5903057, 55.6893223], [12.590302, 55.689331], [12.5902983, 55.6893398], [12.5902946, 55.6893485], [12.5902909, 55.6893572], [12.5902871, 55.689366], [12.5902833, 55.6893747], [12.5902795, 55.6893834], [12.5902756, 55.6893921], [12.5902718, 55.6894008], [12.5902679, 55.6894095], [12.5902639, 55.6894182], [12.59026, 55.6894269], [12.590256, 55.6894356], [12.590252, 55.6894443], [12.590248, 55.689453], [12.5902439, 55.6894617], [12.5902398, 55.6894704], [12.5902357, 55.6894791], [12.5902316, 55.6894877], [12.5902274, 55.6894964], [12.5902232, 55.6895051], [12.590219, 55.6895137], [12.5902148, 55.6895224], [12.5902105, 55.689531], [12.5902062, 55.6895397], [12.5902019, 55.6895483], [12.5901976, 55.689557], [12.5901932, 55.6895656], [12.5901888, 55.6895742], [12.5901844, 55.6895829], [12.5901799, 55.6895915], [12.5901755, 55.6896001], [12.590171, 55.6896087], [12.5901664, 55.6896173], [12.5901619, 55.6896259], [12.5901573, 55.6896345], [12.5901527, 55.6896431], [12.5901481, 55.6896517], [12.5901434, 55.6896603], [12.5901388, 55.6896689], [12.5901341, 55.6896775], [12.5901293, 55.6896861], [12.5901246, 55.6896946], [12.5901198, 55.6897032], [12.590115, 55.6897117], [12.5901102, 55.6897203], [12.5901053, 55.6897289], [12.5901004, 55.6897374], [12.5900955, 55.6897459], [12.5900906, 55.6897545], [12.5900856, 55.689763], [12.5900806, 55.6897715], [12.5900756, 55.6897801], [12.5900706, 55.6897886], [12.5900655, 55.6897971], [12.5900604, 55.6898056], [12.5900553, 55.6898141], [12.5900502, 55.6898226], [12.590045, 55.6898311], [12.5900398, 55.6898396], [12.5900346, 55.6898481], [12.5900293, 55.6898566], [12.5900241, 55.689865], [12.5900188, 55.6898735], [12.5900135, 55.689882], [12.5900081, 55.6898904], [12.5900028, 55.6898989], [12.5899974, 55.6899073], [12.5899919, 55.6899158], [12.5899865, 55.6899242], [12.589981, 55.6899327], [12.5899755, 55.6899411], [12.58997, 55.6899495], [12.5899645, 55.6899579], [12.5899589, 55.6899663], [12.5899533, 55.6899747], [12.5899477, 55.6899831], [12.589942, 55.6899915], [12.5899364, 55.6899999], [12.5899307, 55.6900083], [12.5899249, 55.6900167], [12.5899192, 55.6900251], [12.5899134, 55.6900334], [12.5899076, 55.6900418], [12.5899018, 55.6900502], [12.5898959, 55.6900585], [12.5898901, 55.6900669], [12.5898842, 55.6900752], [12.5898782, 55.6900835], [12.5898723, 55.6900919], [12.5898663, 55.6901002], [12.5898603, 55.6901085], [12.5898543, 55.6901168], [12.5898483, 55.6901251], [12.5898422, 55.6901334], [12.5898361, 55.6901417], [12.58983, 55.69015], [12.5898238, 55.6901583], [12.5898176, 55.6901666], [12.5898114, 55.6901748], [12.5898052, 55.6901831], [12.589799, 55.6901914], [12.5897927, 55.6901996], [12.5897864, 55.6902079], [12.5897801, 55.6902161], [12.5897737, 55.6902244], [12.5897674, 55.6902326], [12.589761, 55.6902408], [12.5897546, 55.690249], [12.5897481, 55.6902572], [12.5897416, 55.6902654], [12.5897352, 55.6902736], [12.5897286, 55.6902818], [12.5897221, 55.69029], [12.5897155, 55.6902982], [12.5897089, 55.6903064], [12.5897023, 55.6903145], [12.5896957, 55.6903227], [12.589689, 55.6903309], [12.5896823, 55.690339], [12.5896756, 55.6903471], [12.5896689, 55.6903553], [12.5896621, 55.6903634], [12.5896553, 55.6903715], [12.5896485, 55.6903796], [12.5896417, 55.6903878], [12.5896348, 55.6903959], [12.5896279, 55.690404], [12.589621, 55.690412], [12.5896141, 55.6904201], [12.5896071, 55.6904282], [12.5896001, 55.6904363], [12.5895931, 55.6904443], [12.5895861, 55.6904524], [12.5895791, 55.6904604], [12.589572, 55.6904685], [12.5895649, 55.6904765], [12.5895577, 55.6904845], [12.5895506, 55.6904926], [12.5895434, 55.6905006], [12.5895362, 55.6905086], [12.589529, 55.6905166], [12.5895218, 55.6905246], [12.5895145, 55.6905326], [12.5895072, 55.6905406], [12.5894999, 55.6905485], [12.5894925, 55.6905565], [12.5894852, 55.6905645], [12.5894778, 55.6905724], [12.5894704, 55.6905804], [12.5894629, 55.6905883], [12.5894555, 55.6905962], [12.589448, 55.6906042], [12.5894405, 55.6906121], [12.5894329, 55.69062], [12.5894254, 55.6906279], [12.5894178, 55.6906358], [12.5894102, 55.6906437], [12.5894026, 55.6906515], [12.5893949, 55.6906594], [12.5893872, 55.6906673], [12.5893795, 55.6906751], [12.5893718, 55.690683], [12.5893641, 55.6906908], [12.5893563, 55.6906987], [12.5893485, 55.6907065], [12.5893407, 55.6907143], [12.5893329, 55.6907221], [12.589325, 55.6907299], [12.5893171, 55.6907377], [12.5893092, 55.6907455], [12.5893013, 55.6907533], [12.5892933, 55.6907611], [12.5892853, 55.6907689], [12.5892773, 55.6907766], [12.5892693, 55.6907844], [12.5892612, 55.6907921], [12.5892532, 55.6907999], [12.5892451, 55.6908076], [12.589237, 55.6908153], [12.5892288, 55.690823], [12.5892206, 55.6908307], [12.5892125, 55.6908384], [12.5892042, 55.6908461], [12.589196, 55.6908538], [12.5891878, 55.6908615], [12.5891795, 55.6908692], [12.5891712, 55.6908768], [12.5891628, 55.6908845], [12.5891545, 55.6908921], [12.5891461, 55.6908998], [12.5891377, 55.6909074], [12.5891293, 55.690915], [12.5891209, 55.6909226], [12.5891124, 55.6909302], [12.5891039, 55.6909378], [12.5890954, 55.6909454], [12.5890869, 55.690953], [12.5890783, 55.6909605], [12.5890697, 55.6909681], [12.5890611, 55.6909757], [12.5890525, 55.6909832], [12.5890439, 55.6909907], [12.5890352, 55.6909983], [12.5890265, 55.6910058], [12.5890178, 55.6910133], [12.5890091, 55.6910208], [12.5890003, 55.6910283], [12.5889915, 55.6910358], [12.5889827, 55.6910433], [12.5889739, 55.6910508], [12.588965, 55.6910582], [12.5889562, 55.6910657], [12.5889473, 55.6910731], [12.5889384, 55.6910806], [12.5889294, 55.691088], [12.5889205, 55.6910954], [12.5889115, 55.6911028], [12.5889025, 55.6911102], [12.5888934, 55.6911176], [12.5888844, 55.691125], [12.5888753, 55.6911324], [12.5888662, 55.6911397], [12.5888571, 55.6911471], [12.588848, 55.6911544], [12.5888388, 55.6911618], [12.5888296, 55.6911691], [12.5888204, 55.6911764], [12.5888112, 55.6911838], [12.588802, 55.6911911], [12.5887927, 55.6911984], [12.5887834, 55.6912057], [12.5887741, 55.6912129], [12.5887648, 55.6912202], [12.5887554, 55.6912275], [12.588746, 55.6912347], [12.5887366, 55.691242], [12.5887272, 55.6912492], [12.5887178, 55.6912564], [12.5887083, 55.6912636], [12.5886988, 55.6912709], [12.5886893, 55.6912781], [12.5886798, 55.6912852], [12.5886702, 55.6912924], [12.5886606, 55.6912996], [12.588651, 55.6913068], [12.5886414, 55.6913139], [12.5886318, 55.6913211], [12.5886221, 55.6913282], [12.5886125, 55.6913353], [12.5886027, 55.6913424], [12.588593, 55.6913495], [12.5885833, 55.6913566], [12.5885735, 55.6913637], [12.5885637, 55.6913708], [12.5885539, 55.6913779], [12.5885441, 55.6913849], [12.5885342, 55.691392], [12.5885244, 55.691399], [12.5885145, 55.6914061], [12.5885046, 55.6914131], [12.5884946, 55.6914201], [12.5884847, 55.6914271], [12.5884786, 55.6914314], [12.5884747, 55.6914341], [12.5884647, 55.6914411], [12.5884547, 55.6914481], [12.5884446, 55.691455], [12.5884346, 55.691462], [12.5884245, 55.6914689], [12.5884144, 55.6914759], [12.5884043, 55.6914828], [12.5883941, 55.6914897], [12.588384, 55.6914966], [12.5883738, 55.6915035], [12.5883636, 55.6915104], [12.5883534, 55.6915173], [12.5883431, 55.6915242], [12.5883329, 55.691531], [12.5883226, 55.6915379], [12.5883123, 55.6915447], [12.588302, 55.6915516], [12.5882917, 55.6915584], [12.5882813, 55.6915652], [12.588271, 55.691572], [12.5882606, 55.6915788], [12.5882502, 55.6915856], [12.5882398, 55.6915924], [12.5882293, 55.6915992], [12.5882189, 55.6916059], [12.5882084, 55.6916127], [12.5881979, 55.6916194], [12.5881874, 55.6916262], [12.5881769, 55.6916329], [12.5881663, 55.6916396], [12.5881558, 55.6916464], [12.5881452, 55.6916531], [12.5881346, 55.6916598], [12.588124, 55.6916665], [12.5881134, 55.6916731], [12.5881027, 55.6916798], [12.5880921, 55.6916865], [12.5880814, 55.6916931], [12.5880707, 55.6916998], [12.58806, 55.6917064], [12.5880493, 55.6917131], [12.5880386, 55.6917197], [12.5880278, 55.6917263], [12.5880171, 55.6917329], [12.5880063, 55.6917395], [12.5879955, 55.6917461], [12.5879847, 55.6917527], [12.5879739, 55.6917593], [12.5879631, 55.6917659], [12.5879522, 55.6917725], [12.5879413, 55.691779], [12.5879305, 55.6917856], [12.5879196, 55.6917921], [12.5879087, 55.6917987], [12.5878978, 55.6918052], [12.5878868, 55.6918117], [12.5878759, 55.6918182], [12.587865, 55.6918247], [12.587854, 55.6918312], [12.587843, 55.6918377], [12.587832, 55.6918442], [12.587821, 55.6918507], [12.58781, 55.6918572], [12.587799, 55.6918637], [12.5877879, 55.6918701], [12.5877769, 55.6918766], [12.5877658, 55.691883], [12.5877547, 55.6918895], [12.5877436, 55.6918959], [12.5877325, 55.6919024], [12.5877214, 55.6919088], [12.5877103, 55.6919152], [12.5876992, 55.6919216], [12.587688, 55.691928], [12.5876769, 55.6919344], [12.5876657, 55.6919408], [12.5876545, 55.6919472], [12.5876433, 55.6919536], [12.5876321, 55.69196], [12.5876209, 55.6919663], [12.5876097, 55.6919727], [12.5875985, 55.6919791], [12.5875873, 55.6919854], [12.587576, 55.6919918], [12.5875647, 55.6919981], [12.5875535, 55.6920044], [12.5875422, 55.6920108], [12.5875309, 55.6920171], [12.5875196, 55.6920234], [12.5875083, 55.6920297], [12.587497, 55.6920361], [12.5874857, 55.6920424], [12.5874744, 55.6920487], [12.587463, 55.692055], [12.5874517, 55.6920613], [12.5874403, 55.6920675], [12.587429, 55.6920738], [12.5874176, 55.6920801], [12.5874062, 55.6920864], [12.5873948, 55.6920926], [12.5873834, 55.6920989], [12.587372, 55.6921052], [12.5873606, 55.6921114], [12.5873492, 55.6921177], [12.5873378, 55.6921239], [12.5873263, 55.6921302], [12.5873149, 55.6921364], [12.5873034, 55.6921426], [12.587292, 55.6921489], [12.5872805, 55.6921551], [12.5872691, 55.6921613], [12.5872576, 55.6921675], [12.5872461, 55.6921738], [12.5872346, 55.69218], [12.5872231, 55.6921862], [12.5872116, 55.6921924], [12.5872001, 55.6921986], [12.5871886, 55.6922048], [12.5871771, 55.692211], [12.5871656, 55.6922172], [12.5871541, 55.6922233], [12.5871425, 55.6922295], [12.587131, 55.6922357], [12.5871195, 55.6922419], [12.5871079, 55.6922481], [12.5870964, 55.6922542], [12.5870848, 55.6922604], [12.5870732, 55.6922666], [12.5870617, 55.6922727], [12.5870501, 55.6922789], [12.5870385, 55.6922851], [12.5870269, 55.6922912], [12.5870154, 55.6922974], [12.5870038, 55.6923035], [12.5869922, 55.6923097], [12.5869806, 55.6923158], [12.586969, 55.692322], [12.5869574, 55.6923281], [12.5869458, 55.6923342], [12.5869342, 55.6923404], [12.5869226, 55.6923465], [12.5869109, 55.6923526], [12.5868993, 55.6923588], [12.5868877, 55.6923649], [12.5868761, 55.692371], [12.5868644, 55.6923772], [12.5868528, 55.6923833], [12.5868412, 55.6923894], [12.5868295, 55.6923955], [12.5868179, 55.6924017], [12.5868063, 55.6924078], [12.5867946, 55.6924139], [12.586783, 55.69242], [12.5867713, 55.6924261], [12.5867597, 55.6924322], [12.586748, 55.6924384], [12.5867364, 55.6924445], [12.5867247, 55.6924506], [12.5867131, 55.6924567], [12.5867014, 55.6924628], [12.5866898, 55.6924689], [12.5866781, 55.692475], [12.5866665, 55.6924811], [12.5866548, 55.6924872], [12.5866431, 55.6924933], [12.5866315, 55.6924994], [12.5866198, 55.6925056], [12.5866082, 55.6925117], [12.5865965, 55.6925178], [12.5865848, 55.6925239], [12.5865793, 55.6925268], [12.5865732, 55.69253], [12.5865615, 55.6925361], [12.5865498, 55.6925422], [12.5865382, 55.6925483], [12.5865265, 55.6925544], [12.5865149, 55.6925605], [12.5865032, 55.6925666], [12.5864915, 55.6925727], [12.5864799, 55.6925788], [12.5864682, 55.6925849], [12.5864566, 55.692591], [12.5864449, 55.6925971], [12.5864332, 55.6926033], [12.5864216, 55.6926094], [12.5864099, 55.6926155], [12.5863983, 55.6926216], [12.5863866, 55.6926277], [12.5863749, 55.6926338], [12.5863633, 55.6926399], [12.5863516, 55.692646], [12.5863399, 55.6926521], [12.5863283, 55.6926582], [12.5863166, 55.6926643], [12.586305, 55.6926704], [12.5862933, 55.6926765], [12.5862816, 55.6926826], [12.58627, 55.6926887], [12.5862583, 55.6926948], [12.5862467, 55.692701], [12.586235, 55.6927071], [12.5862233, 55.6927132], [12.5862117, 55.6927193], [12.5862, 55.6927254], [12.5861883, 55.6927315], [12.5861767, 55.6927376], [12.586165, 55.6927437], [12.5861534, 55.6927498], [12.5861417, 55.6927559], [12.58613, 55.692762], [12.5861184, 55.6927681], [12.5861067, 55.6927742], [12.5860951, 55.6927803], [12.5860834, 55.6927864], [12.5860717, 55.6927925], [12.5860601, 55.6927987], [12.5860484, 55.6928048], [12.5860367, 55.6928109], [12.5860251, 55.692817], [12.5860134, 55.6928231], [12.5860018, 55.6928292], [12.5859901, 55.6928353], [12.5859784, 55.6928414], [12.5859668, 55.6928475], [12.5859551, 55.6928536], [12.5859435, 55.6928597], [12.5859318, 55.6928658], [12.5859201, 55.6928719], [12.5859085, 55.692878], [12.5858968, 55.6928841], [12.5858851, 55.6928902], [12.5858735, 55.6928964], [12.5858618, 55.6929025], [12.5858502, 55.6929086], [12.5858385, 55.6929147], [12.5858268, 55.6929208], [12.5858152, 55.6929269], [12.5858035, 55.692933], [12.5857919, 55.6929391], [12.5857802, 55.6929452], [12.5857685, 55.6929513], [12.5857569, 55.6929574], [12.5857452, 55.6929635], [12.5857335, 55.6929696], [12.5857219, 55.6929757], [12.5857102, 55.6929818], [12.5856986, 55.6929879], [12.5856869, 55.6929941], [12.5856752, 55.6930002], [12.5856636, 55.6930063], [12.5856519, 55.6930124], [12.5856403, 55.6930185], [12.5856286, 55.6930246], [12.5856169, 55.6930307], [12.5856053, 55.6930368], [12.5855936, 55.6930429], [12.5855819, 55.693049], [12.5855703, 55.6930551], [12.5855586, 55.6930612], [12.585547, 55.6930673], [12.5855353, 55.6930734], [12.5855236, 55.6930795], [12.585512, 55.6930856], [12.5855003, 55.6930918], [12.5854887, 55.6930979], [12.585477, 55.693104], [12.5854653, 55.6931101], [12.5854537, 55.6931162], [12.585442, 55.6931223], [12.5854303, 55.6931284], [12.5854187, 55.6931345], [12.585407, 55.6931406], [12.5853954, 55.6931467], [12.5853837, 55.6931528], [12.585372, 55.6931589], [12.5853604, 55.693165], [12.5853487, 55.6931711], [12.5853371, 55.6931772], [12.5853265, 55.6931828], [12.5853254, 55.6931833], [12.5853137, 55.6931895], [12.5853021, 55.6931956], [12.5852904, 55.6932017], [12.5852787, 55.6932078], [12.5852671, 55.6932139], [12.5852554, 55.69322], [12.5852437, 55.6932261], [12.5852321, 55.6932322], [12.5852204, 55.6932383], [12.5852087, 55.6932444], [12.585197, 55.6932505], [12.5851853, 55.6932565], [12.5851736, 55.6932626], [12.5851619, 55.6932687], [12.5851502, 55.6932748], [12.5851385, 55.6932809], [12.5851268, 55.6932869], [12.585115, 55.693293], [12.5851033, 55.693299], [12.5850915, 55.6933051], [12.5850798, 55.6933111], [12.585068, 55.6933172], [12.5850562, 55.6933232], [12.5850445, 55.6933293], [12.5850327, 55.6933353], [12.5850209, 55.6933413], [12.585009, 55.6933473], [12.5849972, 55.6933533], [12.5849854, 55.6933593], [12.5849735, 55.6933653], [12.5849616, 55.6933713], [12.5849498, 55.6933772], [12.5849379, 55.6933832], [12.5849259, 55.6933891], [12.584914, 55.6933951], [12.5849021, 55.693401], [12.5848901, 55.6934069], [12.5848781, 55.6934128], [12.5848662, 55.6934187], [12.5848541, 55.6934246], [12.584854, 55.6934247], [12.5848421, 55.6934305], [12.5848301, 55.6934364], [12.584818, 55.6934422], [12.5848059, 55.6934481], [12.5847938, 55.6934539], [12.5847817, 55.6934597], [12.5847696, 55.6934655], [12.5847575, 55.6934713], [12.5847453, 55.6934771], [12.5847331, 55.6934829], [12.5847209, 55.6934886], [12.5847087, 55.6934944], [12.5846965, 55.6935001], [12.5846842, 55.6935059], [12.584672, 55.6935116], [12.5846597, 55.6935173], [12.5846474, 55.693523], [12.5846351, 55.6935287], [12.5846227, 55.6935343], [12.5846104, 55.69354], [12.584598, 55.6935456], [12.5845856, 55.6935513], [12.5845732, 55.6935569], [12.5845608, 55.6935625], [12.5845484, 55.6935681], [12.5845359, 55.6935737], [12.5845235, 55.6935793], [12.584511, 55.6935848], [12.5844985, 55.6935904], [12.584486, 55.6935959], [12.5844735, 55.6936015], [12.5844609, 55.693607], [12.5844483, 55.6936125], [12.5844358, 55.693618], [12.5844232, 55.6936235], [12.5844106, 55.6936289], [12.5843979, 55.6936344], [12.5843853, 55.6936399], [12.5843726, 55.6936453], [12.58436, 55.6936507], [12.5843473, 55.6936561], [12.5843346, 55.6936615], [12.5843218, 55.6936669], [12.5843091, 55.6936723], [12.5842963, 55.6936776], [12.5842836, 55.693683], [12.5842708, 55.6936883], [12.584258, 55.6936937], [12.5842452, 55.693699], [12.5842323, 55.6937043], [12.5842195, 55.6937096], [12.5842066, 55.6937149], [12.5841937, 55.6937201], [12.5841808, 55.6937254], [12.5841679, 55.6937306], [12.584155, 55.6937358], [12.584142, 55.6937411], [12.5841291, 55.6937463], [12.5841161, 55.6937515], [12.5841031, 55.6937566], [12.5840901, 55.6937618], [12.5840771, 55.693767], [12.5840641, 55.6937721], [12.584051, 55.6937773], [12.584038, 55.6937824], [12.5840249, 55.6937875], [12.5840118, 55.6937926], [12.5839987, 55.6937977], [12.5839855, 55.6938027], [12.5839724, 55.6938078], [12.5839592, 55.6938128], [12.5839461, 55.6938179], [12.5839329, 55.6938229], [12.5839197, 55.6938279], [12.5839065, 55.6938329], [12.5838932, 55.6938379], [12.58388, 55.6938429], [12.5838667, 55.6938478], [12.5838535, 55.6938528], [12.5838402, 55.6938577], [12.5838269, 55.6938626], [12.5838136, 55.6938675], [12.5838002, 55.6938724], [12.5837869, 55.6938773], [12.5837735, 55.6938822], [12.5837602, 55.693887], [12.5837468, 55.6938919], [12.5837334, 55.6938967], [12.5837199, 55.6939015], [12.5837065, 55.6939063], [12.5836931, 55.6939111], [12.5836796, 55.6939159], [12.5836661, 55.6939207], [12.5836526, 55.6939254], [12.5836391, 55.6939302], [12.5836256, 55.6939349], [12.5836121, 55.6939396], [12.5835986, 55.6939444], [12.583585, 55.693949], [12.5835714, 55.6939537], [12.5835578, 55.6939584], [12.5835442, 55.6939631], [12.5835306, 55.6939677], [12.583517, 55.6939723], [12.5835034, 55.6939769], [12.5834897, 55.6939815], [12.583476, 55.6939861], [12.5834624, 55.6939907], [12.5834487, 55.6939953], [12.583435, 55.6939998], [12.5834212, 55.6940044], [12.5834075, 55.6940089], [12.5833938, 55.6940134], [12.58338, 55.6940179], [12.5833662, 55.6940224], [12.5833524, 55.6940269], [12.5833386, 55.6940313], [12.5833248, 55.6940358], [12.583311, 55.6940402], [12.5832972, 55.6940447], [12.5832833, 55.6940491], [12.5832694, 55.6940535], [12.5832556, 55.6940578], [12.5832417, 55.6940622], [12.5832278, 55.6940666], [12.5832138, 55.6940709], [12.5831999, 55.6940752], [12.583186, 55.6940796], [12.583172, 55.6940839], [12.583158, 55.6940882], [12.5831441, 55.6940924], [12.5831301, 55.6940967], [12.5831161, 55.694101], [12.583102, 55.6941052], [12.583088, 55.6941094], [12.583074, 55.6941136], [12.5830599, 55.6941178], [12.5830458, 55.694122], [12.5830318, 55.6941262], [12.5830177, 55.6941304], [12.5830036, 55.6941345], [12.5829894, 55.6941386], [12.5829753, 55.6941428], [12.5829669, 55.6941452], [12.5829612, 55.6941469], [12.582947, 55.694151], [12.5829328, 55.694155], [12.5829187, 55.6941591], [12.5829045, 55.6941632], [12.5828903, 55.6941672], [12.5828761, 55.6941712], [12.5828618, 55.6941753], [12.5828476, 55.6941793], [12.5828334, 55.6941833], [12.5828191, 55.6941872], [12.5828049, 55.6941912], [12.5827906, 55.6941952], [12.5827763, 55.6941991], [12.582762, 55.6942031], [12.5827477, 55.694207], [12.5827334, 55.6942109], [12.5827191, 55.6942148], [12.5827048, 55.6942188], [12.5826905, 55.6942226], [12.5826761, 55.6942265], [12.5826618, 55.6942304], [12.5826474, 55.6942343], [12.5826331, 55.6942381], [12.5826187, 55.694242], [12.5826043, 55.6942459], [12.58259, 55.6942497], [12.5825756, 55.6942535], [12.5825612, 55.6942573], [12.5825468, 55.6942612], [12.5825324, 55.694265], [12.582518, 55.6942688], [12.5825036, 55.6942726], [12.5824892, 55.6942764], [12.5824748, 55.6942802], [12.5824603, 55.694284], [12.5824459, 55.6942877], [12.5824315, 55.6942915], [12.5824171, 55.6942953], [12.5824026, 55.6942991], [12.5823882, 55.6943028], [12.5823737, 55.6943066], [12.5823593, 55.6943103], [12.5823449, 55.6943141], [12.5823304, 55.6943178], [12.582316, 55.6943216], [12.5823015, 55.6943253], [12.582287, 55.6943291], [12.5822726, 55.6943328], [12.5822581, 55.6943366], [12.5822437, 55.6943403], [12.5822292, 55.6943441], [12.5822148, 55.6943478], [12.5822003, 55.6943515], [12.5821858, 55.6943553], [12.5821808, 55.6943566], [12.5821714, 55.694359], [12.5821569, 55.6943627], [12.5821425, 55.6943665], [12.582128, 55.6943702], [12.5821135, 55.694374], [12.5820991, 55.6943777], [12.5820846, 55.6943814], [12.5820702, 55.6943852], [12.5820557, 55.6943889], [12.5820413, 55.6943927], [12.5820268, 55.6943964], [12.5820124, 55.6944002], [12.5819979, 55.6944039], [12.5819835, 55.6944077], [12.581969, 55.6944114], [12.5819546, 55.6944152], [12.5819402, 55.694419], [12.5819257, 55.6944228], [12.5819113, 55.6944265], [12.5818969, 55.6944303], [12.5818825, 55.6944341], [12.581868, 55.6944379], [12.5818536, 55.6944417], [12.5818392, 55.6944455], [12.5818248, 55.6944493], [12.5818104, 55.6944531], [12.581796, 55.6944569], [12.5817817, 55.6944608], [12.5817673, 55.6944646], [12.5817529, 55.6944684], [12.5817385, 55.6944723], [12.5817242, 55.6944762], [12.5817098, 55.69448], [12.5816955, 55.6944839], [12.5816811, 55.6944878], [12.5816668, 55.6944917], [12.5816525, 55.6944956], [12.5816381, 55.6944995], [12.5816238, 55.6945034], [12.5816095, 55.6945073], [12.5815952, 55.6945112], [12.581581, 55.6945152], [12.5815667, 55.6945191], [12.5815524, 55.6945231], [12.5815382, 55.6945271], [12.5815239, 55.6945311], [12.5815097, 55.6945351], [12.5814954, 55.6945391], [12.5814812, 55.6945431], [12.581467, 55.6945471], [12.5814528, 55.6945512], [12.5814386, 55.6945553], [12.5814245, 55.6945593], [12.5814103, 55.6945634], [12.5813961, 55.6945675], [12.581382, 55.6945716], [12.5813817, 55.6945717], [12.5813679, 55.6945757], [12.5813538, 55.6945799], [12.5813397, 55.694584], [12.5813256, 55.6945882], [12.5813115, 55.6945924], [12.5812974, 55.6945966], [12.5812834, 55.6946008], [12.5812693, 55.694605], [12.5812553, 55.6946092], [12.5812413, 55.6946135], [12.5812273, 55.6946177], [12.5812133, 55.694622], [12.5811993, 55.6946263], [12.5811854, 55.6946306], [12.5811714, 55.6946349], [12.5811575, 55.6946392], [12.5811436, 55.6946436], [12.5811297, 55.6946479], [12.5811158, 55.6946523], [12.5811019, 55.6946567], [12.581088, 55.694661], [12.5810741, 55.6946655], [12.5810603, 55.6946699], [12.5810465, 55.6946743], [12.5810326, 55.6946788], [12.5810188, 55.6946832], [12.5810051, 55.6946877], [12.5809913, 55.6946922], [12.5809775, 55.6946967], [12.5809638, 55.6947012], [12.58095, 55.6947057], [12.5809363, 55.6947102], [12.5809226, 55.6947148], [12.5809089, 55.6947194], [12.5808952, 55.6947239], [12.5808815, 55.6947285], [12.5808679, 55.6947331], [12.5808542, 55.6947377], [12.5808406, 55.6947424], [12.580827, 55.694747], [12.5808134, 55.6947517], [12.5807998, 55.6947563], [12.5807862, 55.694761], [12.5807727, 55.6947657], [12.5807591, 55.6947704], [12.5807456, 55.6947751], [12.5807321, 55.6947799], [12.5807186, 55.6947846], [12.5807051, 55.6947894], [12.5806916, 55.6947941], [12.5806782, 55.6947989], [12.5806647, 55.6948037], [12.5806513, 55.6948085], [12.5806379, 55.6948134], [12.5806245, 55.6948182], [12.5806111, 55.6948231], [12.5805977, 55.6948279], [12.5805844, 55.6948328], [12.580571, 55.6948377], [12.5805577, 55.6948426], [12.5805444, 55.6948475], [12.5805311, 55.6948524], [12.5805178, 55.6948574], [12.5805046, 55.6948623], [12.5804913, 55.6948673], [12.5804781, 55.6948722], [12.5804648, 55.6948772], [12.5804516, 55.6948822], [12.5804384, 55.6948872], [12.5804253, 55.6948923], [12.5804121, 55.6948973], [12.5803989, 55.6949024], [12.5803858, 55.6949074], [12.5803727, 55.6949125], [12.5803596, 55.6949176], [12.5803465, 55.6949227], [12.5803334, 55.6949278], [12.5803204, 55.6949329], [12.5803073, 55.6949381], [12.5802943, 55.6949432], [12.5802813, 55.6949484], [12.5802683, 55.6949536], [12.5802553, 55.6949588], [12.5802424, 55.694964], [12.5802294, 55.6949692], [12.5802165, 55.6949744], [12.5802036, 55.6949797], [12.5801907, 55.6949849], [12.5801778, 55.6949902], [12.5801649, 55.6949954], [12.5801521, 55.6950007], [12.5801392, 55.695006], [12.5801264, 55.6950114], [12.5801136, 55.6950167], [12.5801008, 55.695022], [12.580088, 55.6950274], [12.5800753, 55.6950327], [12.5800625, 55.6950381], [12.5800498, 55.6950435], [12.5800371, 55.6950489], [12.5800244, 55.6950543], [12.5800117, 55.6950597], [12.5799991, 55.6950652], [12.5799864, 55.6950706], [12.5799738, 55.6950761], [12.5799612, 55.6950815], [12.5799486, 55.695087], [12.579936, 55.6950925], [12.5799235, 55.695098], [12.5799109, 55.6951035], [12.5798984, 55.6951091], [12.5798859, 55.6951146], [12.5798734, 55.6951202], [12.5798609, 55.6951257], [12.5798484, 55.6951313], [12.579836, 55.6951369], [12.5798236, 55.6951425], [12.5798112, 55.6951481], [12.5797988, 55.6951538], [12.5797864, 55.6951594], [12.579774, 55.6951651], [12.5797617, 55.6951707], [12.5797493, 55.6951764], [12.579737, 55.6951821], [12.5797247, 55.6951878], [12.5797125, 55.6951935], [12.5797002, 55.6951992], [12.579688, 55.6952049], [12.5796757, 55.6952107], [12.5796635, 55.6952164], [12.5796514, 55.6952222], [12.5796392, 55.695228], [12.579627, 55.6952338], [12.5796149, 55.6952396], [12.5796028, 55.6952454], [12.5795907, 55.6952512], [12.5795786, 55.6952571], [12.5795665, 55.6952629], [12.579562, 55.6952651], [12.5795545, 55.6952688], [12.5795424, 55.6952747], [12.5795304, 55.6952805], [12.5795184, 55.6952864], [12.5795064, 55.6952923], [12.5794945, 55.6952983], [12.5794825, 55.6953042], [12.5794706, 55.6953101], [12.5794587, 55.6953161], [12.5794468, 55.695322], [12.5794349, 55.695328], [12.579423, 55.695334], [12.5794111, 55.6953399], [12.5793993, 55.6953459], [12.5793875, 55.6953519], [12.5793757, 55.6953579], [12.5793638, 55.695364], [12.5793521, 55.69537], [12.5793403, 55.695376], [12.5793285, 55.6953821], [12.5793168, 55.6953881], [12.579305, 55.6953942], [12.5792933, 55.6954002], [12.5792816, 55.6954063], [12.5792698, 55.6954124], [12.5792581, 55.6954185], [12.5792465, 55.6954246], [12.5792348, 55.6954307], [12.5792231, 55.6954368], [12.5792114, 55.6954429], [12.5791998, 55.695449], [12.5791882, 55.6954551], [12.5791765, 55.6954612], [12.5791649, 55.6954673], [12.5791533, 55.6954735], [12.5791417, 55.6954796], [12.5791301, 55.6954857], [12.5791185, 55.6954919], [12.5791069, 55.695498], [12.5790953, 55.6955042], [12.5790837, 55.6955103], [12.5790721, 55.6955165], [12.5790605, 55.6955227], [12.579049, 55.6955288], [12.5790374, 55.695535], [12.5790259, 55.6955412], [12.5790143, 55.6955473], [12.5790028, 55.6955535], [12.5789912, 55.6955597], [12.5789797, 55.6955659], [12.5789681, 55.6955721], [12.5789566, 55.6955782], [12.5789451, 55.6955844], [12.5789335, 55.6955906], [12.578922, 55.6955968], [12.5789105, 55.695603], [12.5788989, 55.6956092], [12.5788881, 55.6956149], [12.5788874, 55.6956153], [12.5788759, 55.6956215], [12.5788643, 55.6956277], [12.5788528, 55.6956339], [12.5788413, 55.6956401], [12.5788297, 55.6956463], [12.5788182, 55.6956524], [12.5788067, 55.6956586], [12.5787951, 55.6956648], [12.5787836, 55.695671], [12.5787721, 55.6956772], [12.5787605, 55.6956834], [12.578749, 55.6956896], [12.5787375, 55.6956957], [12.5787259, 55.6957019], [12.5787144, 55.6957081], [12.5787029, 55.6957143], [12.5786914, 55.6957205], [12.5786798, 55.6957267], [12.5786683, 55.6957328], [12.5786568, 55.695739], [12.5786452, 55.6957452], [12.5786337, 55.6957514], [12.5786222, 55.6957576], [12.5786106, 55.6957638], [12.5785991, 55.69577], [12.5785876, 55.6957761], [12.578576, 55.6957823], [12.5785645, 55.6957885], [12.578553, 55.6957947], [12.5785414, 55.6958009], [12.5785299, 55.6958071], [12.5785184, 55.6958133], [12.5785068, 55.6958194], [12.5784953, 55.6958256], [12.5784838, 55.6958318], [12.5784722, 55.695838], [12.5784607, 55.6958442], [12.5784492, 55.6958504], [12.5784377, 55.6958565], [12.5784261, 55.6958627], [12.5784146, 55.6958689], [12.5784031, 55.6958751], [12.5783915, 55.6958813], [12.57838, 55.6958875], [12.5783685, 55.6958937], [12.5783569, 55.6958998], [12.5783454, 55.695906], [12.5783339, 55.6959122], [12.5783223, 55.6959184], [12.5783108, 55.6959246], [12.5782993, 55.6959308], [12.5782877, 55.6959369], [12.5782762, 55.6959431], [12.5782647, 55.6959493], [12.5782531, 55.6959555], [12.5782416, 55.6959617], [12.5782301, 55.6959679], [12.5782185, 55.6959741], [12.578207, 55.6959802], [12.5781955, 55.6959864], [12.5781839, 55.6959926], [12.5781724, 55.6959988], [12.5781609, 55.696005], [12.5781494, 55.6960112], [12.5781378, 55.6960173], [12.5781263, 55.6960235], [12.5781148, 55.6960297], [12.5781032, 55.6960359], [12.5780917, 55.6960421], [12.5780802, 55.6960483], [12.5780686, 55.6960545], [12.5780571, 55.6960606], [12.5780456, 55.6960668], [12.578034, 55.696073], [12.5780225, 55.6960792], [12.578011, 55.6960854], [12.5779994, 55.6960916], [12.5779879, 55.6960978], [12.5779764, 55.6961039], [12.5779648, 55.6961101], [12.5779533, 55.6961163], [12.5779418, 55.6961225], [12.5779302, 55.6961287], [12.5779187, 55.6961349], [12.5779072, 55.696141], [12.5778956, 55.6961472], [12.5778841, 55.6961534], [12.5778726, 55.6961596], [12.577861, 55.6961658], [12.5778495, 55.696172], [12.577838, 55.6961782], [12.5778265, 55.6961843], [12.5778149, 55.6961905], [12.5778034, 55.6961967], [12.5777919, 55.6962029], [12.5777803, 55.6962091], [12.5777688, 55.6962153], [12.5777573, 55.6962214], [12.5777457, 55.6962276], [12.5777342, 55.6962338], [12.5777227, 55.69624], [12.5777111, 55.6962462], [12.5776996, 55.6962524], [12.5776972, 55.6962536], [12.5776881, 55.6962586], [12.5776765, 55.6962647], [12.577665, 55.6962709], [12.5776535, 55.6962771], [12.5776419, 55.6962833], [12.5776304, 55.6962895], [12.5776189, 55.6962957], [12.5776074, 55.6963019], [12.5775959, 55.6963081], [12.5775844, 55.6963143], [12.5775728, 55.6963205], [12.5775613, 55.6963267], [12.5775498, 55.6963329], [12.5775384, 55.6963391], [12.5775269, 55.6963453], [12.5775154, 55.6963515], [12.5775039, 55.6963577], [12.5774925, 55.696364], [12.577481, 55.6963702], [12.5774696, 55.6963764], [12.5774581, 55.6963827], [12.5774467, 55.6963889], [12.5774353, 55.6963952], [12.5774239, 55.6964014], [12.5774125, 55.6964077], [12.5774011, 55.696414], [12.5773897, 55.6964202], [12.5773784, 55.6964265], [12.577367, 55.6964328], [12.5773557, 55.6964391], [12.5773444, 55.6964454], [12.5773331, 55.6964518], [12.5773218, 55.6964581], [12.5773106, 55.6964644], [12.5772993, 55.6964708], [12.5772881, 55.6964771], [12.5772818, 55.6964807], [12.5772768, 55.6964835], [12.5772656, 55.6964899], [12.5772545, 55.6964963], [12.5772433, 55.6965027], [12.5772322, 55.6965091], [12.577221, 55.6965155], [12.5772099, 55.6965219], [12.5771988, 55.6965283], [12.5771877, 55.6965348], [12.5771767, 55.6965412], [12.5771656, 55.6965477], [12.5771546, 55.6965542], [12.5771436, 55.6965607], [12.5771326, 55.6965672], [12.5771217, 55.6965737], [12.5771107, 55.6965802], [12.5771092, 55.6965811], [12.5770998, 55.6965867], [12.5770889, 55.6965932], [12.577078, 55.6965998], [12.5770671, 55.6966063], [12.5770562, 55.6966129], [12.5770454, 55.6966195], [12.5770346, 55.696626], [12.5770238, 55.6966326], [12.577013, 55.6966392], [12.5770022, 55.6966459], [12.5769915, 55.6966525], [12.5769808, 55.6966591], [12.5769701, 55.6966658], [12.5769594, 55.6966724], [12.5769487, 55.6966791], [12.5769381, 55.6966858], [12.5769275, 55.6966925], [12.5769169, 55.6966992], [12.5769064, 55.6967059], [12.5768958, 55.6967126], [12.5768853, 55.6967193], [12.5768748, 55.6967261], [12.5768643, 55.6967329], [12.5768539, 55.6967396], [12.5768435, 55.6967464], [12.5768331, 55.6967532], [12.5768227, 55.69676], [12.5768124, 55.6967668], [12.576802, 55.6967737], [12.5767918, 55.6967805], [12.5767815, 55.6967874], [12.5767712, 55.6967943], [12.576761, 55.6968011], [12.5767509, 55.696808], [12.5767407, 55.6968149], [12.5767306, 55.6968219], [12.5767205, 55.6968288], [12.5767104, 55.6968358], [12.5767003, 55.6968427], [12.5766903, 55.6968497], [12.5766803, 55.6968567], [12.5766704, 55.6968637], [12.5766605, 55.6968707], [12.5766506, 55.6968777], [12.5766407, 55.6968848], [12.5766309, 55.6968918], [12.5766211, 55.6968989], [12.5766113, 55.696906], [12.5766015, 55.6969131], [12.5765918, 55.6969202], [12.5765822, 55.6969273], [12.5765725, 55.6969345], [12.5765629, 55.6969416], [12.5765533, 55.6969488], [12.5765438, 55.696956], [12.5765343, 55.6969632], [12.5765248, 55.6969704], [12.5765154, 55.6969776], [12.576506, 55.6969849], [12.5764966, 55.6969921], [12.5764873, 55.6969994], [12.576478, 55.6970067], [12.5764687, 55.697014], [12.5764595, 55.6970213], [12.5764503, 55.6970287], [12.5764411, 55.697036], [12.576432, 55.6970434], [12.576423, 55.6970507], [12.5764139, 55.6970581], [12.5764049, 55.6970655], [12.576396, 55.697073], [12.5763871, 55.6970804], [12.5763782, 55.6970878], [12.5763693, 55.6970953], [12.5763606, 55.6971028], [12.5763518, 55.6971103], [12.5763431, 55.6971178], [12.5763344, 55.6971253], [12.5763258, 55.6971329], [12.5763172, 55.6971404], [12.5763086, 55.697148], [12.5763001, 55.6971556], [12.5762917, 55.6971632], [12.5762833, 55.6971708], [12.5762749, 55.6971785], [12.5762666, 55.6971861], [12.5762583, 55.6971938], [12.5762501, 55.6972015], [12.5762419, 55.6972092], [12.5762337, 55.6972169], [12.5762318, 55.6972188], [12.5762256, 55.6972246], [12.5762176, 55.6972324], [12.5762096, 55.6972401], [12.5762016, 55.6972479], [12.5761937, 55.6972557], [12.5761858, 55.6972635], [12.576178, 55.6972713], [12.5761703, 55.6972792], [12.5761625, 55.697287], [12.5761549, 55.6972949], [12.5761472, 55.6973028], [12.5761397, 55.6973107], [12.5761321, 55.6973186], [12.5761246, 55.6973265], [12.5761172, 55.6973344], [12.5761098, 55.6973424], [12.5761025, 55.6973504], [12.5760952, 55.6973583], [12.5760879, 55.6973663], [12.5760807, 55.6973743], [12.5760736, 55.6973824], [12.5760665, 55.6973904], [12.5760594, 55.6973985], [12.5760524, 55.6974065], [12.5760455, 55.6974146], [12.5760386, 55.6974227], [12.5760317, 55.6974308], [12.5760249, 55.6974389], [12.5760181, 55.697447], [12.5760114, 55.6974552], [12.5760048, 55.6974633], [12.5759982, 55.6974715], [12.5759916, 55.6974797], [12.5759851, 55.6974879], [12.5759786, 55.6974961], [12.5759722, 55.6975043], [12.5759658, 55.6975125], [12.5759595, 55.6975208], [12.5759533, 55.697529], [12.575947, 55.6975373], [12.5759409, 55.6975456], [12.5759348, 55.6975539], [12.5759287, 55.6975622], [12.5759227, 55.6975705], [12.5759167, 55.6975788], [12.5759108, 55.6975872], [12.5759049, 55.6975955], [12.5758991, 55.6976039], [12.5758933, 55.6976122], [12.5758876, 55.6976206], [12.575882, 55.697629], [12.5758763, 55.6976374], [12.5758708, 55.6976458], [12.5758653, 55.6976542], [12.5758598, 55.6976627], [12.5758544, 55.6976711], [12.575849, 55.6976796], [12.5758437, 55.6976881], [12.5758385, 55.6976965], [12.5758333, 55.697705], [12.5758281, 55.6977135], [12.575823, 55.697722], [12.5758179, 55.6977305], [12.5758129, 55.6977391], [12.575808, 55.6977476], [12.5758031, 55.6977561], [12.5757982, 55.6977647], [12.5757934, 55.6977733], [12.5757887, 55.6977818], [12.575784, 55.6977904], [12.5757794, 55.697799], [12.5757748, 55.6978076], [12.5757702, 55.6978162], [12.5757657, 55.6978248], [12.5757613, 55.6978335], [12.5757569, 55.6978421], [12.5757526, 55.6978507], [12.5757483, 55.6978594], [12.5757441, 55.697868], [12.5757399, 55.6978767], [12.5757358, 55.6978854], [12.5757317, 55.6978941], [12.5757277, 55.6979027], [12.5757237, 55.6979114], [12.5757198, 55.6979202], [12.575716, 55.6979289], [12.5757121, 55.6979376], [12.5757084, 55.6979463], [12.5757047, 55.697955], [12.575701, 55.6979638], [12.5756974, 55.6979725], [12.5756939, 55.6979813], [12.5756904, 55.6979901], [12.575687, 55.6979988], [12.5756836, 55.6980076], [12.5756802, 55.6980164], [12.5756769, 55.6980252], [12.5756737, 55.698034], [12.5756705, 55.6980428], [12.5756674, 55.6980516], [12.5756644, 55.6980604], [12.5756613, 55.6980692], [12.5756584, 55.698078], [12.5756555, 55.6980869], [12.5756526, 55.6980957], [12.5756498, 55.6981045], [12.575647, 55.6981134], [12.5756444, 55.6981222], [12.5756417, 55.6981311], [12.5756391, 55.69814], [12.5756366, 55.6981488], [12.5756341, 55.6981577], [12.5756317, 55.6981666], [12.5756293, 55.6981755], [12.575627, 55.6981843], [12.5756247, 55.6981932], [12.5756225, 55.6982021], [12.5756203, 55.698211], [12.5756182, 55.6982199], [12.5756161, 55.6982288], [12.5756141, 55.6982377], [12.5756122, 55.6982467], [12.5756103, 55.6982556], [12.5756085, 55.6982645], [12.5756067, 55.6982734], [12.5756049, 55.6982823], [12.5756041, 55.698287], [12.5756033, 55.6982913], [12.5756016, 55.6983002], [12.5756001, 55.6983091], [12.5755985, 55.6983181], [12.5755971, 55.698327], [12.5755956, 55.698336], [12.5755943, 55.6983449], [12.5755929, 55.6983539], [12.5755916, 55.6983628], [12.5755904, 55.6983718], [12.5755892, 55.6983807], [12.5755881, 55.6983897], [12.575587, 55.6983987], [12.5755859, 55.6984076], [12.5755849, 55.6984166], [12.5755839, 55.6984255], [12.5755829, 55.6984345], [12.575582, 55.6984435], [12.5755812, 55.6984524], [12.5755803, 55.6984614], [12.5755795, 55.6984704], [12.5755788, 55.6984794], [12.575578, 55.6984883], [12.5755773, 55.6984973], [12.5755767, 55.6985063], [12.575576, 55.6985153], [12.5755754, 55.6985242], [12.5755748, 55.6985332], [12.5755742, 55.6985422], [12.5755737, 55.6985512], [12.5755732, 55.6985601], [12.5755727, 55.6985691], [12.5755722, 55.6985781], [12.5755718, 55.6985871], [12.5755714, 55.698596], [12.575571, 55.698605], [12.5755706, 55.698614], [12.5755702, 55.698623], [12.5755699, 55.698632], [12.5755695, 55.6986409], [12.5755692, 55.6986499], [12.5755689, 55.6986589], [12.5755686, 55.6986679], [12.5755683, 55.6986769], [12.5755681, 55.6986858], [12.5755678, 55.6986948], [12.5755675, 55.6987038], [12.5755673, 55.6987128], [12.5755671, 55.6987218], [12.5755668, 55.6987307], [12.5755666, 55.6987397], [12.5755664, 55.6987487], [12.5755662, 55.6987577], [12.5755659, 55.6987667], [12.5755658, 55.6987719], [12.5755657, 55.6987757], [12.5755655, 55.6987846], [12.5755653, 55.6987936], [12.575565, 55.6988026], [12.5755648, 55.6988116], [12.5755646, 55.6988206], [12.5755644, 55.6988295], [12.5755642, 55.6988385], [12.5755639, 55.6988475], [12.5755637, 55.6988565], [12.5755635, 55.6988655], [12.5755633, 55.6988744], [12.5755631, 55.6988834], [12.5755628, 55.6988924], [12.5755626, 55.6989014], [12.5755624, 55.6989104], [12.5755622, 55.6989193], [12.575562, 55.6989283], [12.5755617, 55.6989373], [12.5755615, 55.6989463], [12.5755613, 55.6989553], [12.5755611, 55.6989643], [12.5755608, 55.6989732], [12.5755606, 55.6989822], [12.5755604, 55.6989912], [12.5755602, 55.6990002], [12.57556, 55.6990092], [12.5755597, 55.6990181], [12.5755595, 55.6990271], [12.5755593, 55.6990361], [12.5755591, 55.6990451], [12.5755589, 55.6990541], [12.5755586, 55.699063], [12.5755584, 55.699072], [12.5755582, 55.699081], [12.575558, 55.69909], [12.5755578, 55.699099], [12.5755575, 55.6991079], [12.5755573, 55.6991169], [12.5755571, 55.6991259], [12.5755569, 55.6991349], [12.5755566, 55.6991439], [12.5755564, 55.6991529], [12.5755562, 55.6991618], [12.575556, 55.6991708], [12.5755558, 55.6991798], [12.5755555, 55.6991888], [12.5755553, 55.6991978], [12.5755551, 55.6992067], [12.5755549, 55.6992157], [12.5755547, 55.6992247], [12.5755544, 55.6992337], [12.5755542, 55.6992427], [12.575554, 55.6992516], [12.5755538, 55.6992606], [12.5755536, 55.6992696], [12.5755533, 55.6992786], [12.5755531, 55.6992876], [12.5755529, 55.6992965], [12.5755527, 55.6993055], [12.5755524, 55.6993145], [12.5755522, 55.6993235], [12.575552, 55.6993325], [12.5755518, 55.6993415], [12.5755516, 55.6993504], [12.5755513, 55.6993594], [12.5755511, 55.6993684], [12.5755509, 55.6993774], [12.5755507, 55.6993864], [12.5755505, 55.6993953], [12.5755502, 55.6994043], [12.57555, 55.6994133], [12.5755498, 55.6994223], [12.5755496, 55.6994313], [12.5755494, 55.6994402], [12.5755491, 55.6994492], [12.5755489, 55.6994582], [12.5755487, 55.6994672], [12.5755485, 55.6994762], [12.5755483, 55.6994851], [12.575548, 55.6994941], [12.5755478, 55.6995031], [12.5755476, 55.6995121], [12.5755474, 55.6995211], [12.5755471, 55.6995301], [12.5755469, 55.699539], [12.5755467, 55.699548], [12.5755465, 55.699557], [12.5755463, 55.699566], [12.575546, 55.699575], [12.5755458, 55.6995839], [12.5755456, 55.6995929], [12.5755454, 55.6996019], [12.5755452, 55.6996109], [12.5755449, 55.6996199], [12.5755447, 55.6996288], [12.5755445, 55.6996378], [12.5755443, 55.6996468], [12.5755441, 55.6996558], [12.5755438, 55.6996648], [12.5755436, 55.6996737], [12.5755434, 55.6996827], [12.5755432, 55.6996917], [12.5755429, 55.6997007], [12.5755427, 55.6997097], [12.5755425, 55.6997186], [12.5755423, 55.6997276], [12.5755421, 55.6997366], [12.5755418, 55.6997456], [12.5755416, 55.6997546], [12.5755414, 55.6997636], [12.5755412, 55.6997725], [12.575541, 55.6997815], [12.5755407, 55.6997905], [12.5755405, 55.6997995], [12.5755403, 55.6998085], [12.5755401, 55.6998174], [12.5755399, 55.6998264], [12.5755396, 55.6998354], [12.5755394, 55.6998444], [12.5755392, 55.6998534], [12.575539, 55.6998623], [12.5755387, 55.6998713], [12.5755385, 55.6998803], [12.5755383, 55.6998893], [12.5755381, 55.6998983], [12.5755379, 55.6999072], [12.5755376, 55.6999162], [12.5755374, 55.6999252], [12.5755372, 55.6999342], [12.575537, 55.699941], [12.575537, 55.6999432], [12.5755368, 55.6999522], [12.5755365, 55.6999611], [12.5755363, 55.6999701], [12.5755361, 55.6999791], [12.5755359, 55.6999881], [12.5755357, 55.6999971], [12.5755355, 55.700006], [12.5755353, 55.700015], [12.5755351, 55.700024], [12.575535, 55.700033], [12.5755348, 55.700042], [12.5755347, 55.7000509], [12.5755345, 55.7000599], [12.5755344, 55.7000689], [12.5755343, 55.7000779], [12.5755342, 55.7000869], [12.5755342, 55.7000959], [12.5755341, 55.7001048], [12.5755341, 55.7001138], [12.5755341, 55.7001228], [12.5755341, 55.7001318], [12.5755341, 55.7001408], [12.5755342, 55.7001497], [12.5755343, 55.7001587], [12.5755344, 55.7001677], [12.5755345, 55.7001767], [12.5755347, 55.7001857], [12.5755349, 55.7001947], [12.5755351, 55.7002036], [12.5755354, 55.7002126], [12.5755357, 55.7002216], [12.575536, 55.7002306], [12.5755364, 55.7002396], [12.5755368, 55.7002485], [12.5755372, 55.7002575], [12.5755377, 55.7002665], [12.5755382, 55.7002755], [12.5755387, 55.7002844], [12.5755393, 55.7002934], [12.57554, 55.7003024], [12.5755407, 55.7003114], [12.5755414, 55.7003203], [12.5755422, 55.7003293], [12.575543, 55.7003383], [12.5755437, 55.700346], [12.5755438, 55.7003472], [12.5755448, 55.7003562], [12.5755457, 55.7003652], [12.5755467, 55.7003741], [12.5755478, 55.7003831], [12.5755489, 55.7003921], [12.5755501, 55.700401], [12.5755513, 55.70041], [12.5755526, 55.7004189], [12.5755539, 55.7004279], [12.5755552, 55.7004368], [12.5755566, 55.7004458], [12.5755581, 55.7004547], [12.5755596, 55.7004637], [12.5755611, 55.7004726], [12.5755628, 55.7004815], [12.5755644, 55.7004905], [12.5755661, 55.7004994], [12.5755679, 55.7005083], [12.5755697, 55.7005173], [12.5755715, 55.7005262], [12.5755734, 55.7005351], [12.5755753, 55.700544], [12.5755773, 55.7005529], [12.5755794, 55.7005618], [12.5755815, 55.7005707], [12.5755836, 55.7005796], [12.5755858, 55.7005885], [12.575588, 55.7005974], [12.5755903, 55.7006063], [12.5755927, 55.7006152], [12.575595, 55.7006241], [12.5755975, 55.7006329], [12.5755999, 55.7006418], [12.5756025, 55.7006507], [12.5756051, 55.7006595], [12.5756077, 55.7006684], [12.5756103, 55.7006773], [12.5756131, 55.7006861], [12.5756158, 55.700695], [12.5756187, 55.7007038], [12.5756215, 55.7007126], [12.5756244, 55.7007215], [12.5756274, 55.7007303], [12.5756304, 55.7007391], [12.5756335, 55.7007479], [12.5756366, 55.7007567], [12.5756397, 55.7007655], [12.5756429, 55.7007743], [12.5756462, 55.7007831], [12.5756495, 55.7007919], [12.5756529, 55.7008007], [12.5756563, 55.7008095], [12.5756597, 55.7008182], [12.5756632, 55.700827], [12.5756667, 55.7008357], [12.5756703, 55.7008445], [12.575674, 55.7008532], [12.5756776, 55.700862], [12.5756814, 55.7008707], [12.5756851, 55.7008794], [12.575689, 55.7008882], [12.5756929, 55.7008969], [12.5756968, 55.7009056], [12.5757007, 55.7009143], [12.5757015, 55.700916], [12.5757048, 55.700923], [12.5757088, 55.7009316], [12.5757129, 55.7009403], [12.5757171, 55.700949], [12.5757213, 55.7009576], [12.5757256, 55.7009663], [12.5757299, 55.7009749], [12.5757342, 55.7009836], [12.5757386, 55.7009922], [12.575743, 55.7010009], [12.5757475, 55.7010095], [12.575752, 55.7010181], [12.5757566, 55.7010267], [12.5757612, 55.7010353], [12.5757658, 55.7010439], [12.5757705, 55.7010525], [12.5757752, 55.701061], [12.57578, 55.7010696], [12.5757848, 55.7010782], [12.5757897, 55.7010867], [12.5757946, 55.7010953], [12.5757995, 55.7011038], [12.5758045, 55.7011123], [12.5758095, 55.7011209], [12.5758145, 55.7011294], [12.5758196, 55.7011379], [12.5758247, 55.7011464], [12.5758299, 55.7011549], [12.5758351, 55.7011634], [12.5758403, 55.7011719], [12.5758456, 55.7011803], [12.5758509, 55.7011888], [12.5758563, 55.7011972], [12.5758616, 55.7012057], [12.5758671, 55.7012141], [12.5758725, 55.7012226], [12.575878, 55.701231], [12.5758835, 55.7012394], [12.5758891, 55.7012479], [12.5758947, 55.7012563], [12.5759003, 55.7012647], [12.5759059, 55.7012731], [12.5759116, 55.7012814], [12.5759173, 55.7012898], [12.5759231, 55.7012982], [12.5759289, 55.7013066], [12.5759347, 55.7013149], [12.5759405, 55.7013233], [12.5759464, 55.7013316], [12.5759523, 55.70134], [12.5759582, 55.7013483], [12.5759642, 55.7013566], [12.5759702, 55.701365], [12.5759762, 55.7013733], [12.5759823, 55.7013816], [12.5759883, 55.7013899], [12.5759944, 55.7013982], [12.5760006, 55.7014065], [12.5760067, 55.7014147], [12.5760129, 55.701423], [12.5760191, 55.7014313], [12.5760254, 55.7014395], [12.5760316, 55.7014478], [12.5760379, 55.7014561], [12.5760442, 55.7014643], [12.5760506, 55.7014725], [12.5760569, 55.7014808], [12.5760633, 55.701489], [12.5760697, 55.7014972], [12.5760761, 55.7015054], [12.5760826, 55.7015136], [12.5760891, 55.7015218], [12.5760956, 55.70153], [12.5761021, 55.7015382], [12.5761086, 55.7015464], [12.5761152, 55.7015546], [12.5761218, 55.7015628], [12.5761284, 55.701571], [12.576135, 55.7015791], [12.5761416, 55.7015873], [12.5761483, 55.7015954], [12.576155, 55.7016036], [12.5761617, 55.7016117], [12.5761684, 55.7016199], [12.5761751, 55.701628], [12.5761819, 55.7016361], [12.5761887, 55.7016443], [12.5761954, 55.7016524], [12.5762023, 55.7016605], [12.5762091, 55.7016686], [12.5762159, 55.7016767], [12.5762228, 55.7016848], [12.5762296, 55.7016929], [12.5762365, 55.701701], [12.5762434, 55.7017091], [12.5762503, 55.7017172], [12.5762573, 55.7017253], [12.5762642, 55.7017334], [12.5762712, 55.7017415], [12.5762782, 55.7017495], [12.5762851, 55.7017576], [12.5762921, 55.7017657], [12.5762991, 55.7017737], [12.5763062, 55.7017818], [12.5763132, 55.7017898], [12.5763202, 55.7017979], [12.5763273, 55.7018059], [12.5763344, 55.701814], [12.5763414, 55.701822], [12.5763485, 55.7018301], [12.5763556, 55.7018381], [12.5763627, 55.7018461], [12.5763699, 55.7018542], [12.576377, 55.7018622], [12.5763841, 55.7018702], [12.5763913, 55.7018783], [12.5763984, 55.7018863], [12.5764056, 55.7018943], [12.5764127, 55.7019023], [12.5764199, 55.7019103], [12.5764271, 55.7019184], [12.5764343, 55.7019264], [12.5764415, 55.7019344], [12.5764487, 55.7019424], [12.5764559, 55.7019504], [12.5764631, 55.7019584], [12.5764703, 55.7019664], [12.5764775, 55.7019744], [12.5764847, 55.7019824], [12.576492, 55.7019904], [12.5764992, 55.7019984], [12.5765064, 55.7020064], [12.5765137, 55.7020144], [12.5765209, 55.7020224], [12.5765281, 55.7020304], [12.5765354, 55.7020384], [12.5765426, 55.7020464], [12.5765499, 55.7020544], [12.5765571, 55.7020624], [12.5765644, 55.7020704], [12.5765716, 55.7020784], [12.5765784, 55.7020859], [12.5765789, 55.7020864], [12.5765861, 55.7020944], [12.5765934, 55.7021024], [12.5766006, 55.7021103], [12.5766079, 55.7021183], [12.5766151, 55.7021263], [12.5766224, 55.7021343], [12.5766296, 55.7021423], [12.5766369, 55.7021503], [12.5766441, 55.7021583], [12.5766514, 55.7021663], [12.5766586, 55.7021743], [12.5766659, 55.7021823], [12.5766731, 55.7021903], [12.5766804, 55.7021983], [12.5766876, 55.7022063], [12.5766949, 55.7022143], [12.5767021, 55.7022223], [12.5767094, 55.7022303], [12.5767166, 55.7022383], [12.5767239, 55.7022462], [12.5767311, 55.7022542], [12.5767384, 55.7022622], [12.5767456, 55.7022702], [12.5767529, 55.7022782], [12.5767601, 55.7022862], [12.5767674, 55.7022942], [12.5767747, 55.7023022], [12.5767819, 55.7023102], [12.5767892, 55.7023182], [12.5767964, 55.7023262], [12.5768037, 55.7023342], [12.5768109, 55.7023422], [12.5768182, 55.7023502], [12.5768254, 55.7023582], [12.5768327, 55.7023662], [12.5768399, 55.7023742], [12.5768472, 55.7023822], [12.5768544, 55.7023901], [12.5768617, 55.7023981], [12.5768689, 55.7024061], [12.5768762, 55.7024141], [12.5768834, 55.7024221], [12.5768907, 55.7024301], [12.5768979, 55.7024381], [12.5769052, 55.7024461], [12.5769124, 55.7024541], [12.5769197, 55.7024621], [12.5769269, 55.7024701], [12.5769342, 55.7024781], [12.5769414, 55.7024861], [12.5769487, 55.7024941], [12.5769559, 55.7025021], [12.5769632, 55.7025101], [12.5769704, 55.7025181], [12.5769777, 55.702526], [12.5769849, 55.702534], [12.5769922, 55.702542], [12.5769994, 55.70255], [12.5770067, 55.702558], [12.5770139, 55.702566], [12.5770212, 55.702574], [12.5770284, 55.702582], [12.5770357, 55.70259], [12.5770429, 55.702598], [12.5770502, 55.702606], [12.5770574, 55.702614], [12.5770647, 55.702622], [12.5770719, 55.70263], [12.5770792, 55.702638], [12.5770864, 55.702646], [12.5770937, 55.702654], [12.5771009, 55.7026619], [12.5771082, 55.7026699], [12.5771154, 55.7026779], [12.5771227, 55.7026859], [12.5771299, 55.7026939], [12.5771372, 55.7027019], [12.5771444, 55.7027099], [12.5771517, 55.7027179], [12.577159, 55.7027259], [12.5771662, 55.7027339], [12.5771735, 55.7027419], [12.5771807, 55.7027499], [12.577188, 55.7027579], [12.5771952, 55.7027659], [12.5772025, 55.7027739], [12.5772097, 55.7027819], [12.577217, 55.7027899], [12.5772242, 55.7027978], [12.5772315, 55.7028058], [12.5772387, 55.7028138], [12.577246, 55.7028218], [12.5772532, 55.7028298], [12.5772605, 55.7028378], [12.5772677, 55.7028458], [12.577275, 55.7028538], [12.5772822, 55.7028618], [12.5772895, 55.7028698], [12.5772967, 55.7028778], [12.577304, 55.7028858], [12.5773112, 55.7028938], [12.5773185, 55.7029018], [12.5773257, 55.7029098], [12.577333, 55.7029178], [12.5773402, 55.7029258], [12.5773475, 55.7029337], [12.5773547, 55.7029417], [12.577362, 55.7029497], [12.5773692, 55.7029577], [12.5773765, 55.7029657], [12.5773837, 55.7029737], [12.577391, 55.7029817], [12.5773982, 55.7029897], [12.5774055, 55.7029977], [12.5774127, 55.7030057], [12.57742, 55.7030137], [12.5774272, 55.7030217], [12.5774345, 55.7030297], [12.5774417, 55.7030377], [12.577449, 55.7030457], [12.5774562, 55.7030537], [12.5774635, 55.7030617], [12.5774707, 55.7030696], [12.577478, 55.7030776], [12.5774852, 55.7030856], [12.5774925, 55.7030936], [12.5774998, 55.7031016], [12.577507, 55.7031096], [12.5775143, 55.7031176], [12.5775215, 55.7031256], [12.5775288, 55.7031336], [12.577536, 55.7031416], [12.5775433, 55.7031496], [12.5775505, 55.7031576], [12.5775578, 55.7031656], [12.577565, 55.7031736], [12.5775723, 55.7031816], [12.5775795, 55.7031896], [12.5775868, 55.7031976], [12.577594, 55.7032056], [12.5776013, 55.7032135], [12.5776085, 55.7032215], [12.5776158, 55.7032295], [12.577623, 55.7032375], [12.5776303, 55.7032455], [12.5776375, 55.7032535], [12.5776448, 55.7032615], [12.577652, 55.7032695], [12.5776593, 55.7032775], [12.5776665, 55.7032855], [12.5776738, 55.7032935], [12.577681, 55.7033015], [12.5776883, 55.7033095], [12.5776955, 55.7033175], [12.5777028, 55.7033255], [12.57771, 55.7033335], [12.5777173, 55.7033415], [12.5777245, 55.7033494], [12.5777318, 55.7033574], [12.577739, 55.7033654], [12.5777463, 55.7033734], [12.5777535, 55.7033814], [12.5777608, 55.7033894], [12.577768, 55.7033974], [12.5777753, 55.7034054], [12.5777825, 55.7034134], [12.5777898, 55.7034214], [12.5777971, 55.7034294], [12.5778043, 55.7034374], [12.5778116, 55.7034454], [12.5778188, 55.7034534], [12.5778261, 55.7034614], [12.5778333, 55.7034694], [12.5778406, 55.7034774], [12.5778478, 55.7034853], [12.5778551, 55.7034933], [12.5778623, 55.7035013], [12.5778696, 55.7035093], [12.5778768, 55.7035173], [12.5778841, 55.7035253], [12.5778913, 55.7035333], [12.5778986, 55.7035413], [12.5779058, 55.7035493], [12.5779131, 55.7035573], [12.5779203, 55.7035653], [12.5779276, 55.7035733], [12.5779348, 55.7035813], [12.5779421, 55.7035893], [12.5779493, 55.7035973], [12.5779566, 55.7036053], [12.5779638, 55.7036133], [12.5779711, 55.7036212], [12.5779783, 55.7036292], [12.5779856, 55.7036372], [12.5779928, 55.7036452], [12.5780001, 55.7036532], [12.5780073, 55.7036612], [12.5780146, 55.7036692], [12.5780218, 55.7036772], [12.5780291, 55.7036852], [12.5780363, 55.7036932], [12.5780436, 55.7037012], [12.5780508, 55.7037092], [12.5780581, 55.7037172], [12.5780654, 55.7037252], [12.5780726, 55.7037332], [12.5780799, 55.7037412], [12.5780871, 55.7037492], [12.5780944, 55.7037571], [12.5781016, 55.7037651], [12.5781089, 55.7037731], [12.5781161, 55.7037811], [12.5781234, 55.7037891], [12.5781306, 55.7037971], [12.5781379, 55.7038051], [12.5781451, 55.7038131], [12.5781524, 55.7038211], [12.5781596, 55.7038291], [12.5781669, 55.7038371], [12.5781741, 55.7038451], [12.5781814, 55.7038531], [12.5781886, 55.7038611], [12.5781959, 55.7038691], [12.5782031, 55.7038771], [12.5782104, 55.7038851], [12.5782176, 55.703893], [12.5782249, 55.703901], [12.5782321, 55.703909], [12.5782394, 55.703917], [12.5782466, 55.703925], [12.5782539, 55.703933], [12.5782611, 55.703941], [12.5782684, 55.703949], [12.5782756, 55.703957], [12.5782829, 55.703965], [12.5782901, 55.703973], [12.5782974, 55.703981], [12.5783046, 55.703989], [12.5783119, 55.703997], [12.5783192, 55.704005], [12.5783264, 55.704013], [12.5783337, 55.704021], [12.5783409, 55.7040289], [12.5783482, 55.7040369], [12.5783554, 55.7040449], [12.5783627, 55.7040529], [12.5783699, 55.7040609], [12.5783772, 55.7040689], [12.5783844, 55.7040769], [12.5783917, 55.7040849], [12.5783989, 55.7040929], [12.5784062, 55.7041009], [12.5784134, 55.7041089], [12.5784207, 55.7041169], [12.5784279, 55.7041249], [12.5784352, 55.7041329], [12.5784424, 55.7041409], [12.5784497, 55.7041489], [12.5784569, 55.7041569], [12.5784642, 55.7041648], [12.5784714, 55.7041728], [12.5784787, 55.7041808], [12.5784859, 55.7041888], [12.5784932, 55.7041968], [12.5785004, 55.7042048], [12.5785077, 55.7042128], [12.5785149, 55.7042208], [12.5785222, 55.7042288], [12.5785294, 55.7042368], [12.5785367, 55.7042448], [12.5785439, 55.7042528], [12.5785512, 55.7042608], [12.5785585, 55.7042688], [12.5785657, 55.7042768], [12.578573, 55.7042848], [12.5785802, 55.7042928], [12.5785875, 55.7043007], [12.5785947, 55.7043087], [12.578602, 55.7043167], [12.5786092, 55.7043247], [12.5786165, 55.7043327], [12.5786237, 55.7043407], [12.578631, 55.7043487], [12.5786382, 55.7043567], [12.5786455, 55.7043647], [12.5786527, 55.7043727], [12.57866, 55.7043807], [12.5786672, 55.7043887], [12.5786745, 55.7043967], [12.5786817, 55.7044047], [12.578689, 55.7044127], [12.5786962, 55.7044207], [12.5787035, 55.7044286], [12.5787107, 55.7044366], [12.578718, 55.7044446], [12.5787252, 55.7044526], [12.5787325, 55.7044606], [12.5787397, 55.7044686], [12.578747, 55.7044766], [12.5787542, 55.7044846], [12.5787615, 55.7044926], [12.5787687, 55.7045006], [12.578776, 55.7045086], [12.5787833, 55.7045166], [12.5787905, 55.7045246], [12.5787978, 55.7045326], [12.578805, 55.7045406], [12.5788123, 55.7045486], [12.5788195, 55.7045566], [12.5788268, 55.7045645], [12.578834, 55.7045725], [12.5788413, 55.7045805], [12.5788453, 55.704585], [12.5788485, 55.7045885], [12.5788558, 55.7045965], [12.578863, 55.7046045], [12.5788703, 55.7046125], [12.5788775, 55.7046205], [12.5788848, 55.7046285], [12.578892, 55.7046365], [12.5788993, 55.7046445], [12.5789065, 55.7046525], [12.5789137, 55.7046605], [12.578921, 55.7046685], [12.5789282, 55.7046765], [12.5789354, 55.7046845], [12.5789427, 55.7046925], [12.5789499, 55.7047005], [12.5789571, 55.7047085], [12.5789643, 55.7047165], [12.5789715, 55.7047245], [12.5789787, 55.7047325], [12.5789859, 55.7047405], [12.5789931, 55.7047485], [12.5790003, 55.7047565], [12.5790075, 55.7047646], [12.5790147, 55.7047726], [12.5790218, 55.7047806], [12.579029, 55.7047886], [12.5790361, 55.7047966], [12.5790433, 55.7048047], [12.5790504, 55.7048127], [12.5790575, 55.7048207], [12.5790647, 55.7048288], [12.5790718, 55.7048368], [12.5790789, 55.7048448], [12.5790859, 55.7048529], [12.579093, 55.7048609], [12.5791001, 55.704869], [12.5791071, 55.704877], [12.5791142, 55.7048851], [12.5791212, 55.7048931], [12.5791282, 55.7049012], [12.5791353, 55.7049092], [12.5791423, 55.7049173], [12.5791492, 55.7049254], [12.5791562, 55.7049335], [12.5791632, 55.7049415], [12.5791701, 55.7049496], [12.5791771, 55.7049577], [12.579184, 55.7049658], [12.5791909, 55.7049739], [12.5791978, 55.704982], [12.5792046, 55.7049901], [12.5792115, 55.7049982], [12.5792183, 55.7050063], [12.5792252, 55.7050144], [12.579232, 55.7050225], [12.5792388, 55.7050306], [12.5792455, 55.7050388], [12.5792523, 55.7050469], [12.579259, 55.705055], [12.5792658, 55.7050632], [12.5792725, 55.7050713], [12.5792792, 55.7050795], [12.5792858, 55.7050876], [12.5792925, 55.7050958], [12.5792991, 55.7051039], [12.5793057, 55.7051121], [12.5793123, 55.7051203], [12.5793189, 55.7051285], [12.5793254, 55.7051366], [12.579332, 55.7051448], [12.5793385, 55.705153], [12.579345, 55.7051612], [12.5793514, 55.7051694], [12.5793579, 55.7051777], [12.5793643, 55.7051859], [12.5793707, 55.7051941], [12.579377, 55.7052023], [12.5793834, 55.7052106], [12.5793897, 55.7052188], [12.579396, 55.705227], [12.5794023, 55.7052353], [12.5794085, 55.7052436], [12.5794147, 55.7052518], [12.5794209, 55.7052601], [12.5794271, 55.7052684], [12.5794333, 55.7052767], [12.5794394, 55.705285], [12.5794455, 55.7052933], [12.5794515, 55.7053016], [12.5794576, 55.7053099], [12.5794636, 55.7053182], [12.5794696, 55.7053265], [12.5794755, 55.7053348], [12.5794814, 55.7053432], [12.5794873, 55.7053515], [12.5794932, 55.7053599], [12.579499, 55.7053682], [12.5795048, 55.7053766], [12.5795106, 55.7053849], [12.5795164, 55.7053933], [12.5795221, 55.7054017], [12.5795277, 55.7054101], [12.5795334, 55.7054185], [12.579539, 55.7054269], [12.5795446, 55.7054353], [12.5795501, 55.7054437], [12.5795556, 55.7054522], [12.5795611, 55.7054606], [12.5795666, 55.705469], [12.579572, 55.7054775], [12.5795774, 55.7054859], [12.5795827, 55.7054944], [12.579588, 55.7055028], [12.5795933, 55.7055113], [12.5795985, 55.7055198], [12.5796037, 55.7055283], [12.5796089, 55.7055368], [12.579614, 55.7055453], [12.5796191, 55.7055538], [12.5796241, 55.7055623], [12.5796292, 55.7055708], [12.5796341, 55.7055794], [12.5796391, 55.7055879], [12.579644, 55.7055965], [12.5796488, 55.705605], [12.5796536, 55.7056136], [12.5796584, 55.7056221], [12.5796631, 55.7056307], [12.5796678, 55.7056393], [12.5796725, 55.7056479], [12.5796771, 55.7056565], [12.5796816, 55.7056651], [12.5796862, 55.7056737], [12.5796906, 55.7056823], [12.5796951, 55.7056909], [12.5796995, 55.7056996], [12.5797038, 55.7057082], [12.5797081, 55.7057169], [12.5797124, 55.7057255], [12.5797166, 55.7057342], [12.5797205, 55.7057423], [12.5797208, 55.7057428], [12.5797249, 55.7057515], [12.579729, 55.7057602], [12.579733, 55.7057689], [12.579737, 55.7057776], [12.5797409, 55.7057863], [12.5797448, 55.705795], [12.5797487, 55.7058037], [12.5797525, 55.7058124], [12.5797562, 55.7058212], [12.5797599, 55.7058299], [12.5797636, 55.7058386], [12.5797672, 55.7058474], [12.5797708, 55.7058561], [12.5797743, 55.7058649], [12.5797778, 55.7058737], [12.5797812, 55.7058824], [12.5797846, 55.7058912], [12.5797879, 55.7059], [12.5797912, 55.7059088], [12.5797945, 55.7059176], [12.5797977, 55.7059264], [12.5798008, 55.7059352], [12.5798039, 55.705944], [12.579807, 55.7059528], [12.57981, 55.7059616], [12.579813, 55.7059704], [12.5798159, 55.7059793], [12.5798188, 55.7059881], [12.5798216, 55.7059969], [12.5798244, 55.7060058], [12.5798271, 55.7060146], [12.5798298, 55.7060235], [12.5798324, 55.7060323], [12.579835, 55.7060412], [12.5798376, 55.7060501], [12.5798401, 55.7060589], [12.5798425, 55.7060678], [12.5798449, 55.7060767], [12.5798473, 55.7060856], [12.5798496, 55.7060945], [12.5798518, 55.7061033], [12.5798541, 55.7061122], [12.5798562, 55.7061211], [12.5798584, 55.70613], [12.5798604, 55.7061389], [12.5798625, 55.7061479], [12.5798644, 55.7061568], [12.5798664, 55.7061657], [12.5798683, 55.7061746], [12.5798701, 55.7061835], [12.5798719, 55.7061924], [12.5798736, 55.7062014], [12.5798753, 55.7062103], [12.579877, 55.7062192], [12.5798786, 55.7062282], [12.5798801, 55.7062371], [12.5798817, 55.7062461], [12.5798831, 55.706255], [12.5798845, 55.7062639], [12.5798859, 55.7062729], [12.5798872, 55.7062818], [12.5798885, 55.7062908], [12.5798897, 55.7062998], [12.5798909, 55.7063087], [12.579892, 55.7063177], [12.5798931, 55.7063266], [12.5798941, 55.7063356], [12.5798951, 55.7063446], [12.5798961, 55.7063535], [12.579897, 55.7063625], [12.5798978, 55.7063715], [12.5798986, 55.7063804], [12.5798994, 55.7063894], [12.5799001, 55.7063984], [12.5799007, 55.7064073], [12.5799013, 55.7064163], [12.5799019, 55.7064253], [12.5799024, 55.7064343], [12.5799029, 55.7064433], [12.5799033, 55.7064522], [12.5799037, 55.7064612], [12.579904, 55.7064702], [12.5799043, 55.7064792], [12.5799045, 55.7064882], [12.5799047, 55.7064971], [12.5799048, 55.7065061], [12.5799049, 55.7065151], [12.579905, 55.7065241], [12.5799049, 55.7065331], [12.5799049, 55.706542], [12.5799048, 55.706551], [12.5799046, 55.70656], [12.5799044, 55.706569], [12.5799042, 55.706578], [12.5799039, 55.7065869], [12.5799036, 55.7065959], [12.5799032, 55.7066049], [12.5799027, 55.7066139], [12.5799023, 55.7066229], [12.5799017, 55.7066318], [12.5799011, 55.7066408], [12.5799005, 55.7066498], [12.5798998, 55.7066588], [12.5798991, 55.7066677], [12.5798984, 55.7066767], [12.5798975, 55.7066857], [12.5798967, 55.7066946], [12.5798958, 55.7067036], [12.5798948, 55.7067126], [12.5798938, 55.7067215], [12.5798928, 55.7067305], [12.5798917, 55.7067395], [12.5798905, 55.7067484], [12.5798893, 55.7067574], [12.5798881, 55.7067663], [12.5798868, 55.7067753], [12.5798855, 55.7067842], [12.5798841, 55.7067932], [12.5798826, 55.7068021], [12.5798812, 55.7068111], [12.5798796, 55.70682], [12.5798781, 55.706829], [12.5798765, 55.7068379], [12.5798748, 55.7068468], [12.5798731, 55.7068557], [12.5798713, 55.7068647], [12.5798695, 55.7068736], [12.5798676, 55.7068825], [12.5798657, 55.7068914], [12.5798638, 55.7069003], [12.5798618, 55.7069093], [12.5798598, 55.7069182], [12.5798577, 55.7069271], [12.5798555, 55.706936], [12.5798533, 55.7069449], [12.5798511, 55.7069538], [12.5798488, 55.7069627], [12.5798465, 55.7069715], [12.5798441, 55.7069804], [12.5798417, 55.7069893], [12.5798392, 55.7069982], [12.5798367, 55.707007], [12.5798342, 55.7070159], [12.5798316, 55.7070248], [12.5798289, 55.7070336], [12.5798262, 55.7070425], [12.5798235, 55.7070513], [12.5798207, 55.7070602], [12.5798178, 55.707069], [12.5798149, 55.7070778], [12.579812, 55.7070867], [12.579809, 55.7070955], [12.579806, 55.7071043], [12.5798029, 55.7071131], [12.5797998, 55.7071219], [12.5797966, 55.7071307], [12.5797934, 55.7071395], [12.5797901, 55.7071483], [12.5797868, 55.7071571], [12.5797835, 55.7071659], [12.5797801, 55.7071746], [12.5797766, 55.7071834], [12.5797731, 55.7071922], [12.5797696, 55.7072009], [12.579766, 55.7072097], [12.5797624, 55.7072184], [12.5797587, 55.7072272], [12.579755, 55.7072359], [12.5797512, 55.7072446], [12.5797474, 55.7072533], [12.5797435, 55.7072621], [12.5797396, 55.7072708], [12.5797357, 55.7072795], [12.5797317, 55.7072882], [12.5797276, 55.7072968], [12.5797235, 55.7073055], [12.5797194, 55.7073142], [12.5797152, 55.7073229], [12.579711, 55.7073315], [12.5797067, 55.7073402], [12.5797024, 55.7073488], [12.579698, 55.7073574], [12.5796936, 55.7073661], [12.5796891, 55.7073747], [12.5796846, 55.7073833], [12.5796801, 55.7073919], [12.5796755, 55.7074005], [12.5796709, 55.7074091], [12.5796662, 55.7074177], [12.5796614, 55.7074263], [12.5796567, 55.7074348], [12.5796518, 55.7074434], [12.579647, 55.7074519], [12.5796421, 55.7074605], [12.5796371, 55.707469], [12.5796321, 55.7074775], [12.5796271, 55.7074861], [12.579622, 55.7074946], [12.5796168, 55.7075031], [12.5796116, 55.7075116], [12.5796064, 55.7075201], [12.5796011, 55.7075285], [12.5795958, 55.707537], [12.5795905, 55.7075454], [12.5795851, 55.7075539], [12.5795796, 55.7075623], [12.5795741, 55.7075708], [12.5795686, 55.7075792], [12.579563, 55.7075876], [12.5795574, 55.707596], [12.5795517, 55.7076044], [12.579546, 55.7076128], [12.5795402, 55.7076211], [12.5795344, 55.7076295], [12.5795285, 55.7076378], [12.5795226, 55.7076462], [12.5795167, 55.7076545], [12.5795107, 55.7076628], [12.5795047, 55.7076712], [12.5794986, 55.7076795], [12.5794925, 55.7076878], [12.5794864, 55.707696], [12.5794802, 55.7077043], [12.5794739, 55.7077126], [12.5794676, 55.7077208], [12.5794613, 55.7077291], [12.5794549, 55.7077373], [12.5794485, 55.7077455], [12.579442, 55.7077537], [12.5794355, 55.7077619], [12.579429, 55.7077701], [12.5794224, 55.7077783], [12.5794157, 55.7077864], [12.5794091, 55.7077946], [12.5794023, 55.7078027], [12.5793956, 55.7078108], [12.5793888, 55.707819], [12.5793819, 55.7078271], [12.579375, 55.7078352], [12.5793681, 55.7078432], [12.5793611, 55.7078513], [12.5793541, 55.7078594], [12.579347, 55.7078674], [12.5793399, 55.7078755], [12.5793328, 55.7078835], [12.5793256, 55.7078915], [12.5793183, 55.7078995], [12.5793111, 55.7079075], [12.5793037, 55.7079155], [12.5792964, 55.7079234], [12.579289, 55.7079314], [12.5792815, 55.7079393], [12.579274, 55.7079472], [12.5792665, 55.7079551], [12.5792589, 55.707963], [12.5792513, 55.7079709], [12.5792437, 55.7079788], [12.579236, 55.7079867], [12.5792282, 55.7079945], [12.5792205, 55.7080023], [12.5792126, 55.7080102], [12.5792048, 55.708018], [12.5791969, 55.7080258], [12.5791889, 55.7080336], [12.5791809, 55.7080413], [12.5791729, 55.7080491], [12.5791648, 55.7080568], [12.5791567, 55.7080645], [12.5791486, 55.7080723], [12.5791404, 55.70808], [12.5791322, 55.7080876], [12.5791239, 55.7080953], [12.5791156, 55.708103], [12.5791072, 55.7081106], [12.5790988, 55.7081182], [12.5790904, 55.7081259], [12.5790819, 55.7081335], [12.5790734, 55.7081411], [12.5790649, 55.7081486], [12.5790563, 55.7081562], [12.5790476, 55.7081637], [12.579039, 55.7081713], [12.5790303, 55.7081788], [12.5790215, 55.7081863], [12.5790127, 55.7081938], [12.5790039, 55.7082012], [12.578995, 55.7082087], [12.5789861, 55.7082161], [12.5789771, 55.7082236], [12.5789682, 55.708231], [12.5789591, 55.7082384], [12.5789501, 55.7082457], [12.578941, 55.7082531], [12.5789318, 55.7082604], [12.5789226, 55.7082678], [12.5789134, 55.7082751], [12.5789041, 55.7082824], [12.5788948, 55.7082897], [12.5788855, 55.708297], [12.5788761, 55.7083042], [12.5788667, 55.7083115], [12.5788573, 55.7083187], [12.5788478, 55.7083259], [12.5788382, 55.7083331], [12.5788287, 55.7083403], [12.5788191, 55.7083474], [12.5788094, 55.7083546], [12.5787997, 55.7083617], [12.57879, 55.7083688], [12.5787803, 55.7083759], [12.5787705, 55.708383], [12.5787606, 55.70839], [12.5787508, 55.7083971], [12.5787409, 55.7084041], [12.5787309, 55.7084111], [12.578721, 55.7084181], [12.5787109, 55.7084251], [12.5787009, 55.708432], [12.5786908, 55.708439], [12.5786807, 55.7084459], [12.5786705, 55.7084528], [12.5786603, 55.7084597], [12.5786501, 55.7084666], [12.5786398, 55.7084735], [12.5786295, 55.7084803], [12.5786191, 55.7084871], [12.5786088, 55.7084939], [12.5785983, 55.7085007], [12.5785879, 55.7085075], [12.5785774, 55.7085142], [12.5785669, 55.708521], [12.5785563, 55.7085277], [12.5785457, 55.7085344], [12.5785351, 55.7085411], [12.5785244, 55.7085477], [12.5785137, 55.7085544], [12.578503, 55.708561], [12.5784922, 55.7085676], [12.5784814, 55.7085742], [12.5784706, 55.7085808], [12.5784597, 55.7085873], [12.5784488, 55.7085939], [12.5784378, 55.7086004], [12.5784269, 55.7086069], [12.5784158, 55.7086134], [12.5784048, 55.7086198], [12.5783937, 55.7086263], [12.5783826, 55.7086327], [12.5783715, 55.7086391], [12.5783603, 55.7086455], [12.5783491, 55.7086519], [12.5783378, 55.7086582], [12.5783265, 55.7086645], [12.5783152, 55.7086709], [12.5783038, 55.7086772], [12.5782925, 55.7086834], [12.578281, 55.7086897], [12.5782696, 55.7086959], [12.5782581, 55.7087021], [12.5782466, 55.7087083], [12.578235, 55.7087145], [12.5782235, 55.7087207], [12.5782118, 55.7087268], [12.5782002, 55.7087329], [12.5781885, 55.708739], [12.5781768, 55.7087451], [12.5781651, 55.7087512], [12.5781533, 55.7087572], [12.5781415, 55.7087632], [12.5781296, 55.7087692], [12.5781178, 55.7087752], [12.5781059, 55.7087812], [12.5780939, 55.7087871], [12.578082, 55.708793], [12.57807, 55.7087989], [12.578058, 55.7088048], [12.5780459, 55.7088106], [12.5780338, 55.7088165], [12.5780217, 55.7088223], [12.5780095, 55.7088281], [12.5779974, 55.7088339], [12.5779851, 55.7088396], [12.5779729, 55.7088454], [12.5779606, 55.7088511], [12.5779483, 55.7088568], [12.577936, 55.7088625], [12.5779236, 55.7088681], [12.5779112, 55.7088737], [12.5778988, 55.7088793], [12.5778864, 55.7088849], [12.5778739, 55.7088905], [12.5778614, 55.7088961], [12.5778488, 55.7089016], [12.5778363, 55.7089071], [12.5778237, 55.7089126], [12.577811, 55.708918], [12.5777984, 55.7089235], [12.5777857, 55.7089289], [12.577773, 55.7089343], [12.5777602, 55.7089397], [12.5777475, 55.708945], [12.5777347, 55.7089504], [12.5777219, 55.7089557], [12.577709, 55.708961], [12.5776961, 55.7089662], [12.5776832, 55.7089715], [12.5776703, 55.7089767], [12.5776573, 55.7089819], [12.5776443, 55.7089871], [12.5776313, 55.7089923], [12.5776182, 55.7089974], [12.5776052, 55.7090025], [12.5775981, 55.7090053], [12.5775921, 55.7090076], [12.5775789, 55.7090127], [12.5775658, 55.7090177], [12.5775526, 55.7090228], [12.5775394, 55.7090278], [12.5775262, 55.7090328], [12.5775129, 55.7090377], [12.5774996, 55.7090427], [12.5774863, 55.7090476], [12.577473, 55.7090525], [12.5774597, 55.7090574], [12.5774463, 55.7090623], [12.5774329, 55.7090671], [12.5774195, 55.7090719], [12.5774061, 55.7090768], [12.5773926, 55.7090815], [12.5773791, 55.7090863], [12.5773656, 55.7090911], [12.5773521, 55.7090958], [12.5773386, 55.7091005], [12.5773251, 55.7091053], [12.5773115, 55.7091099], [12.5772979, 55.7091146], [12.5772843, 55.7091193], [12.5772707, 55.7091239], [12.5772571, 55.7091286], [12.5772434, 55.7091332], [12.5772298, 55.7091378], [12.5772161, 55.7091424], [12.5772024, 55.7091469], [12.5771887, 55.7091515], [12.577175, 55.7091561], [12.5771612, 55.7091606], [12.5771475, 55.7091651], [12.5771337, 55.7091696], [12.57712, 55.7091741], [12.5771062, 55.7091786], [12.5770924, 55.7091831], [12.5770786, 55.7091875], [12.5770648, 55.709192], [12.5770509, 55.7091964], [12.5770371, 55.7092009], [12.5770233, 55.7092053], [12.5770094, 55.7092097], [12.5769955, 55.7092141], [12.5769817, 55.7092185], [12.5769678, 55.7092229], [12.5769539, 55.7092273], [12.57694, 55.7092317], [12.5769261, 55.709236], [12.5769122, 55.7092404], [12.5768983, 55.7092447], [12.5768844, 55.7092491], [12.5768704, 55.7092534], [12.5768565, 55.7092578], [12.5768426, 55.7092621], [12.5768286, 55.7092664], [12.5768147, 55.7092707], [12.5768007, 55.709275], [12.5767868, 55.7092794], [12.5767728, 55.7092837], [12.5767588, 55.709288], [12.5767449, 55.7092923], [12.5767309, 55.7092966], [12.5767169, 55.7093009], [12.576703, 55.7093052], [12.576689, 55.7093094], [12.576675, 55.7093137], [12.576661, 55.709318], [12.5766471, 55.7093223], [12.5766333, 55.7093265], [12.5766331, 55.7093266], [12.5766191, 55.7093309], [12.5766051, 55.7093352], [12.5765911, 55.7093395], [12.5765772, 55.7093438], [12.5765632, 55.709348], [12.5765492, 55.7093523], [12.5765352, 55.7093566], [12.5765213, 55.7093609], [12.5765073, 55.7093652], [12.5764933, 55.7093695], [12.5764793, 55.7093738], [12.5764654, 55.7093781], [12.5764514, 55.7093824], [12.5764374, 55.7093866], [12.5764234, 55.7093909], [12.5764094, 55.7093952], [12.5763955, 55.7093995], [12.5763815, 55.7094038], [12.5763675, 55.7094081], [12.5763535, 55.7094124], [12.5763396, 55.7094167], [12.5763256, 55.709421], [12.5763116, 55.7094253], [12.5762976, 55.7094295], [12.5762836, 55.7094338], [12.5762697, 55.7094381], [12.5762557, 55.7094424], [12.5762417, 55.7094467], [12.5762277, 55.709451], [12.5762138, 55.7094553], [12.5761998, 55.7094596], [12.5761858, 55.7094639], [12.5761718, 55.7094681], [12.5761578, 55.7094724], [12.5761439, 55.7094767], [12.5761299, 55.709481], [12.5761159, 55.7094853], [12.5761019, 55.7094896], [12.576088, 55.7094939], [12.576074, 55.7094982], [12.57606, 55.7095025], [12.576046, 55.7095067], [12.576032, 55.709511], [12.5760181, 55.7095153], [12.5760041, 55.7095196], [12.5759901, 55.7095239], [12.5759761, 55.7095282], [12.5759622, 55.7095325], [12.5759482, 55.7095368], [12.5759342, 55.7095411], [12.5759202, 55.7095453], [12.5759063, 55.7095496], [12.5758923, 55.7095539], [12.5758783, 55.7095582], [12.5758643, 55.7095625], [12.5758503, 55.7095668], [12.5758364, 55.7095711], [12.5758224, 55.7095754], [12.5758084, 55.7095796], [12.5757944, 55.7095839], [12.5757805, 55.7095882], [12.5757665, 55.7095925], [12.5757525, 55.7095968], [12.5757385, 55.7096011], [12.5757245, 55.7096054], [12.5757106, 55.7096097], [12.5756966, 55.709614], [12.5756826, 55.7096182], [12.5756686, 55.7096225], [12.5756547, 55.7096268], [12.5756407, 55.7096311], [12.5756267, 55.7096354], [12.5756127, 55.7096397], [12.5755987, 55.709644], [12.5755848, 55.7096483], [12.5755708, 55.7096526], [12.5755568, 55.7096568], [12.5755428, 55.7096611], [12.5755289, 55.7096654], [12.5755195, 55.7096683], [12.5755149, 55.7096697], [12.5755009, 55.709674], [12.5754869, 55.7096783], [12.5754729, 55.7096826], [12.575459, 55.7096869], [12.575445, 55.7096911], [12.575431, 55.7096954], [12.575417, 55.7096997], [12.575403, 55.709704], [12.575389, 55.7097082], [12.575375, 55.7097125], [12.575361, 55.7097168], [12.575347, 55.709721], [12.575333, 55.7097253], [12.575319, 55.7097295], [12.5753049, 55.7097337], [12.5752909, 55.709738], [12.5752768, 55.7097422], [12.5752628, 55.7097464], [12.5752487, 55.7097506], [12.5752347, 55.7097548], [12.5752206, 55.709759], [12.5752065, 55.7097631], [12.5751924, 55.7097673], [12.5751783, 55.7097714], [12.5751641, 55.7097756], [12.57515, 55.7097797], [12.5751359, 55.7097838], [12.5751217, 55.7097879], [12.5751075, 55.709792], [12.5750933, 55.709796], [12.5750791, 55.7098001], [12.5750649, 55.7098041], [12.5750507, 55.7098081], [12.5750365, 55.7098121], [12.5750222, 55.7098161], [12.5750079, 55.7098201], [12.5749936, 55.709824], [12.5749793, 55.7098279], [12.574965, 55.7098319], [12.5749506, 55.7098357], [12.5749363, 55.7098396], [12.5749219, 55.7098434], [12.5749075, 55.7098473], [12.5748931, 55.7098511], [12.5748787, 55.7098548], [12.5748642, 55.7098586], [12.5748497, 55.7098623], [12.5748352, 55.709866], [12.5748207, 55.7098697], [12.5748062, 55.7098734], [12.5747916, 55.709877], [12.5747771, 55.7098806], [12.5747625, 55.7098842], [12.5747479, 55.7098877], [12.5747332, 55.7098912], [12.5747186, 55.7098947], [12.5747045, 55.709898], [12.5747039, 55.7098982], [12.5746892, 55.7099016], [12.5746744, 55.709905], [12.5746597, 55.7099084], [12.5746449, 55.7099117], [12.5746301, 55.709915], [12.5746153, 55.7099183], [12.5746005, 55.7099215], [12.5745856, 55.7099247], [12.5745708, 55.7099279], [12.5745559, 55.7099311], [12.574541, 55.7099342], [12.574526, 55.7099373], [12.5745111, 55.7099404], [12.5744961, 55.7099434], [12.5744811, 55.7099464], [12.5744661, 55.7099494], [12.574451, 55.7099523], [12.574436, 55.7099552], [12.5744209, 55.7099581], [12.5744058, 55.7099609], [12.5743907, 55.7099637], [12.5743756, 55.7099665], [12.5743605, 55.7099693], [12.5743453, 55.709972], [12.5743301, 55.7099747], [12.5743149, 55.7099774], [12.5742997, 55.70998], [12.5742845, 55.7099826], [12.5742692, 55.7099851], [12.574254, 55.7099877], [12.5742387, 55.7099902], [12.5742234, 55.7099927], [12.5742081, 55.7099951], [12.5741928, 55.7099975], [12.5741774, 55.7099999], [12.5741621, 55.7100022], [12.5741467, 55.7100045], [12.5741313, 55.7100068], [12.5741159, 55.7100091], [12.5741005, 55.7100113], [12.5740851, 55.7100135], [12.5740696, 55.7100156], [12.5740542, 55.7100178], [12.5740387, 55.7100198], [12.5740232, 55.7100219], [12.5740077, 55.7100239], [12.5739922, 55.7100259], [12.5739767, 55.7100279], [12.5739611, 55.7100298], [12.5739456, 55.7100317], [12.57393, 55.7100336], [12.5739145, 55.7100354], [12.5738989, 55.7100372], [12.5738833, 55.710039], [12.5738677, 55.7100408], [12.573852, 55.7100425], [12.5738364, 55.7100441], [12.5738208, 55.7100458], [12.5738051, 55.7100474], [12.5737895, 55.710049], [12.5737738, 55.7100505], [12.5737581, 55.710052], [12.5737424, 55.7100535], [12.5737267, 55.710055], [12.573711, 55.7100564], [12.5736953, 55.7100578], [12.5736796, 55.7100591], [12.5736638, 55.7100605], [12.5736481, 55.7100617], [12.5736323, 55.710063], [12.5736166, 55.7100642], [12.5736008, 55.7100654], [12.573585, 55.7100666], [12.5735693, 55.7100677], [12.5735535, 55.7100688], [12.5735377, 55.7100699], [12.5735219, 55.7100709], [12.5735061, 55.7100719], [12.5734902, 55.7100729], [12.5734744, 55.7100738], [12.5734586, 55.7100747], [12.5734428, 55.7100755], [12.5734269, 55.7100764], [12.5734111, 55.7100772], [12.5733952, 55.710078], [12.5733794, 55.7100787], [12.5733635, 55.7100794], [12.5733476, 55.7100801], [12.5733318, 55.7100807], [12.5733159, 55.7100813], [12.5733, 55.7100819], [12.5732841, 55.7100824], [12.5732683, 55.7100829], [12.5732524, 55.7100834], [12.5732365, 55.7100839], [12.5732206, 55.7100843], [12.5732047, 55.7100847], [12.5731888, 55.710085], [12.5731729, 55.7100853], [12.573157, 55.7100856], [12.5731411, 55.7100858], [12.5731252, 55.7100861], [12.5731093, 55.7100862], [12.5730934, 55.7100864], [12.5730775, 55.7100865], [12.5730616, 55.7100866], [12.5730457, 55.7100866], [12.5730298, 55.7100867], [12.5730138, 55.7100866], [12.5729979, 55.7100866], [12.572982, 55.7100865], [12.5729661, 55.7100864], [12.5729502, 55.7100863], [12.5729343, 55.7100861], [12.5729184, 55.7100859], [12.5729025, 55.7100856], [12.5728866, 55.7100854], [12.5728707, 55.710085], [12.5728548, 55.7100847], [12.5728389, 55.7100843], [12.572823, 55.7100839], [12.5728071, 55.7100835], [12.5727912, 55.710083], [12.5727754, 55.7100825], [12.5727595, 55.710082], [12.5727436, 55.7100814], [12.5727277, 55.7100808], [12.5727119, 55.7100802], [12.572696, 55.7100795], [12.5726801, 55.7100788], [12.5726643, 55.7100781], [12.5726484, 55.7100773], [12.5726326, 55.7100765], [12.5726167, 55.7100757], [12.5726009, 55.7100748], [12.5725851, 55.7100739], [12.5725693, 55.710073], [12.5725534, 55.710072], [12.5725376, 55.710071], [12.5725218, 55.71007], [12.572506, 55.710069], [12.5724902, 55.7100679], [12.5724744, 55.7100667], [12.5724587, 55.7100656], [12.5724429, 55.7100644], [12.5724271, 55.7100632], [12.5724114, 55.7100619], [12.5723956, 55.7100606], [12.5723799, 55.7100593], [12.5723642, 55.710058], [12.5723485, 55.7100566], [12.5723327, 55.7100552], [12.572317, 55.7100537], [12.5723014, 55.7100523], [12.5722857, 55.7100507], [12.57227, 55.7100492], [12.5722543, 55.7100476], [12.5722387, 55.710046], [12.572223, 55.7100444], [12.5722074, 55.7100427], [12.5721918, 55.710041], [12.5721762, 55.7100393], [12.5721606, 55.7100375], [12.572145, 55.7100357], [12.5721294, 55.7100339], [12.5721139, 55.710032], [12.5720983, 55.7100301], [12.5720828, 55.7100282], [12.5720673, 55.7100262], [12.5720517, 55.7100242], [12.5720362, 55.7100222], [12.5720208, 55.7100202], [12.5720053, 55.7100181], [12.5719898, 55.7100159], [12.5719744, 55.7100138], [12.5719589, 55.7100116], [12.5719435, 55.7100094], [12.5719281, 55.7100072], [12.5719127, 55.7100049], [12.5718974, 55.7100026], [12.571882, 55.7100002], [12.5718667, 55.7099979], [12.5718513, 55.7099954], [12.571836, 55.709993], [12.5718207, 55.7099905], [12.5718054, 55.7099881], [12.5717902, 55.7099855], [12.5717749, 55.709983], [12.5717597, 55.7099804], [12.5717445, 55.7099777], [12.5717293, 55.7099751], [12.5717141, 55.7099724], [12.5716989, 55.7099697], [12.5716838, 55.7099669], [12.5716687, 55.7099642], [12.5716536, 55.7099613], [12.5716385, 55.7099585], [12.5716234, 55.7099556], [12.5716083, 55.7099527], [12.5715933, 55.7099498], [12.5715783, 55.7099468], [12.5715633, 55.7099438], [12.5715483, 55.7099408], [12.5715334, 55.7099378], [12.5715184, 55.7099347], [12.5715035, 55.7099315], [12.5714886, 55.7099284], [12.5714737, 55.7099252], [12.5714589, 55.709922], [12.571444, 55.7099188], [12.5714292, 55.7099155], [12.5714144, 55.7099122], [12.5713996, 55.7099089], [12.5713849, 55.7099055], [12.5713702, 55.7099021], [12.5713554, 55.7098987], [12.5713408, 55.7098952], [12.5713261, 55.7098917], [12.5713115, 55.7098882], [12.5712968, 55.7098847], [12.5712822, 55.7098811], [12.5712677, 55.7098775], [12.5712531, 55.7098739], [12.5712386, 55.7098702], [12.5712241, 55.7098665], [12.5712096, 55.7098628], [12.5711952, 55.709859], [12.5711807, 55.7098553], [12.5711663, 55.7098514], [12.571152, 55.7098476], [12.5711376, 55.7098437], [12.5711233, 55.7098398], [12.571109, 55.7098359], [12.5710947, 55.7098319], [12.5710804, 55.7098279], [12.5710662, 55.7098239], [12.571052, 55.7098199], [12.5710378, 55.7098158], [12.5710237, 55.7098117], [12.5710096, 55.7098076], [12.5709955, 55.7098034], [12.5709814, 55.7097992], [12.5709674, 55.709795], [12.5709533, 55.7097907], [12.5709394, 55.7097865], [12.5709254, 55.7097822], [12.5709115, 55.7097778], [12.5708976, 55.7097734], [12.5708837, 55.7097691], [12.5708698, 55.7097646], [12.570856, 55.7097602], [12.5708422, 55.7097557], [12.5708285, 55.7097512], [12.5708147, 55.7097467], [12.570801, 55.7097421], [12.5707874, 55.7097375], [12.5707737, 55.7097329], [12.5707601, 55.7097282], [12.5707465, 55.7097236], [12.570733, 55.7097189], [12.5707195, 55.7097141], [12.570706, 55.7097094], [12.5706925, 55.7097046], [12.5706791, 55.7096998], [12.5706657, 55.7096949], [12.5706523, 55.7096901], [12.570639, 55.7096852], [12.5706257, 55.7096802], [12.5706124, 55.7096753], [12.5705992, 55.7096703], [12.5705859, 55.7096653], [12.5705728, 55.7096603], [12.5705596, 55.7096552], [12.5705465, 55.7096501], [12.5705334, 55.709645], [12.5705204, 55.7096399], [12.5705074, 55.7096347], [12.5704944, 55.7096295], [12.5704815, 55.7096243], [12.5704686, 55.709619], [12.5704557, 55.7096138], [12.5704428, 55.7096084], [12.57043, 55.7096031], [12.5704172, 55.7095978], [12.5704045, 55.7095924], [12.5703918, 55.709587], [12.5703791, 55.7095816], [12.5703665, 55.7095761], [12.5703539, 55.7095706], [12.5703413, 55.7095651], [12.5703288, 55.7095596], [12.5703163, 55.709554], [12.5703039, 55.7095484], [12.5702914, 55.7095428], [12.5702791, 55.7095372], [12.5702667, 55.7095315], [12.5702544, 55.7095258], [12.5702421, 55.7095201], [12.5702299, 55.7095144], [12.5702177, 55.7095086], [12.5702055, 55.7095028], [12.5701934, 55.709497], [12.5701813, 55.7094912], [12.5701693, 55.7094853], [12.5701572, 55.7094794], [12.5701453, 55.7094735], [12.5701333, 55.7094676], [12.5701214, 55.7094616], [12.5701096, 55.7094556], [12.5700978, 55.7094496], [12.570086, 55.7094436], [12.5700742, 55.7094375], [12.5700625, 55.7094314], [12.5700509, 55.7094253], [12.5700392, 55.7094192], [12.5700277, 55.709413], [12.5700161, 55.7094068], [12.5700046, 55.7094006], [12.5699931, 55.7093944], [12.5699817, 55.7093882], [12.5699703, 55.7093819], [12.569959, 55.7093756], [12.5699477, 55.7093693], [12.5699364, 55.7093629], [12.5699252, 55.7093566], [12.569914, 55.7093502], [12.5699029, 55.7093438], [12.5698918, 55.7093373], [12.5698807, 55.7093309], [12.5698697, 55.7093244], [12.5698587, 55.7093179], [12.5698478, 55.7093114], [12.5698369, 55.7093048], [12.5698261, 55.7092982], [12.5698153, 55.7092916], [12.5698045, 55.709285], [12.5697938, 55.7092784], [12.5697831, 55.7092717], [12.5697725, 55.7092651], [12.5697619, 55.7092584], [12.5697513, 55.7092516], [12.5697408, 55.7092449], [12.5697319, 55.7092391], [12.5697304, 55.7092381], [12.56972, 55.7092313], [12.5697096, 55.7092245], [12.5696993, 55.7092177], [12.569689, 55.7092108], [12.5696787, 55.709204], [12.5696685, 55.7091971], [12.5696584, 55.7091902], [12.5696483, 55.7091832], [12.5696382, 55.7091763], [12.5696281, 55.7091693], [12.5696182, 55.7091623], [12.5696082, 55.7091553], [12.5695983, 55.7091483], [12.5695884, 55.7091412], [12.5695786, 55.7091342], [12.5695688, 55.7091271], [12.5695591, 55.70912], [12.5695494, 55.7091129], [12.5695397, 55.7091057], [12.5695301, 55.7090986], [12.5695205, 55.7090914], [12.5695109, 55.7090843], [12.5695014, 55.7090771], [12.5694919, 55.7090698], [12.5694825, 55.7090626], [12.5694731, 55.7090554], [12.5694637, 55.7090481], [12.5694544, 55.7090408], [12.5694451, 55.7090335], [12.5694358, 55.7090262], [12.5694266, 55.7090189], [12.5694174, 55.7090116], [12.5694083, 55.7090042], [12.5693992, 55.7089969], [12.5693901, 55.7089895], [12.5693811, 55.7089821], [12.569372, 55.7089747], [12.5693631, 55.7089673], [12.5693541, 55.7089599], [12.5693452, 55.7089524], [12.5693363, 55.708945], [12.5693275, 55.7089375], [12.5693187, 55.70893], [12.5693099, 55.7089225], [12.5693012, 55.708915], [12.5692924, 55.7089075], [12.5692838, 55.7089], [12.5692751, 55.7088925], [12.5692665, 55.7088849], [12.5692579, 55.7088773], [12.5692493, 55.7088698], [12.5692408, 55.7088622], [12.5692323, 55.7088546], [12.5692238, 55.708847], [12.5692153, 55.7088394], [12.5692069, 55.7088318], [12.5691985, 55.7088242], [12.5691901, 55.7088165], [12.5691818, 55.7088089], [12.5691735, 55.7088012], [12.5691652, 55.7087935], [12.5691569, 55.7087859], [12.5691487, 55.7087782], [12.5691405, 55.7087705], [12.5691323, 55.7087628], [12.5691241, 55.7087551], [12.569116, 55.7087474], [12.5691078, 55.7087397], [12.5690997, 55.7087319], [12.5690917, 55.7087242], [12.5690836, 55.7087164], [12.5690756, 55.7087087], [12.5690676, 55.7087009], [12.5690596, 55.7086932], [12.5690516, 55.7086854], [12.5690437, 55.7086776], [12.5690358, 55.7086698], [12.5690279, 55.708662], [12.56902, 55.7086542], [12.5690121, 55.7086464], [12.5690042, 55.7086386], [12.5689964, 55.7086308], [12.5689886, 55.708623], [12.5689808, 55.7086151], [12.568973, 55.7086073], [12.5689653, 55.7085995], [12.5689575, 55.7085916], [12.5689498, 55.7085838], [12.5689421, 55.7085759], [12.5689344, 55.708568], [12.5689267, 55.7085602], [12.568919, 55.7085523], [12.5689114, 55.7085444], [12.5689037, 55.7085366], [12.5688961, 55.7085287], [12.5688885, 55.7085208], [12.5688809, 55.7085129], [12.5688733, 55.708505], [12.5688657, 55.7084971], [12.5688581, 55.7084892], [12.5688506, 55.7084813], [12.568843, 55.7084734], [12.5688355, 55.7084655], [12.5688279, 55.7084576], [12.5688204, 55.7084497], [12.5688129, 55.7084418], [12.5688054, 55.7084338], [12.5687979, 55.7084259], [12.5687904, 55.708418], [12.5687829, 55.7084101], [12.5687755, 55.7084021], [12.568768, 55.7083942], [12.5687605, 55.7083863], [12.5687531, 55.7083783], [12.5687456, 55.7083704], [12.5687382, 55.7083625], [12.5687307, 55.7083545], [12.5687233, 55.7083466], [12.5687158, 55.7083387], [12.5687084, 55.7083307], [12.568701, 55.7083228], [12.5686935, 55.7083148], [12.5686861, 55.7083069], [12.5686787, 55.7082989], [12.5686713, 55.708291], [12.5686638, 55.7082831], [12.5686592, 55.7082781], [12.5686564, 55.7082751], [12.568649, 55.7082672], [12.5686416, 55.7082592], [12.5686342, 55.7082513], [12.5686267, 55.7082433], [12.5686193, 55.7082354], [12.5686119, 55.7082275], [12.5686044, 55.7082195], [12.568597, 55.7082116], [12.5685896, 55.7082036], [12.5685821, 55.7081957], [12.5685747, 55.7081878], [12.5685672, 55.7081798], [12.5685598, 55.7081719], [12.5685523, 55.708164], [12.5685448, 55.708156], [12.5685374, 55.7081481], [12.5685299, 55.7081402], [12.5685224, 55.7081322], [12.5685149, 55.7081243], [12.5685074, 55.7081164], [12.5684999, 55.7081085], [12.5684924, 55.7081006], [12.5684848, 55.7080927], [12.5684773, 55.7080847], [12.5684698, 55.7080768], [12.5684622, 55.7080689], [12.5684546, 55.708061], [12.5684471, 55.7080531], [12.5684395, 55.7080452], [12.5684319, 55.7080374], [12.5684242, 55.7080295], [12.5684166, 55.7080216], [12.568409, 55.7080137], [12.5684013, 55.7080058], [12.5683937, 55.707998], [12.568386, 55.7079901], [12.5683783, 55.7079822], [12.5683706, 55.7079744], [12.5683628, 55.7079665], [12.5683551, 55.7079587], [12.5683473, 55.7079508], [12.5683396, 55.707943], [12.5683318, 55.7079352], [12.568324, 55.7079274], [12.5683161, 55.7079195], [12.5683083, 55.7079117], [12.5683004, 55.7079039], [12.5682926, 55.7078961], [12.5682846, 55.7078883], [12.5682767, 55.7078805], [12.5682688, 55.7078727], [12.5682608, 55.707865], [12.5682528, 55.7078572], [12.5682448, 55.7078494], [12.5682368, 55.7078417], [12.5682288, 55.7078339], [12.5682207, 55.7078262], [12.5682126, 55.7078185], [12.5682045, 55.7078107], [12.5681964, 55.707803], [12.5681882, 55.7077953], [12.56818, 55.7077876], [12.5681718, 55.7077799], [12.5681636, 55.7077722], [12.5681553, 55.7077645], [12.568147, 55.7077569], [12.5681387, 55.7077492], [12.5681304, 55.7077416], [12.568122, 55.7077339], [12.5681136, 55.7077263], [12.5681052, 55.7077187], [12.5680968, 55.7077111], [12.5680883, 55.7077035], [12.5680798, 55.7076959], [12.5680713, 55.7076883], [12.5680627, 55.7076807], [12.5680541, 55.7076732], [12.5680455, 55.7076656], [12.5680369, 55.7076581], [12.5680282, 55.7076505], [12.5680195, 55.707643], [12.5680107, 55.7076355], [12.568002, 55.707628], [12.5679932, 55.7076206], [12.5679843, 55.7076131], [12.5679755, 55.7076056], [12.5679666, 55.7075982], [12.5679576, 55.7075907], [12.5679487, 55.7075833], [12.5679397, 55.7075759], [12.5679306, 55.7075685], [12.5679215, 55.7075612], [12.5679124, 55.7075538], [12.5679033, 55.7075464], [12.5678941, 55.7075391], [12.5678849, 55.7075318], [12.5678757, 55.7075245], [12.5678664, 55.7075172], [12.5678571, 55.7075099], [12.5678477, 55.7075026], [12.5678383, 55.7074954], [12.5678289, 55.7074881], [12.5678194, 55.7074809], [12.5678099, 55.7074737], [12.5678004, 55.7074665], [12.5677908, 55.7074594], [12.5677812, 55.7074522], [12.5677715, 55.7074451], [12.5677618, 55.707438], [12.5677521, 55.7074309], [12.5677423, 55.7074238], [12.5677325, 55.7074167], [12.5677226, 55.7074097], [12.5677127, 55.7074026], [12.5677028, 55.7073956], [12.5676928, 55.7073886], [12.5676828, 55.7073816], [12.5676727, 55.7073747], [12.5676626, 55.7073677], [12.5676525, 55.7073608], [12.5676423, 55.7073539], [12.5676321, 55.7073471], [12.5676228, 55.7073409], [12.5676218, 55.7073402], [12.5676115, 55.7073334], [12.5676011, 55.7073265], [12.5675907, 55.7073197], [12.5675803, 55.707313], [12.5675698, 55.7073062], [12.5675593, 55.7072995], [12.5675487, 55.7072928], [12.5675381, 55.7072861], [12.5675274, 55.7072794], [12.5675167, 55.7072728], [12.567506, 55.7072661], [12.5674952, 55.7072595], [12.5674844, 55.707253], [12.5674735, 55.7072464], [12.5674626, 55.7072399], [12.5674517, 55.7072333], [12.5674407, 55.7072268], [12.5674296, 55.7072204], [12.5674186, 55.7072139], [12.5674075, 55.7072075], [12.5673963, 55.7072011], [12.5673851, 55.7071947], [12.5673739, 55.7071883], [12.5673626, 55.707182], [12.5673513, 55.7071757], [12.56734, 55.7071694], [12.5673286, 55.7071631], [12.5673172, 55.7071569], [12.5673057, 55.7071506], [12.5672942, 55.7071444], [12.5672827, 55.7071383], [12.5672711, 55.7071321], [12.5672595, 55.707126], [12.5672478, 55.7071198], [12.5672361, 55.7071138], [12.5672244, 55.7071077], [12.5672126, 55.7071017], [12.5672008, 55.7070956], [12.5671889, 55.7070896], [12.5671771, 55.7070837], [12.5671651, 55.7070777], [12.5671532, 55.7070718], [12.5671412, 55.7070659], [12.5671291, 55.70706], [12.5671171, 55.7070542], [12.567105, 55.7070484], [12.5670928, 55.7070426], [12.5670806, 55.7070368], [12.5670684, 55.707031], [12.5670562, 55.7070253], [12.5670439, 55.7070196], [12.5670316, 55.7070139], [12.5670192, 55.7070083], [12.5670068, 55.7070026], [12.5669944, 55.706997], [12.5669819, 55.7069914], [12.5669694, 55.7069859], [12.5669569, 55.7069804], [12.5669443, 55.7069748], [12.5669317, 55.7069694], [12.5669191, 55.7069639], [12.5669064, 55.7069585], [12.5668937, 55.7069531], [12.566881, 55.7069477], [12.5668682, 55.7069423], [12.5668554, 55.706937], [12.5668425, 55.7069317], [12.5668297, 55.7069264], [12.5668168, 55.7069212], [12.5668038, 55.706916], [12.5667909, 55.7069108], [12.5667778, 55.7069056], [12.5667648, 55.7069004], [12.5667517, 55.7068953], [12.5667386, 55.7068902], [12.5667255, 55.7068852], [12.5667123, 55.7068801], [12.5666992, 55.7068751], [12.5666859, 55.7068701], [12.5666727, 55.7068651], [12.5666594, 55.7068602], [12.5666461, 55.7068553], [12.5666327, 55.7068504], [12.5666193, 55.7068456], [12.5666059, 55.7068407], [12.5665925, 55.7068359], [12.566579, 55.7068312], [12.5665655, 55.7068264], [12.566552, 55.7068217], [12.5665384, 55.706817], [12.5665248, 55.7068123], [12.5665112, 55.7068077], [12.5664976, 55.7068031], [12.5664839, 55.7067985], [12.5664702, 55.7067939], [12.5664564, 55.7067894], [12.5664427, 55.7067849], [12.5664289, 55.7067804], [12.5664151, 55.706776], [12.5664012, 55.7067715], [12.5663873, 55.7067671], [12.5663734, 55.7067628], [12.5663595, 55.7067584], [12.5663456, 55.7067541], [12.5663316, 55.7067498], [12.5663176, 55.7067456], [12.5663035, 55.7067414], [12.5662895, 55.7067372], [12.5662754, 55.706733], [12.5662613, 55.7067289], [12.5662471, 55.7067247], [12.566233, 55.7067207], [12.5662188, 55.7067166], [12.5662045, 55.7067126], [12.5661903, 55.7067086], [12.566176, 55.7067046], [12.5661617, 55.7067007], [12.5661474, 55.7066967], [12.5661331, 55.7066929], [12.566122, 55.7066899], [12.5661187, 55.706689], [12.5661043, 55.7066852], [12.5660899, 55.7066814], [12.5660755, 55.7066776], [12.566061, 55.7066738], [12.5660465, 55.7066701], [12.5660321, 55.7066664], [12.5660175, 55.7066628], [12.566003, 55.7066591], [12.5659884, 55.7066555], [12.5659739, 55.7066519], [12.5659593, 55.7066483], [12.5659447, 55.7066448], [12.56593, 55.7066412], [12.5659154, 55.7066377], [12.5659007, 55.7066342], [12.5658861, 55.7066307], [12.5658714, 55.7066273], [12.5658567, 55.7066239], [12.565842, 55.7066204], [12.5658273, 55.706617], [12.5658125, 55.7066137], [12.5657978, 55.7066103], [12.565783, 55.7066069], [12.5657683, 55.7066036], [12.5657535, 55.7066003], [12.5657387, 55.7065969], [12.5657239, 55.7065936], [12.5657091, 55.7065903], [12.5656943, 55.7065871], [12.5656795, 55.7065838], [12.5656647, 55.7065805], [12.5656498, 55.7065773], [12.565635, 55.706574], [12.5656202, 55.7065708], [12.5656053, 55.7065676], [12.5655905, 55.7065644], [12.5655756, 55.7065611], [12.5655608, 55.7065579], [12.5655459, 55.7065547], [12.565531, 55.7065515], [12.5655162, 55.7065483], [12.5655013, 55.7065451], [12.5654864, 55.7065419], [12.5654716, 55.7065387], [12.565462, 55.7065367], [12.5654567, 55.7065355], [12.5654418, 55.7065324], [12.565427, 55.7065292], [12.5654121, 55.706526], [12.5653972, 55.7065228], [12.5653824, 55.7065196], [12.5653675, 55.7065164], [12.5653526, 55.7065132], [12.5653378, 55.70651], [12.5653229, 55.7065068], [12.565308, 55.7065036], [12.5652932, 55.7065004], [12.5652783, 55.7064972], [12.5652634, 55.706494], [12.5652486, 55.7064908], [12.5652337, 55.7064876], [12.5652188, 55.7064844], [12.565204, 55.7064813], [12.5651891, 55.7064781], [12.5651742, 55.7064749], [12.5651594, 55.7064717], [12.5651445, 55.7064685], [12.5651296, 55.7064653], [12.5651148, 55.7064621], [12.5650999, 55.7064589], [12.565085, 55.7064557], [12.5650702, 55.7064525], [12.5650553, 55.7064493], [12.5650404, 55.7064461], [12.5650255, 55.7064429], [12.5650107, 55.7064397], [12.5649958, 55.7064365], [12.5649809, 55.7064333], [12.5649661, 55.7064301], [12.5649512, 55.706427], [12.5649363, 55.7064238], [12.5649215, 55.7064206], [12.5649066, 55.7064174], [12.5648917, 55.7064142], [12.5648769, 55.706411], [12.564862, 55.7064078], [12.5648471, 55.7064046], [12.5648323, 55.7064014], [12.5648174, 55.7063982], [12.5648025, 55.706395], [12.5647877, 55.7063918], [12.5647728, 55.7063886], [12.5647579, 55.7063854], [12.5647431, 55.7063822], [12.5647282, 55.706379], [12.5647133, 55.7063759], [12.5646985, 55.7063727], [12.5646836, 55.7063695], [12.5646687, 55.7063663], [12.5646539, 55.7063631], [12.564639, 55.7063599], [12.5646241, 55.7063567], [12.5646093, 55.7063535], [12.5645944, 55.7063503], [12.5645795, 55.7063471], [12.5645647, 55.7063439], [12.5645498, 55.7063407], [12.5645349, 55.7063375], [12.5645201, 55.7063343], [12.5645052, 55.7063311], [12.5644903, 55.7063279], [12.5644755, 55.7063248], [12.5644606, 55.7063216], [12.5644457, 55.7063184], [12.5644309, 55.7063152], [12.564416, 55.706312], [12.5644011, 55.7063088], [12.5643862, 55.7063056], [12.5643714, 55.7063024], [12.5643565, 55.7062992], [12.5643416, 55.706296], [12.5643268, 55.7062928], [12.5643119, 55.7062896], [12.564297, 55.7062864], [12.5642822, 55.7062832], [12.5642673, 55.70628], [12.5642524, 55.7062768], [12.5642376, 55.7062736], [12.5642227, 55.7062705], [12.5642078, 55.7062673], [12.564193, 55.7062641], [12.5641853, 55.7062624], [12.5641781, 55.7062609], [12.5641632, 55.7062577], [12.5641484, 55.7062545], [12.5641335, 55.7062513], [12.5641186, 55.7062481], [12.5641038, 55.7062449], [12.5640889, 55.7062417], [12.564074, 55.7062385], [12.5640592, 55.7062353], [12.5640443, 55.7062321], [12.5640295, 55.7062289], [12.5640146, 55.7062257], [12.5639997, 55.7062225], [12.5639849, 55.7062193], [12.56397, 55.7062161], [12.5639552, 55.7062128], [12.5639403, 55.7062096], [12.5639255, 55.7062064], [12.5639106, 55.7062032], [12.5638958, 55.7061999], [12.5638867, 55.7061979], [12.563881, 55.7061967], [12.5638661, 55.7061935], [12.5638513, 55.7061902], [12.5638365, 55.706187], [12.5638216, 55.7061837], [12.5638068, 55.7061805], [12.563792, 55.7061772], [12.5637772, 55.7061739], [12.5637624, 55.7061707], [12.5637475, 55.7061674], [12.5637327, 55.7061641], [12.5637179, 55.7061608], [12.5637031, 55.7061575], [12.5636883, 55.7061542], [12.5636735, 55.706151], [12.5636587, 55.7061477], [12.5636439, 55.7061444], [12.5636291, 55.706141], [12.5636144, 55.7061377], [12.5635996, 55.7061344], [12.5635848, 55.7061311], [12.56357, 55.7061278], [12.5635552, 55.7061244], [12.5635405, 55.7061211], [12.5635257, 55.7061178], [12.5635109, 55.7061144], [12.5634962, 55.7061111], [12.5634814, 55.7061077], [12.5634667, 55.7061044], [12.5634519, 55.706101], [12.5634371, 55.7060977], [12.5634224, 55.7060943], [12.5634077, 55.7060909], [12.5633929, 55.7060876], [12.5633782, 55.7060842], [12.5633634, 55.7060808], [12.5633487, 55.7060774], [12.563334, 55.706074], [12.5633192, 55.7060706], [12.5633045, 55.7060672], [12.5632898, 55.7060638], [12.5632751, 55.7060604], [12.5632604, 55.706057], [12.5632457, 55.7060536], [12.5632309, 55.7060502], [12.5632162, 55.7060468], [12.5632015, 55.7060433], [12.5631868, 55.7060399], [12.5631721, 55.7060365], [12.5631574, 55.706033], [12.5631428, 55.7060296], [12.5631281, 55.7060261], [12.5631134, 55.7060227], [12.5630987, 55.7060192], [12.563084, 55.7060158], [12.5630693, 55.7060123], [12.5630547, 55.7060088], [12.56304, 55.7060053], [12.5630253, 55.7060019], [12.563025, 55.7060018], [12.5630107, 55.7059984], [12.562996, 55.7059949], [12.5629814, 55.7059914], [12.5629667, 55.7059879], [12.562952, 55.7059844], [12.5629374, 55.7059809], [12.5629299, 55.7059792], [12.5629227, 55.7059774], [12.5629081, 55.705974], [12.5628934, 55.7059705], [12.5628788, 55.705967], [12.5628641, 55.7059635], [12.5628495, 55.70596], [12.5628348, 55.7059565], [12.5628201, 55.705953], [12.5628055, 55.7059495], [12.5627908, 55.705946], [12.5627762, 55.7059425], [12.5627615, 55.7059391], [12.5627468, 55.7059356], [12.5627322, 55.7059321], [12.5627175, 55.7059286], [12.5627028, 55.7059252], [12.5626882, 55.7059217], [12.5626735, 55.7059182], [12.5626588, 55.7059147], [12.5626441, 55.7059113], [12.5626295, 55.7059078], [12.5626148, 55.7059044], [12.5626001, 55.7059009], [12.5625854, 55.7058975], [12.5625707, 55.705894], [12.562556, 55.7058906], [12.5625413, 55.7058871], [12.5625266, 55.7058837], [12.5625119, 55.7058803], [12.5624972, 55.7058769], [12.5624825, 55.7058735], [12.5624678, 55.70587], [12.5624531, 55.7058666], [12.5624383, 55.7058632], [12.5624236, 55.7058598], [12.5624089, 55.7058565], [12.5623942, 55.7058531], [12.5623794, 55.7058497], [12.5623647, 55.7058463], [12.5623499, 55.705843], [12.5623352, 55.7058396], [12.5623204, 55.7058363], [12.5623056, 55.7058329], [12.5622909, 55.7058296], [12.5622761, 55.7058262], [12.5622613, 55.7058229], [12.5622465, 55.7058196], [12.5622317, 55.7058163], [12.5622169, 55.705813], [12.5622021, 55.7058097], [12.5621873, 55.7058064], [12.5621725, 55.7058032], [12.5621577, 55.7057999], [12.5621429, 55.7057967], [12.562128, 55.7057934], [12.5621132, 55.7057902], [12.5620984, 55.705787], [12.5620835, 55.7057837], [12.5620686, 55.7057805], [12.5620538, 55.7057773], [12.5620389, 55.7057742], [12.562024, 55.705771], [12.5620091, 55.7057678], [12.5619942, 55.7057647], [12.5619793, 55.7057615], [12.5619644, 55.7057584], [12.5619495, 55.7057553], [12.5619346, 55.7057522], [12.5619197, 55.7057491], [12.5619047, 55.705746], [12.5618898, 55.7057429], [12.5618748, 55.7057399], [12.5618598, 55.7057368], [12.5618449, 55.7057338], [12.5618299, 55.7057308], [12.5618149, 55.7057277], [12.5617999, 55.7057247], [12.5617849, 55.7057218], [12.5617699, 55.7057188], [12.5617549, 55.7057158], [12.5617398, 55.7057129], [12.5617248, 55.70571], [12.5617098, 55.7057071], [12.5616947, 55.7057042], [12.5616796, 55.7057013], [12.5616646, 55.7056984], [12.5616495, 55.7056956], [12.5616344, 55.7056927], [12.5616193, 55.7056899], [12.5616042, 55.7056871], [12.5615891, 55.7056843], [12.5615739, 55.7056815], [12.5615588, 55.7056788], [12.5615437, 55.705676], [12.5615285, 55.7056733], [12.5615133, 55.7056706], [12.5614982, 55.7056679], [12.5614875, 55.705666], [12.561483, 55.7056652], [12.5614678, 55.7056625], [12.5614526, 55.7056599], [12.5614374, 55.7056573], [12.5614221, 55.7056547], [12.5614069, 55.7056521], [12.5613917, 55.7056495], [12.5613764, 55.7056469], [12.5613612, 55.7056444], [12.5613459, 55.7056419], [12.5613306, 55.7056394], [12.5613153, 55.7056369], [12.5613, 55.7056344], [12.5612847, 55.705632], [12.5612694, 55.7056295], [12.5612541, 55.7056271], [12.5612388, 55.7056247], [12.5612235, 55.7056223], [12.5612081, 55.7056199], [12.5611928, 55.7056176], [12.5611774, 55.7056153], [12.561162, 55.705613], [12.5611466, 55.7056107], [12.5611313, 55.7056084], [12.5611159, 55.7056061], [12.5611005, 55.7056039], [12.5610851, 55.7056016], [12.5610696, 55.7055994], [12.5610542, 55.7055972], [12.5610388, 55.7055951], [12.5610233, 55.7055929], [12.5610079, 55.7055908], [12.5609924, 55.7055886], [12.560977, 55.7055865], [12.5609615, 55.7055844], [12.560946, 55.7055824], [12.5609305, 55.7055803], [12.560915, 55.7055783], [12.5608995, 55.7055763], [12.560884, 55.7055743], [12.5608685, 55.7055723], [12.560853, 55.7055703], [12.5608375, 55.7055684], [12.5608219, 55.7055664], [12.5608064, 55.7055645], [12.5607909, 55.7055626], [12.5607753, 55.7055607], [12.5607597, 55.7055589], [12.5607442, 55.705557], [12.5607286, 55.7055552], [12.560713, 55.7055534], [12.5606974, 55.7055516], [12.5606818, 55.7055498], [12.5606662, 55.7055481], [12.5606506, 55.7055464], [12.560635, 55.7055446], [12.5606194, 55.7055429], [12.5606038, 55.7055412], [12.5605881, 55.7055396], [12.5605725, 55.7055379], [12.5605569, 55.7055363], [12.5605412, 55.7055347], [12.5605256, 55.7055331], [12.5605099, 55.7055315], [12.5604942, 55.70553], [12.5604786, 55.7055284], [12.5604629, 55.7055269], [12.5604472, 55.7055254], [12.5604315, 55.7055239], [12.5604158, 55.7055224], [12.5604001, 55.705521], [12.5603844, 55.7055195], [12.5603687, 55.7055181], [12.560353, 55.7055167], [12.5603373, 55.7055153], [12.5603216, 55.705514], [12.5603058, 55.7055126], [12.5602901, 55.7055113], [12.5602744, 55.70551], [12.5602586, 55.7055087], [12.5602429, 55.7055074], [12.5602271, 55.7055061], [12.5602114, 55.7055049], [12.5601956, 55.7055037], [12.5601799, 55.7055025], [12.5601641, 55.7055013], [12.5601483, 55.7055001], [12.5601326, 55.705499], [12.5601168, 55.7054978], [12.560101, 55.7054967], [12.5600852, 55.7054956], [12.5600694, 55.7054945], [12.5600536, 55.7054935], [12.5600378, 55.7054924], [12.560022, 55.7054914], [12.5600062, 55.7054904], [12.5599904, 55.7054894], [12.5599746, 55.7054884], [12.5599588, 55.7054875], [12.559943, 55.7054865], [12.5599271, 55.7054856], [12.5599113, 55.7054847], [12.5598955, 55.7054838], [12.5598796, 55.7054829], [12.5598638, 55.7054821], [12.559848, 55.7054813], [12.5598321, 55.7054804], [12.5598163, 55.7054797], [12.5598004, 55.7054789], [12.5597846, 55.7054781], [12.5597687, 55.7054774], [12.5597529, 55.7054767], [12.559737, 55.7054759], [12.5597212, 55.7054753], [12.5597053, 55.7054746], [12.5596894, 55.7054739], [12.5596736, 55.7054733], [12.5596577, 55.7054727], [12.5596418, 55.7054721], [12.5596292, 55.7054716], [12.5596259, 55.7054715], [12.5596101, 55.7054709], [12.5595942, 55.7054704], [12.5595783, 55.7054699], [12.5595624, 55.7054694], [12.5595466, 55.7054689], [12.5595307, 55.7054684], [12.5595148, 55.7054679], [12.5594989, 55.7054675], [12.559483, 55.7054671], [12.5594671, 55.7054667], [12.5594512, 55.7054663], [12.5594353, 55.7054659], [12.5594194, 55.7054655], [12.5594035, 55.7054652], [12.5593876, 55.7054648], [12.5593717, 55.7054645], [12.5593559, 55.7054642], [12.55934, 55.7054639], [12.5593241, 55.7054637], [12.5593082, 55.7054634], [12.5592923, 55.7054632], [12.5592764, 55.7054629], [12.5592604, 55.7054627], [12.5592445, 55.7054625], [12.5592286, 55.7054623], [12.5592127, 55.7054621], [12.5591968, 55.705462], [12.5591809, 55.7054618], [12.559165, 55.7054617], [12.5591491, 55.7054615], [12.5591332, 55.7054614], [12.5591173, 55.7054613], [12.5591014, 55.7054612], [12.5590855, 55.7054611], [12.5590696, 55.7054611], [12.5590537, 55.705461], [12.5590378, 55.705461], [12.5590219, 55.7054609], [12.559006, 55.7054609], [12.5589901, 55.7054609], [12.5589742, 55.7054609], [12.5589582, 55.7054609], [12.5589423, 55.7054609], [12.5589264, 55.7054609], [12.5589105, 55.7054609], [12.5588946, 55.705461], [12.5588787, 55.705461], [12.5588628, 55.7054611], [12.5588469, 55.7054612], [12.558831, 55.7054612], [12.5588151, 55.7054613], [12.5587992, 55.7054614], [12.5587833, 55.7054615], [12.5587674, 55.7054616], [12.5587515, 55.7054617], [12.5587356, 55.7054618], [12.5587197, 55.705462], [12.5587038, 55.7054621], [12.5586878, 55.7054622], [12.5586719, 55.7054624], [12.558656, 55.7054625], [12.5586401, 55.7054627], [12.5586242, 55.7054629], [12.5586083, 55.705463], [12.5585924, 55.7054632], [12.5585765, 55.7054634], [12.5585606, 55.7054636], [12.5585447, 55.7054638], [12.5585288, 55.705464], [12.5585129, 55.7054642], [12.558497, 55.7054644], [12.5584811, 55.7054646], [12.5584652, 55.7054648], [12.5584493, 55.705465], [12.5584334, 55.7054652], [12.5584175, 55.7054654], [12.5584016, 55.7054656], [12.5583857, 55.7054659], [12.5583698, 55.7054661], [12.5583539, 55.7054663], [12.558338, 55.7054666], [12.5583221, 55.7054668], [12.5583062, 55.705467], [12.5582903, 55.7054673], [12.5582744, 55.7054675], [12.5582585, 55.7054678], [12.5582426, 55.705468], [12.5582267, 55.7054682], [12.5582108, 55.7054685], [12.5581949, 55.7054687], [12.5581794, 55.705469], [12.558179, 55.705469], [12.5581631, 55.7054692], [12.5581472, 55.7054695], [12.5581313, 55.7054697], [12.5581154, 55.7054699], [12.5580995, 55.7054702], [12.5580836, 55.7054704], [12.5580677, 55.7054707], [12.5580518, 55.7054709], [12.5580359, 55.7054712], [12.55802, 55.7054714], [12.5580041, 55.7054716], [12.5579882, 55.7054719], [12.5579723, 55.7054721], [12.5579564, 55.7054724], [12.5579405, 55.7054726], [12.5579246, 55.7054729], [12.5579087, 55.7054731], [12.5578928, 55.7054734], [12.5578769, 55.7054736], [12.557861, 55.7054738], [12.5578451, 55.7054741], [12.5578292, 55.7054743], [12.5578133, 55.7054746], [12.5577974, 55.7054748], [12.5577815, 55.7054751], [12.5577655, 55.7054753], [12.5577496, 55.7054755], [12.5577337, 55.7054758], [12.5577178, 55.705476], [12.5577019, 55.7054763], [12.557686, 55.7054765], [12.5576701, 55.7054768], [12.5576542, 55.705477], [12.5576383, 55.7054773], [12.5576224, 55.7054775], [12.5576065, 55.7054777], [12.5575906, 55.705478], [12.5575747, 55.7054782], [12.5575588, 55.7054785], [12.5575429, 55.7054787], [12.557527, 55.705479], [12.5575111, 55.7054792], [12.5574952, 55.7054794], [12.5574793, 55.7054797], [12.5574634, 55.7054799], [12.5574475, 55.7054802], [12.5574316, 55.7054804], [12.5574157, 55.7054807], [12.5573998, 55.7054809], [12.5573839, 55.7054812], [12.557368, 55.7054814], [12.5573521, 55.7054816], [12.5573362, 55.7054819], [12.5573203, 55.7054821], [12.5573044, 55.7054824], [12.5572885, 55.7054826], [12.5572726, 55.7054829], [12.5572567, 55.7054831], [12.5572408, 55.7054833], [12.5572312, 55.7054835], [12.5572249, 55.7054836], [12.557209, 55.7054838], [12.5571931, 55.7054841], [12.5571772, 55.7054843], [12.5571613, 55.7054846], [12.5571454, 55.7054848], [12.5571295, 55.705485], [12.5571136, 55.7054853], [12.5570977, 55.7054855], [12.5570818, 55.7054858], [12.5570659, 55.705486], [12.55705, 55.7054862], [12.5570341, 55.7054865], [12.5570182, 55.7054867], [12.5570023, 55.7054869], [12.5569864, 55.7054871], [12.5569705, 55.7054874], [12.5569546, 55.7054876], [12.5569387, 55.7054878], [12.5569228, 55.705488], [12.5569069, 55.7054882], [12.556891, 55.7054884], [12.5568751, 55.7054886], [12.5568592, 55.7054888], [12.5568433, 55.705489], [12.5568274, 55.7054892], [12.5568115, 55.7054894], [12.5567956, 55.7054896], [12.5567797, 55.7054898], [12.5567638, 55.7054899], [12.5567479, 55.7054901], [12.556732, 55.7054903], [12.5567161, 55.7054904], [12.5567001, 55.7054906], [12.5566842, 55.7054907], [12.5566683, 55.7054909], [12.5566524, 55.705491], [12.5566365, 55.7054912], [12.5566206, 55.7054913], [12.5566047, 55.7054914], [12.5565888, 55.7054915], [12.5565729, 55.7054916], [12.556557, 55.7054917], [12.5565411, 55.7054918], [12.5565252, 55.7054919], [12.5565093, 55.705492], [12.5564934, 55.705492], [12.5564775, 55.7054921], [12.5564616, 55.7054921], [12.5564457, 55.7054922], [12.5564297, 55.7054922], [12.5564138, 55.7054922], [12.5563979, 55.7054923], [12.556382, 55.7054923], [12.5563661, 55.7054923], [12.5563502, 55.7054923], [12.5563343, 55.7054923], [12.5563184, 55.7054922], [12.5563025, 55.7054922], [12.5562866, 55.7054922], [12.5562707, 55.7054921], [12.5562548, 55.705492], [12.5562389, 55.705492], [12.556223, 55.7054919], [12.5562071, 55.7054918], [12.5561912, 55.7054917], [12.5561752, 55.7054916], [12.5561593, 55.7054914], [12.5561434, 55.7054913], [12.5561275, 55.7054911], [12.5561116, 55.705491], [12.5560957, 55.7054908], [12.5560798, 55.7054906], [12.5560639, 55.7054904], [12.556048, 55.7054902], [12.5560321, 55.70549], [12.5560162, 55.7054898], [12.5560003, 55.7054895], [12.5559844, 55.7054892], [12.5559685, 55.705489], [12.5559526, 55.7054887], [12.5559367, 55.7054884], [12.5559208, 55.7054881], [12.5559049, 55.7054877], [12.555889, 55.7054874], [12.5558731, 55.705487], [12.5558572, 55.7054867], [12.5558413, 55.7054863], [12.5558255, 55.7054859], [12.5558096, 55.7054855], [12.5557977, 55.7054852], [12.5557937, 55.7054851], [12.5557778, 55.7054846], [12.5557619, 55.7054842], [12.555746, 55.7054837], [12.5557301, 55.7054832], [12.5557143, 55.7054827], [12.5556984, 55.7054822], [12.5556825, 55.7054816], [12.5556666, 55.7054811], [12.5556507, 55.7054805], [12.5556349, 55.70548], [12.555619, 55.7054794], [12.5556031, 55.7054788], [12.5555873, 55.7054781], [12.5555714, 55.7054775], [12.5555555, 55.7054769], [12.5555397, 55.7054762], [12.5555238, 55.7054755], [12.5555079, 55.7054748], [12.5554921, 55.7054741], [12.5554762, 55.7054734], [12.5554604, 55.7054726], [12.5554445, 55.7054719], [12.5554287, 55.7054711], [12.5554128, 55.7054703], [12.555397, 55.7054695], [12.5553812, 55.7054687], [12.5553653, 55.7054679], [12.5553495, 55.705467], [12.5553336, 55.7054662], [12.5553178, 55.7054653], [12.555302, 55.7054644], [12.5552862, 55.7054635], [12.5552703, 55.7054626], [12.5552545, 55.7054616], [12.5552387, 55.7054607], [12.5552229, 55.7054597], [12.5552071, 55.7054587], [12.5551913, 55.7054577], [12.5551755, 55.7054567], [12.5551597, 55.7054557], [12.5551439, 55.7054547], [12.5551281, 55.7054536], [12.5551123, 55.7054526], [12.5550965, 55.7054515], [12.5550807, 55.7054504], [12.5550649, 55.7054493], [12.5550491, 55.7054481], [12.5550333, 55.705447], [12.5550176, 55.7054458], [12.5550018, 55.7054447], [12.554986, 55.7054435], [12.5549703, 55.7054423], [12.5549545, 55.705441], [12.5549388, 55.7054398], [12.554923, 55.7054386], [12.5549072, 55.7054373], [12.5548915, 55.705436], [12.5548758, 55.7054347], [12.55486, 55.7054334], [12.5548443, 55.7054321], [12.5548286, 55.7054308], [12.5548128, 55.7054294], [12.5547971, 55.7054281], [12.5547814, 55.7054267], [12.5547657, 55.7054253], [12.55475, 55.7054239], [12.5547343, 55.7054224], [12.5547186, 55.705421], [12.5547029, 55.7054196], [12.5546872, 55.7054181], [12.5546715, 55.7054166], [12.5546558, 55.7054151], [12.5546401, 55.7054136], [12.5546245, 55.7054121], [12.5546088, 55.7054105], [12.5545931, 55.705409], [12.5545775, 55.7054074], [12.5545618, 55.7054058], [12.5545461, 55.7054042], [12.5545305, 55.7054026], [12.5545149, 55.7054009], [12.5544992, 55.7053993], [12.5544836, 55.7053976], [12.554468, 55.705396], [12.5544523, 55.7053943], [12.5544367, 55.7053926], [12.5544211, 55.7053909], [12.5544055, 55.7053891], [12.5543899, 55.7053874], [12.5543743, 55.7053856], [12.5543587, 55.7053838], [12.5543431, 55.705382], [12.5543275, 55.7053802], [12.554312, 55.7053784], [12.5542964, 55.7053766], [12.5542808, 55.7053747], [12.5542653, 55.7053728], [12.5542497, 55.705371], [12.5542342, 55.7053691], [12.5542186, 55.7053672], [12.5542031, 55.7053652], [12.5541876, 55.7053633], [12.554172, 55.7053613], [12.5541565, 55.7053594], [12.554141, 55.7053574], [12.5541255, 55.7053554], [12.55411, 55.7053534], [12.5540945, 55.7053514], [12.554079, 55.7053493], [12.5540635, 55.7053473], [12.554048, 55.7053452], [12.5540326, 55.7053431], [12.5540171, 55.705341], [12.5540016, 55.7053389], [12.5539862, 55.7053368], [12.5539707, 55.7053346], [12.5539553, 55.7053325], [12.5539399, 55.7053303], [12.5539244, 55.7053281], [12.553909, 55.7053259], [12.5538936, 55.7053237], [12.5538782, 55.7053214], [12.5538628, 55.7053192], [12.5538474, 55.7053169], [12.553832, 55.7053147], [12.5538166, 55.7053124], [12.5538013, 55.7053101], [12.5537859, 55.7053078], [12.5537705, 55.7053054], [12.5537552, 55.7053031], [12.5537398, 55.7053007], [12.5537245, 55.7052983], [12.5537091, 55.705296], [12.5536938, 55.7052935], [12.5536785, 55.7052911], [12.5536632, 55.7052887], [12.5536479, 55.7052862], [12.5536326, 55.7052838], [12.5536173, 55.7052813], [12.553602, 55.7052788], [12.5535867, 55.7052763], [12.5535715, 55.7052738], [12.5535562, 55.7052713], [12.553541, 55.7052687], [12.5535257, 55.7052662], [12.5535105, 55.7052636], [12.5534952, 55.705261], [12.55348, 55.7052584], [12.5534648, 55.7052558], [12.5534496, 55.7052531], [12.5534344, 55.7052505], [12.5534192, 55.7052478], [12.553404, 55.7052451], [12.5533888, 55.7052424], [12.5533737, 55.7052397], [12.5533585, 55.705237], [12.5533434, 55.7052343], [12.5533282, 55.7052315], [12.5533131, 55.7052288], [12.553298, 55.705226], [12.5532828, 55.7052232], [12.5532677, 55.7052204], [12.5532526, 55.7052176], [12.5532375, 55.7052147], [12.5532225, 55.7052119], [12.5532074, 55.705209], [12.5531923, 55.7052062], [12.5531772, 55.7052033], [12.5531622, 55.7052004], [12.5531472, 55.7051974], [12.5531321, 55.7051945], [12.5531171, 55.7051916], [12.5531021, 55.7051886], [12.5530871, 55.7051856], [12.5530721, 55.7051826], [12.5530571, 55.7051796], [12.5530421, 55.7051766], [12.5530271, 55.7051736], [12.5530122, 55.7051705], [12.5529972, 55.7051675], [12.5529823, 55.7051644], [12.5529673, 55.7051613], [12.5529524, 55.7051582], [12.5529375, 55.7051551], [12.5529226, 55.705152], [12.5529077, 55.7051488], [12.5528928, 55.7051457], [12.5528779, 55.7051425], [12.552863, 55.7051393], [12.5528482, 55.7051361], [12.5528333, 55.7051329], [12.5528185, 55.7051297], [12.5528036, 55.7051264], [12.5527888, 55.7051232], [12.552774, 55.7051199], [12.5527592, 55.7051166], [12.5527444, 55.7051133], [12.5527296, 55.70511], [12.5527148, 55.7051067], [12.5527001, 55.7051033], [12.5526853, 55.7051], [12.5526706, 55.7050966], [12.5526558, 55.7050932], [12.5526411, 55.7050898], [12.5526264, 55.7050864], [12.5526117, 55.705083], [12.552597, 55.7050796], [12.5525823, 55.7050761], [12.5525676, 55.7050726], [12.552553, 55.7050692], [12.5525383, 55.7050657], [12.5525237, 55.7050622], [12.552509, 55.7050586], [12.5524944, 55.7050551], [12.5524798, 55.7050516], [12.5524652, 55.705048], [12.5524506, 55.7050444], [12.552436, 55.7050408], [12.5524214, 55.7050372], [12.5524069, 55.7050336], [12.5523923, 55.70503], [12.5523778, 55.7050263], [12.5523633, 55.7050227], [12.5523487, 55.705019], [12.5523342, 55.7050153], [12.5523197, 55.7050116], [12.5523053, 55.7050079], [12.5522908, 55.7050042], [12.5522763, 55.7050005], [12.5522619, 55.7049967], [12.5522474, 55.7049929], [12.552233, 55.7049892], [12.5522186, 55.7049854], [12.5522042, 55.7049816], [12.5521898, 55.7049777], [12.5521754, 55.7049739], [12.552161, 55.7049701], [12.5521467, 55.7049662], [12.5521323, 55.7049623], [12.552118, 55.7049584], [12.5521036, 55.7049545], [12.5520893, 55.7049506], [12.552075, 55.7049467], [12.5520607, 55.7049427], [12.5520464, 55.7049388], [12.5520322, 55.7049348], [12.5520179, 55.7049308], [12.5520037, 55.7049268], [12.5519894, 55.7049228], [12.5519752, 55.7049188], [12.551961, 55.7049148], [12.5519468, 55.7049107], [12.5519326, 55.7049067], [12.5519184, 55.7049026], [12.5519043, 55.7048985], [12.5518901, 55.7048944], [12.551876, 55.7048903], [12.5518619, 55.7048862], [12.5518478, 55.704882], [12.5518337, 55.7048779], [12.5518196, 55.7048737], [12.5518055, 55.7048695], [12.5517914, 55.7048653], [12.5517774, 55.7048611], [12.5517633, 55.7048569], [12.5517493, 55.7048526], [12.5517353, 55.7048484], [12.5517213, 55.7048441], [12.5517073, 55.7048399], [12.5516933, 55.7048356], [12.5516794, 55.7048313], [12.5516654, 55.704827], [12.5516515, 55.7048226], [12.5516375, 55.7048183], [12.5516236, 55.7048139], [12.5516097, 55.7048096], [12.5515958, 55.7048052], [12.551582, 55.7048008], [12.5515681, 55.7047964], [12.5515543, 55.704792], [12.5515404, 55.7047875], [12.5515266, 55.7047831], [12.5515128, 55.7047786], [12.551499, 55.7047742], [12.5514852, 55.7047697], [12.5514714, 55.7047652], [12.5514577, 55.7047607], [12.5514439, 55.7047561], [12.5514302, 55.7047516], [12.5514165, 55.7047471], [12.5514028, 55.7047425], [12.5513891, 55.7047379], [12.5513754, 55.7047333], [12.5513618, 55.7047287], [12.5513481, 55.7047241], [12.5513345, 55.7047195], [12.5513209, 55.7047149], [12.5513073, 55.7047102], [12.5512937, 55.7047055], [12.5512801, 55.7047009], [12.5512665, 55.7046962], [12.551253, 55.7046915], [12.5512394, 55.7046868], [12.5512259, 55.704682], [12.5512124, 55.7046773], [12.5511989, 55.7046725], [12.5511854, 55.7046678], [12.551172, 55.704663], [12.5511585, 55.7046582], [12.5511451, 55.7046534], [12.5511316, 55.7046486], [12.5511182, 55.7046437], [12.5511048, 55.7046389], [12.5510914, 55.7046341], [12.5510781, 55.7046292], [12.5510647, 55.7046243], [12.5510514, 55.7046194], [12.5510381, 55.7046145], [12.5510247, 55.7046096], [12.5510115, 55.7046047], [12.5509982, 55.7045997], [12.5509849, 55.7045948], [12.5509717, 55.7045898], [12.5509584, 55.7045848], [12.5509452, 55.7045798], [12.550932, 55.7045748], [12.5509188, 55.7045698], [12.5509056, 55.7045648], [12.5508924, 55.7045597], [12.5508793, 55.7045547], [12.5508662, 55.7045496], [12.550853, 55.7045445], [12.5508399, 55.7045394], [12.5508269, 55.7045343], [12.5508138, 55.7045292], [12.5508007, 55.7045241], [12.5507877, 55.7045189], [12.5507747, 55.7045138], [12.5507616, 55.7045086], [12.5507486, 55.7045034], [12.5507357, 55.7044983], [12.5507227, 55.7044931], [12.5507097, 55.7044878], [12.5506968, 55.7044826], [12.5506839, 55.7044774], [12.550671, 55.7044721], [12.5506581, 55.7044669], [12.5506452, 55.7044616], [12.5506324, 55.7044563], [12.5506195, 55.704451], [12.5506067, 55.7044457], [12.5505939, 55.7044404], [12.5505811, 55.704435], [12.5505683, 55.7044297], [12.5505555, 55.7044243], [12.5505428, 55.704419], [12.5505301, 55.7044136], [12.5505173, 55.7044082], [12.5505046, 55.7044028], [12.550492, 55.7043973], [12.5504793, 55.7043919], [12.5504666, 55.7043865], [12.550454, 55.704381], [12.5504414, 55.7043755], [12.5504288, 55.7043701], [12.5504162, 55.7043646], [12.5504036, 55.7043591], [12.5503911, 55.7043536], [12.5503785, 55.704348], [12.550366, 55.7043425], [12.5503535, 55.7043369], [12.550341, 55.7043314], [12.5503285, 55.7043258], [12.5503161, 55.7043202], [12.5503036, 55.7043146], [12.5502912, 55.704309], [12.5502788, 55.7043034], [12.5502664, 55.7042978], [12.550254, 55.7042921], [12.5502417, 55.7042865], [12.5502293, 55.7042808], [12.550217, 55.7042751], [12.5502047, 55.7042694], [12.5501924, 55.7042637], [12.5501801, 55.704258], [12.5501679, 55.7042523], [12.5501556, 55.7042466], [12.5501434, 55.7042408], [12.5501312, 55.7042351], [12.550119, 55.7042293], [12.5501069, 55.7042235], [12.5500947, 55.7042177], [12.5500826, 55.7042119], [12.5500704, 55.7042061], [12.5500583, 55.7042003], [12.5500463, 55.7041944], [12.5500342, 55.7041886], [12.5500221, 55.7041827], [12.5500101, 55.7041768], [12.5499981, 55.7041709], [12.5499861, 55.7041651], [12.5499741, 55.7041591], [12.5499621, 55.7041532], [12.5499502, 55.7041473], [12.5499383, 55.7041414], [12.5499263, 55.7041354], [12.5499145, 55.7041294], [12.5499026, 55.7041235], [12.5498907, 55.7041175], [12.5498789, 55.7041115], [12.5498671, 55.7041055], [12.5498552, 55.7040995], [12.5498435, 55.7040934], [12.5498317, 55.7040874], [12.5498199, 55.7040813], [12.5498117, 55.7040771], [12.5498082, 55.7040753], [12.5497965, 55.7040692], [12.5497848, 55.7040631], [12.5497731, 55.704057], [12.5497614, 55.7040509], [12.5497498, 55.7040448], [12.5497382, 55.7040387], [12.5497265, 55.7040325], [12.5497149, 55.7040264], [12.5497034, 55.7040202], [12.5496918, 55.7040141], [12.5496802, 55.7040079], [12.5496687, 55.7040017], [12.5496572, 55.7039955], [12.5496456, 55.7039893], [12.5496341, 55.7039831], [12.5496227, 55.7039769], [12.5496112, 55.7039707], [12.5495997, 55.7039645], [12.5495883, 55.7039582], [12.5495768, 55.703952], [12.5495654, 55.7039457], [12.549554, 55.7039395], [12.5495426, 55.7039332], [12.5495312, 55.703927], [12.5495198, 55.7039207], [12.5495084, 55.7039144], [12.549497, 55.7039081], [12.5494857, 55.7039018], [12.5494743, 55.7038956], [12.549463, 55.7038893], [12.5494517, 55.703883], [12.5494403, 55.7038767], [12.549429, 55.7038703], [12.5494177, 55.703864], [12.5494064, 55.7038577], [12.5493951, 55.7038514], [12.5493838, 55.7038451], [12.5493725, 55.7038387], [12.5493612, 55.7038324], [12.5493499, 55.7038261], [12.5493387, 55.7038197], [12.5493274, 55.7038134], [12.5493161, 55.7038071], [12.5493049, 55.7038007], [12.5492936, 55.7037944], [12.5492823, 55.703788], [12.5492711, 55.7037817], [12.5492598, 55.7037754], [12.5492486, 55.703769], [12.5492373, 55.7037627], [12.5492261, 55.7037563], [12.5492169, 55.7037512], [12.5492148, 55.70375], [12.5492035, 55.7037436], [12.5491923, 55.7037373], [12.549181, 55.7037309], [12.5491698, 55.7037246], [12.5491585, 55.7037182], [12.5491473, 55.7037119], [12.549136, 55.7037055], [12.5491248, 55.7036992], [12.5491135, 55.7036928], [12.5491023, 55.7036865], [12.549091, 55.7036801], [12.5490798, 55.7036738], [12.5490685, 55.7036674], [12.5490573, 55.7036611], [12.549046, 55.7036547], [12.5490347, 55.7036484], [12.5490235, 55.7036421], [12.5490122, 55.7036357], [12.549001, 55.7036294], [12.5489897, 55.703623], [12.5489785, 55.7036167], [12.5489672, 55.7036103], [12.548956, 55.703604], [12.5489447, 55.7035976], [12.5489335, 55.7035913], [12.5489222, 55.7035849], [12.548911, 55.7035786], [12.5488997, 55.7035722], [12.5488885, 55.7035659], [12.5488772, 55.7035595], [12.5488659, 55.7035532], [12.5488547, 55.7035468], [12.5488434, 55.7035405], [12.5488322, 55.7035341], [12.5488209, 55.7035278], [12.5488097, 55.7035214], [12.5487984, 55.7035151], [12.5487872, 55.7035088], [12.5487759, 55.7035024], [12.5487647, 55.7034961], [12.5487534, 55.7034897], [12.5487422, 55.7034834], [12.5487309, 55.703477], [12.5487197, 55.7034707], [12.5487084, 55.7034643], [12.5486971, 55.703458], [12.5486859, 55.7034516], [12.5486746, 55.7034453], [12.5486634, 55.7034389], [12.5486521, 55.7034326], [12.5486409, 55.7034262], [12.5486296, 55.7034199], [12.5486184, 55.7034135], [12.5486071, 55.7034072], [12.5485959, 55.7034008], [12.5485846, 55.7033945], [12.5485734, 55.7033881], [12.5485621, 55.7033818], [12.5485509, 55.7033754], [12.5485396, 55.7033691], [12.5485284, 55.7033628], [12.5485171, 55.7033564], [12.5485058, 55.7033501], [12.5484946, 55.7033437], [12.5484833, 55.7033374], [12.5484721, 55.703331], [12.5484608, 55.7033247], [12.5484496, 55.7033183], [12.5484383, 55.703312], [12.5484271, 55.7033056], [12.5484158, 55.7032993], [12.5484046, 55.7032929], [12.5483933, 55.7032866], [12.5483821, 55.7032802], [12.5483708, 55.7032739], [12.5483596, 55.7032675], [12.5483483, 55.7032612], [12.548337, 55.7032548], [12.5483258, 55.7032485], [12.5483145, 55.7032421], [12.5483033, 55.7032358], [12.548292, 55.7032295], [12.5482808, 55.7032231], [12.5482695, 55.7032168], [12.5482583, 55.7032104], [12.548247, 55.7032041], [12.5482358, 55.7031977], [12.5482245, 55.7031914], [12.5482133, 55.703185], [12.548202, 55.7031787], [12.5481908, 55.7031723], [12.5481795, 55.703166], [12.5481739, 55.7031628], [12.5481683, 55.7031596], [12.548157, 55.7031533], [12.5481457, 55.7031469], [12.5481345, 55.7031406], [12.5481232, 55.7031342], [12.548112, 55.7031279], [12.5481007, 55.7031216], [12.5480894, 55.7031152], [12.5480782, 55.7031089], [12.5480669, 55.7031026], [12.5480556, 55.7030962], [12.5480443, 55.7030899], [12.548033, 55.7030836], [12.5480217, 55.7030773], [12.5480103, 55.703071], [12.547999, 55.7030647], [12.5479877, 55.7030584], [12.5479763, 55.7030521], [12.5479649, 55.7030458], [12.5479536, 55.7030395], [12.5479422, 55.7030333], [12.5479308, 55.703027], [12.5479193, 55.7030208], [12.5479079, 55.7030145], [12.5478964, 55.7030083], [12.547885, 55.7030021], [12.5478735, 55.7029959], [12.547862, 55.7029897], [12.5478504, 55.7029835], [12.5478389, 55.7029773], [12.5478273, 55.7029711], [12.5478157, 55.702965], [12.5478041, 55.7029588], [12.5477925, 55.7029527], [12.5477808, 55.7029466], [12.5477691, 55.7029405], [12.5477574, 55.7029344], [12.5477457, 55.7029284], [12.5477339, 55.7029223], [12.5477221, 55.7029163], [12.5477103, 55.7029103], [12.5476985, 55.7029043], [12.5476866, 55.7028983], [12.5476747, 55.7028923], [12.5476628, 55.7028864], [12.5476508, 55.7028805], [12.5476388, 55.7028746], [12.5476268, 55.7028687], [12.5476148, 55.7028628], [12.5476027, 55.702857], [12.5475906, 55.7028512], [12.5475784, 55.7028454], [12.5475662, 55.7028396], [12.5475597, 55.7028365], [12.547554, 55.7028338], [12.5475418, 55.7028281], [12.5475295, 55.7028224], [12.5475172, 55.7028167], [12.5475048, 55.7028111], [12.5474924, 55.7028054], [12.54748, 55.7027998], [12.5474676, 55.7027942], [12.5474551, 55.7027887], [12.5474426, 55.7027831], [12.54743, 55.7027776], [12.5474174, 55.7027721], [12.5474048, 55.7027666], [12.5473922, 55.7027612], [12.5473795, 55.7027558], [12.5473668, 55.7027504], [12.547354, 55.702745], [12.5473412, 55.7027397], [12.5473284, 55.7027344], [12.5473156, 55.7027291], [12.5473027, 55.7027238], [12.5472898, 55.7027185], [12.5472768, 55.7027133], [12.5472639, 55.7027081], [12.5472509, 55.7027029], [12.5472378, 55.7026978], [12.5472248, 55.7026927], [12.5472117, 55.7026876], [12.5471985, 55.7026825], [12.5471854, 55.7026774], [12.5471722, 55.7026724], [12.547159, 55.7026674], [12.5471457, 55.7026625], [12.5471325, 55.7026575], [12.5471192, 55.7026526], [12.5471058, 55.7026477], [12.5470925, 55.7026428], [12.5470791, 55.702638], [12.5470656, 55.7026332], [12.5470522, 55.7026284], [12.5470387, 55.7026236], [12.5470252, 55.7026189], [12.5470117, 55.7026141], [12.5469981, 55.7026094], [12.5469845, 55.7026048], [12.5469709, 55.7026001], [12.5469572, 55.7025955], [12.5469436, 55.7025909], [12.5469299, 55.7025864], [12.5469161, 55.7025819], [12.5469024, 55.7025773], [12.5468886, 55.7025729], [12.5468748, 55.7025684], [12.5468609, 55.702564], [12.5468471, 55.7025596], [12.5468332, 55.7025552], [12.5468193, 55.7025509], [12.5468053, 55.7025465], [12.5467914, 55.7025422], [12.5467774, 55.702538], [12.5467633, 55.7025337], [12.5467493, 55.7025295], [12.5467352, 55.7025253], [12.5467211, 55.7025212], [12.546707, 55.702517], [12.5466929, 55.7025129], [12.5466787, 55.7025088], [12.5466645, 55.7025048], [12.5466503, 55.7025008], [12.546636, 55.7024968], [12.5466218, 55.7024928], [12.5466075, 55.7024889], [12.5465932, 55.7024849], [12.5465788, 55.7024811], [12.5465645, 55.7024772], [12.5465501, 55.7024734], [12.5465357, 55.7024696], [12.5465212, 55.7024658], [12.5465068, 55.702462], [12.5464923, 55.7024583], [12.5464778, 55.7024546], [12.5464633, 55.7024509], [12.5464488, 55.7024473], [12.5464342, 55.7024437], [12.5464196, 55.7024401], [12.546405, 55.7024365], [12.5463904, 55.702433], [12.5463757, 55.7024295], [12.5463611, 55.702426], [12.5463464, 55.7024226], [12.5463317, 55.7024192], [12.5463169, 55.7024158], [12.5463022, 55.7024124], [12.5462874, 55.7024091], [12.5462726, 55.7024058], [12.5462578, 55.7024025], [12.546243, 55.7023993], [12.5462281, 55.7023961], [12.5462133, 55.7023929], [12.5461984, 55.7023897], [12.5461835, 55.7023866], [12.5461685, 55.7023835], [12.5461536, 55.7023804], [12.5461386, 55.7023774], [12.5461237, 55.7023743], [12.5461087, 55.7023714], [12.5460936, 55.7023684], [12.5460786, 55.7023655], [12.5460636, 55.7023626], [12.5460485, 55.7023597], [12.5460334, 55.7023568], [12.5460183, 55.702354], [12.5460032, 55.7023512], [12.545988, 55.7023485], [12.5459729, 55.7023457], [12.5459577, 55.702343], [12.5459425, 55.7023404], [12.5459273, 55.7023377], [12.5459121, 55.7023351], [12.5458969, 55.7023325], [12.5458816, 55.70233], [12.5458664, 55.7023275], [12.5458511, 55.702325], [12.5458358, 55.7023225], [12.5458205, 55.70232], [12.5458052, 55.7023176], [12.5457898, 55.7023153], [12.5457745, 55.7023129], [12.5457591, 55.7023106], [12.5457437, 55.7023083], [12.5457283, 55.702306], [12.5457129, 55.7023038], [12.5456975, 55.7023016], [12.5456821, 55.7022994], [12.5456666, 55.7022973], [12.5456512, 55.7022952], [12.5456357, 55.7022931], [12.5456202, 55.702291], [12.5456047, 55.702289], [12.5455892, 55.702287], [12.5455737, 55.702285], [12.5455582, 55.7022831], [12.5455426, 55.7022812], [12.5455271, 55.7022793], [12.5455115, 55.7022775], [12.5454959, 55.7022757], [12.5454803, 55.7022739], [12.5454647, 55.7022721], [12.5454491, 55.7022704], [12.5454335, 55.7022687], [12.5454179, 55.702267], [12.5454022, 55.7022654], [12.5453866, 55.7022638], [12.5453709, 55.7022622], [12.5453553, 55.7022606], [12.5453396, 55.7022591], [12.5453239, 55.7022576], [12.5453082, 55.7022562], [12.5452925, 55.7022548], [12.5452768, 55.7022534], [12.5452611, 55.702252], [12.5452454, 55.7022507], [12.5452296, 55.7022493], [12.5452139, 55.7022481], [12.5451981, 55.7022468], [12.5451824, 55.7022456], [12.5451666, 55.7022444], [12.5451508, 55.7022433], [12.545135, 55.7022421], [12.5451193, 55.702241], [12.5451035, 55.70224], [12.5450877, 55.7022389], [12.5450719, 55.7022379], [12.545056, 55.7022369], [12.5450402, 55.702236], [12.5450244, 55.7022351], [12.5450086, 55.7022342], [12.5449927, 55.7022333], [12.5449769, 55.7022325], [12.5449611, 55.7022317], [12.5449452, 55.702231], [12.5449294, 55.7022302], [12.5449135, 55.7022295], [12.5448976, 55.7022289], [12.5448818, 55.7022282], [12.5448659, 55.7022276], [12.54485, 55.702227], [12.5448342, 55.7022265], [12.5448183, 55.7022259], [12.5448024, 55.7022255], [12.5447865, 55.702225], [12.5447706, 55.7022246], [12.5447547, 55.7022242], [12.5447389, 55.7022238], [12.5447379, 55.7022238], [12.544723, 55.7022235], [12.5447071, 55.7022232], [12.5446912, 55.7022229], [12.5446753, 55.7022226], [12.5446594, 55.7022224], [12.5446435, 55.7022222], [12.5446276, 55.7022221], [12.5446117, 55.7022219], [12.5445958, 55.7022218], [12.5445798, 55.7022217], [12.5445639, 55.7022217], [12.544548, 55.7022217], [12.5445321, 55.7022217], [12.5445162, 55.7022217], [12.5445003, 55.7022218], [12.5444844, 55.7022219], [12.5444685, 55.702222], [12.5444526, 55.7022221], [12.5444367, 55.7022223], [12.5444208, 55.7022224], [12.5444049, 55.7022227], [12.544389, 55.7022229], [12.5443731, 55.7022232], [12.5443572, 55.7022234], [12.5443413, 55.7022238], [12.5443254, 55.7022241], [12.5443095, 55.7022244], [12.5442936, 55.7022248], [12.5442777, 55.7022252], [12.5442619, 55.7022256], [12.544246, 55.7022261], [12.5442301, 55.7022266], [12.5442142, 55.702227], [12.5441983, 55.7022276], [12.5441824, 55.7022281], [12.5441666, 55.7022286], [12.5441507, 55.7022292], [12.5441348, 55.7022298], [12.544119, 55.7022304], [12.5441031, 55.702231], [12.5440872, 55.7022317], [12.5440714, 55.7022324], [12.5440555, 55.7022331], [12.5440397, 55.7022338], [12.5440238, 55.7022345], [12.5440079, 55.7022352], [12.5439921, 55.702236], [12.5439763, 55.7022368], [12.5439604, 55.7022376], [12.5439446, 55.7022384], [12.5439287, 55.7022392], [12.5439129, 55.7022401], [12.5438971, 55.7022409], [12.5438812, 55.7022418], [12.5438654, 55.7022427], [12.5438496, 55.7022436], [12.5438338, 55.7022445], [12.5438179, 55.7022454], [12.5438021, 55.7022464], [12.5437863, 55.7022474], [12.5437705, 55.7022483], [12.5437547, 55.7022493], [12.5437389, 55.7022503], [12.5437231, 55.7022513], [12.5437073, 55.7022524], [12.5436915, 55.7022534], [12.5436757, 55.7022545], [12.5436599, 55.7022555], [12.5436441, 55.7022566], [12.5436283, 55.7022577], [12.5436125, 55.7022588], [12.5435968, 55.7022599], [12.543581, 55.702261], [12.5435652, 55.7022622], [12.5435494, 55.7022633], [12.5435336, 55.7022644], [12.5435179, 55.7022656], [12.5435021, 55.7022668], [12.5434863, 55.7022679], [12.5434706, 55.7022691], [12.5434548, 55.7022703], [12.543439, 55.7022715], [12.5434233, 55.7022727], [12.5434075, 55.702274], [12.5433918, 55.7022752], [12.543376, 55.7022764], [12.5433602, 55.7022776], [12.5433445, 55.7022789], [12.5433287, 55.7022801], [12.543313, 55.7022814], [12.5432972, 55.7022826], [12.5432815, 55.7022839], [12.5432658, 55.7022852], [12.54325, 55.7022864], [12.5432343, 55.7022877], [12.5432185, 55.702289], [12.5432028, 55.7022903], [12.543187, 55.7022916], [12.5431713, 55.7022929], [12.5431556, 55.7022942], [12.5431398, 55.7022955], [12.5431241, 55.7022968], [12.5431083, 55.7022981], [12.5430926, 55.7022994], [12.5430769, 55.7023007], [12.5430611, 55.702302], [12.5430454, 55.7023033], [12.5430297, 55.7023046], [12.5430139, 55.7023059], [12.5430075, 55.7023064], [12.5429982, 55.7023072], [12.5429825, 55.7023085], [12.5429667, 55.7023098], [12.542951, 55.7023111], [12.5429352, 55.7023124], [12.5429195, 55.7023137], [12.5429038, 55.702315], [12.542888, 55.7023163], [12.5428723, 55.7023177], [12.5428566, 55.702319], [12.5428408, 55.7023203], [12.5428251, 55.7023216], [12.5428094, 55.7023229], [12.5427968, 55.7023239], [12.5427936, 55.7023242], [12.5427779, 55.7023255], [12.5427621, 55.7023268], [12.5427464, 55.7023281], [12.5427307, 55.7023294], [12.5427149, 55.7023307], [12.5426992, 55.702332], [12.5426835, 55.7023333], [12.5426677, 55.7023346], [12.542652, 55.7023359], [12.5426362, 55.7023372], [12.5426205, 55.7023385], [12.5426048, 55.7023398], [12.542589, 55.7023411], [12.5425733, 55.7023423], [12.5425575, 55.7023436], [12.5425418, 55.7023449], [12.542526, 55.7023461], [12.5425103, 55.7023474], [12.5424945, 55.7023486], [12.5424788, 55.7023498], [12.542463, 55.7023511], [12.5424473, 55.7023523], [12.5424315, 55.7023535], [12.5424157, 55.7023547], [12.5424, 55.7023559], [12.5423842, 55.7023571], [12.5423684, 55.7023582], [12.5423527, 55.7023594], [12.5423369, 55.7023606], [12.5423211, 55.7023617], [12.5423053, 55.7023628], [12.5422895, 55.7023639], [12.5422738, 55.7023651], [12.542258, 55.7023661], [12.5422422, 55.7023672], [12.5422264, 55.7023683], [12.5422106, 55.7023693], [12.5421948, 55.7023704], [12.542179, 55.7023714], [12.5421632, 55.7023724], [12.5421474, 55.7023734], [12.5421316, 55.7023744], [12.5421158, 55.7023754], [12.5420999, 55.7023763], [12.5420841, 55.7023772], [12.5420683, 55.7023782], [12.5420525, 55.7023791], [12.5420366, 55.7023799], [12.5420208, 55.7023808], [12.542005, 55.7023816], [12.5419891, 55.7023825], [12.5419733, 55.7023833], [12.5419575, 55.702384], [12.5419416, 55.7023848], [12.5419258, 55.7023855], [12.5419099, 55.7023863], [12.541894, 55.702387], [12.5418782, 55.7023877], [12.5418623, 55.7023883], [12.5418465, 55.7023889], [12.5418306, 55.7023896], [12.5418147, 55.7023901], [12.5417988, 55.7023907], [12.541783, 55.7023912], [12.5417671, 55.7023918], [12.5417512, 55.7023923], [12.5417353, 55.7023927], [12.5417194, 55.7023932], [12.5417035, 55.7023936], [12.5416877, 55.702394], [12.5416718, 55.7023943], [12.5416559, 55.7023947], [12.54164, 55.702395], [12.5416241, 55.7023953], [12.5416082, 55.7023955], [12.5415923, 55.7023957], [12.5415764, 55.7023959], [12.5415605, 55.7023961], [12.5415446, 55.7023962], [12.5415287, 55.7023963], [12.5415128, 55.7023964], [12.5414968, 55.7023965], [12.5414809, 55.7023965], [12.541465, 55.7023964], [12.5414491, 55.7023964], [12.5414332, 55.7023963], [12.5414173, 55.7023962], [12.5414014, 55.702396], [12.5413855, 55.7023959], [12.5413696, 55.7023956], [12.5413537, 55.7023954], [12.5413378, 55.7023951], [12.5413219, 55.7023948], [12.541306, 55.7023944], [12.5412901, 55.702394], [12.5412743, 55.7023936], [12.5412584, 55.7023932], [12.5412425, 55.7023927], [12.5412266, 55.7023921], [12.5412107, 55.7023915], [12.5411949, 55.7023909], [12.541179, 55.7023903], [12.5411631, 55.7023896], [12.5411473, 55.7023889], [12.5411315, 55.7023881], [12.5411156, 55.7023873], [12.5410998, 55.7023864], [12.5410839, 55.7023855], [12.5410681, 55.7023846], [12.5410523, 55.7023836], [12.5410365, 55.7023826], [12.5410207, 55.7023816], [12.5410049, 55.7023805], [12.5409926, 55.7023796], [12.5409892, 55.7023793], [12.5409734, 55.7023781], [12.5409576, 55.7023769], [12.5409419, 55.7023756], [12.5409262, 55.7023743], [12.5409104, 55.702373], [12.5408947, 55.7023716], [12.540879, 55.7023701], [12.5408633, 55.7023687], [12.5408477, 55.7023671], [12.540832, 55.7023656], [12.5408163, 55.702364], [12.5408007, 55.7023623], [12.5407851, 55.7023606], [12.5407695, 55.7023589], [12.5407539, 55.7023571], [12.5407383, 55.7023553], [12.5407228, 55.7023534], [12.5407072, 55.7023515], [12.5406917, 55.7023495], [12.5406762, 55.7023475], [12.5406607, 55.7023455], [12.5406452, 55.7023434], [12.5406298, 55.7023413], [12.5406143, 55.7023391], [12.5405989, 55.7023369], [12.5405835, 55.7023347], [12.5405681, 55.7023324], [12.5405528, 55.7023301], [12.5405374, 55.7023277], [12.5405221, 55.7023253], [12.5405068, 55.7023228], [12.5404915, 55.7023203], [12.5404763, 55.7023178], [12.540461, 55.7023152], [12.5404458, 55.7023126], [12.5404306, 55.7023099], [12.5404155, 55.7023072], [12.5404003, 55.7023045], [12.5403852, 55.7023017], [12.5403701, 55.7022989], [12.540355, 55.702296], [12.54034, 55.7022931], [12.540325, 55.7022902], [12.54031, 55.7022872], [12.540295, 55.7022841], [12.54028, 55.7022811], [12.5402651, 55.7022779], [12.5402502, 55.7022748], [12.5402354, 55.7022716], [12.5402205, 55.7022684], [12.5402057, 55.7022651], [12.5401909, 55.7022618], [12.5401762, 55.7022584], [12.5401615, 55.702255], [12.5401468, 55.7022516], [12.5401321, 55.7022481], [12.5401175, 55.7022446], [12.5401028, 55.702241], [12.5400883, 55.7022374], [12.5400737, 55.7022338], [12.5400592, 55.7022301], [12.5400447, 55.7022264], [12.5400303, 55.7022227], [12.5400159, 55.7022189], [12.5400015, 55.702215], [12.5399871, 55.7022112], [12.5399728, 55.7022073], [12.5399585, 55.7022033], [12.5399443, 55.7021993], [12.5399301, 55.7021953], [12.5399159, 55.7021912], [12.5399017, 55.7021871], [12.5398876, 55.702183], [12.5398735, 55.7021788], [12.5398595, 55.7021746], [12.5398455, 55.7021703], [12.5398315, 55.702166], [12.5398176, 55.7021617], [12.5398037, 55.7021573], [12.5397898, 55.7021529], [12.539776, 55.7021485], [12.5397622, 55.702144], [12.5397485, 55.7021395], [12.5397348, 55.7021349], [12.5397211, 55.7021303], [12.5397075, 55.7021257], [12.5396939, 55.702121], [12.5396804, 55.7021163], [12.5396669, 55.7021116], [12.5396534, 55.7021068], [12.53964, 55.702102], [12.5396266, 55.7020971], [12.5396132, 55.7020922], [12.5395999, 55.7020873], [12.5395867, 55.7020823], [12.5395735, 55.7020773], [12.5395603, 55.7020723], [12.5395472, 55.7020672], [12.5395341, 55.7020621], [12.539521, 55.702057], [12.539508, 55.7020518], [12.5394951, 55.7020466], [12.5394822, 55.7020413], [12.5394693, 55.7020361], [12.5394565, 55.7020307], [12.5394437, 55.7020254], [12.539431, 55.70202], [12.5394183, 55.7020146], [12.5394057, 55.7020091], [12.5393931, 55.7020036], [12.5393806, 55.7019981], [12.5393681, 55.7019926], [12.5393556, 55.701987], [12.5393432, 55.7019813], [12.5393309, 55.7019757], [12.5393186, 55.70197], [12.5393063, 55.7019643], [12.5392941, 55.7019585], [12.539282, 55.7019527], [12.5392699, 55.7019469], [12.5392578, 55.701941], [12.5392458, 55.7019351], [12.5392338, 55.7019292], [12.5392219, 55.7019232], [12.5392101, 55.7019172], [12.5391983, 55.7019112], [12.5391865, 55.7019052], [12.5391748, 55.7018991], [12.5391632, 55.701893], [12.5391516, 55.7018868], [12.5391401, 55.7018806], [12.5391286, 55.7018744], [12.5391171, 55.7018682], [12.5391058, 55.7018619], [12.5390944, 55.7018556], [12.5390832, 55.7018493], [12.5390719, 55.7018429], [12.5390608, 55.7018365], [12.5390497, 55.7018301], [12.5390386, 55.7018236], [12.5390276, 55.7018171], [12.5390167, 55.7018106], [12.5390058, 55.7018041], [12.538995, 55.7017975], [12.5389842, 55.7017909], [12.5389735, 55.7017842], [12.5389628, 55.7017776], [12.5389522, 55.7017709], [12.5389416, 55.7017642], [12.5389312, 55.7017574], [12.5389207, 55.7017506], [12.5389103, 55.7017438], [12.5389, 55.701737], [12.5388898, 55.7017301], [12.5388796, 55.7017232], [12.5388694, 55.7017163], [12.5388594, 55.7017094], [12.5388493, 55.7017024], [12.5388394, 55.7016954], [12.5388295, 55.7016884], [12.5388196, 55.7016813], [12.5388098, 55.7016742], [12.5388001, 55.7016671], [12.5387905, 55.70166], [12.5387809, 55.7016528], [12.5387713, 55.7016456], [12.5387618, 55.7016384], [12.5387524, 55.7016312], [12.5387431, 55.7016239], [12.5387338, 55.7016166], [12.5387246, 55.7016093], [12.5387154, 55.701602], [12.5387063, 55.7015946], [12.5386973, 55.7015872], [12.5386883, 55.7015798], [12.5386794, 55.7015724], [12.5386705, 55.7015649], [12.5386617, 55.7015574], [12.538653, 55.7015499], [12.5386443, 55.7015424], [12.5386358, 55.7015348], [12.5386272, 55.7015272], [12.5386188, 55.7015196], [12.5386104, 55.701512], [12.538602, 55.7015043], [12.5385938, 55.7014967], [12.5385856, 55.701489], [12.5385774, 55.7014813], [12.5385694, 55.7014735], [12.5385614, 55.7014658], [12.5385534, 55.701458], [12.5385455, 55.7014502], [12.5385377, 55.7014423], [12.53853, 55.7014345], [12.5385223, 55.7014266], [12.5385147, 55.7014187], [12.5385072, 55.7014108], [12.5384997, 55.7014029], [12.5384923, 55.7013949], [12.538485, 55.701387], [12.5384777, 55.701379], [12.5384705, 55.701371], [12.5384634, 55.7013629], [12.5384563, 55.7013549], [12.5384493, 55.7013468], [12.5384424, 55.7013387], [12.5384356, 55.7013306], [12.5384288, 55.7013225], [12.5384221, 55.7013144], [12.5384154, 55.7013062], [12.5384089, 55.701298], [12.5384024, 55.7012898], [12.5383959, 55.7012816], [12.5383896, 55.7012734], [12.5383833, 55.7012651], [12.538377, 55.7012569], [12.5383709, 55.7012486], [12.5383648, 55.7012403], [12.5383588, 55.701232], [12.5383529, 55.7012236], [12.538347, 55.7012153], [12.5383412, 55.7012069], [12.5383355, 55.7011986], [12.5383298, 55.7011902], [12.5383242, 55.7011817], [12.5383187, 55.7011733], [12.5383133, 55.7011649], [12.5383079, 55.7011564], [12.5383026, 55.701148], [12.5382974, 55.7011395], [12.5382922, 55.701131], [12.5382872, 55.7011225], [12.5382822, 55.7011139], [12.5382772, 55.7011054], [12.5382724, 55.7010968], [12.5382676, 55.7010883], [12.5382639, 55.7010815], [12.5382629, 55.7010797], [12.5382582, 55.7010711], [12.5382537, 55.7010625], [12.5382492, 55.7010539], [12.5382448, 55.7010453], [12.5382404, 55.7010366], [12.5382361, 55.701028], [12.5382319, 55.7010193], [12.5382277, 55.7010106], [12.5382237, 55.701002], [12.5382196, 55.7009933], [12.5382157, 55.7009846], [12.5382118, 55.7009759], [12.5382079, 55.7009672], [12.5382042, 55.7009584], [12.5382004, 55.7009497], [12.5381968, 55.700941], [12.5381932, 55.7009322], [12.5381896, 55.7009234], [12.5381862, 55.7009147], [12.5381827, 55.7009059], [12.5381794, 55.7008971], [12.538176, 55.7008884], [12.5381728, 55.7008796], [12.5381695, 55.7008708], [12.5381664, 55.700862], [12.5381632, 55.7008532], [12.5381602, 55.7008443], [12.5381571, 55.7008355], [12.5381541, 55.7008267], [12.5381512, 55.7008179], [12.5381483, 55.7008091], [12.5381455, 55.7008002], [12.5381426, 55.7007914], [12.5381399, 55.7007825], [12.5381371, 55.7007737], [12.5381344, 55.7007648], [12.5381318, 55.700756], [12.5381292, 55.7007471], [12.5381266, 55.7007383], [12.538124, 55.7007294], [12.5381215, 55.7007205], [12.538119, 55.7007116], [12.5381166, 55.7007028], [12.5381141, 55.7006939], [12.5381117, 55.700685], [12.5381094, 55.7006761], [12.538107, 55.7006673], [12.5381047, 55.7006584], [12.5381024, 55.7006495], [12.5381001, 55.7006406], [12.5380979, 55.7006317], [12.5380957, 55.7006228], [12.5380935, 55.7006139], [12.5380913, 55.700605], [12.5380891, 55.7005961], [12.538087, 55.7005872], [12.5380848, 55.7005783], [12.5380827, 55.7005694], [12.5380806, 55.7005605], [12.5380785, 55.7005516], [12.5380764, 55.7005427], [12.5380744, 55.7005338], [12.5380723, 55.7005249], [12.5380703, 55.700516], [12.5380682, 55.7005071], [12.5380662, 55.7004982], [12.5380642, 55.7004893], [12.5380621, 55.7004803], [12.5380601, 55.7004714], [12.5380581, 55.7004625], [12.5380561, 55.7004536], [12.5380557, 55.700452], [12.538054, 55.7004447], [12.538052, 55.7004358], [12.53805, 55.7004269], [12.538048, 55.700418], [12.538046, 55.7004091], [12.538044, 55.7004002], [12.5380419, 55.7003913], [12.5380399, 55.7003823], [12.5380379, 55.7003734], [12.5380359, 55.7003645], [12.5380339, 55.7003556], [12.5380318, 55.7003467], [12.5380298, 55.7003378], [12.5380278, 55.7003289], [12.5380258, 55.70032], [12.5380238, 55.7003111], [12.5380218, 55.7003022], [12.5380197, 55.7002933], [12.5380177, 55.7002843], [12.5380157, 55.7002754], [12.5380137, 55.7002665], [12.5380117, 55.7002576], [12.5380096, 55.7002487], [12.5380076, 55.7002398], [12.5380056, 55.7002309], [12.5380036, 55.700222], [12.5380016, 55.7002131], [12.5379995, 55.7002042], [12.5379975, 55.7001953], [12.5379955, 55.7001863], [12.5379935, 55.7001774], [12.5379915, 55.7001685], [12.5379895, 55.7001596], [12.5379874, 55.7001507], [12.5379854, 55.7001418], [12.5379834, 55.7001329], [12.5379814, 55.700124], [12.5379794, 55.7001151], [12.5379773, 55.7001062], [12.5379753, 55.7000973], [12.5379733, 55.7000883], [12.5379713, 55.7000794], [12.5379693, 55.7000705], [12.5379672, 55.7000616], [12.5379652, 55.7000527], [12.5379632, 55.7000438], [12.5379612, 55.7000349], [12.5379592, 55.700026], [12.5379572, 55.7000171], [12.5379551, 55.7000082], [12.5379531, 55.6999993], [12.5379511, 55.6999903], [12.5379491, 55.6999814], [12.5379471, 55.6999725], [12.537945, 55.6999636], [12.537943, 55.6999547], [12.537941, 55.6999458], [12.537939, 55.6999369], [12.537937, 55.699928], [12.537935, 55.6999191], [12.5379329, 55.6999102], [12.5379309, 55.6999013], [12.5379289, 55.6998923], [12.5379269, 55.6998834], [12.5379249, 55.6998745], [12.5379228, 55.6998656], [12.5379208, 55.6998567], [12.5379188, 55.6998478], [12.5379168, 55.6998389], [12.5379148, 55.69983], [12.5379127, 55.6998211], [12.5379107, 55.6998122], [12.5379087, 55.6998033], [12.5379067, 55.6997943], [12.5379047, 55.6997854], [12.5379027, 55.6997765], [12.5379006, 55.6997676], [12.5378986, 55.6997587], [12.5378966, 55.6997498], [12.5378946, 55.6997409], [12.5378926, 55.699732], [12.5378905, 55.6997231], [12.5378885, 55.6997142], [12.5378865, 55.6997053], [12.5378845, 55.6996963], [12.5378825, 55.6996874], [12.5378804, 55.6996785], [12.5378784, 55.6996696], [12.5378764, 55.6996607], [12.5378744, 55.6996518], [12.5378731, 55.6996462], [12.5378724, 55.6996429], [12.5378704, 55.699634], [12.5378683, 55.6996251], [12.5378663, 55.6996162], [12.5378643, 55.6996073], [12.5378623, 55.6995983], [12.5378604, 55.6995894], [12.5378584, 55.6995805], [12.5378564, 55.6995716], [12.5378545, 55.6995627], [12.5378526, 55.6995538], [12.5378507, 55.6995449], [12.5378488, 55.6995359], [12.537847, 55.699527], [12.5378451, 55.6995181], [12.5378433, 55.6995092], [12.5378416, 55.6995002], [12.5378399, 55.6994913], [12.5378382, 55.6994824], [12.5378365, 55.6994734], [12.5378349, 55.6994645], [12.5378333, 55.6994556], [12.5378318, 55.6994466], [12.5378303, 55.6994377], [12.5378289, 55.6994287], [12.5378275, 55.6994198], [12.5378262, 55.6994108], [12.5378249, 55.6994019], [12.5378237, 55.6993929], [12.5378225, 55.699384], [12.5378214, 55.699375], [12.5378204, 55.6993661], [12.5378194, 55.6993571], [12.5378185, 55.6993481], [12.5378177, 55.6993392], [12.5378169, 55.6993302], [12.5378162, 55.6993212], [12.5378161, 55.6993197], [12.5378156, 55.6993122], [12.5378151, 55.6993033], [12.5378146, 55.6992943], [12.5378142, 55.6992853], [12.5378139, 55.6992763], [12.5378137, 55.6992673], [12.5378135, 55.6992584], [12.5378135, 55.6992494], [12.5378134, 55.6992404], [12.5378135, 55.6992314], [12.5378137, 55.6992224], [12.5378139, 55.6992135], [12.5378142, 55.6992045], [12.5378145, 55.6991955], [12.537815, 55.6991865], [12.5378155, 55.6991775], [12.5378161, 55.6991686], [12.5378168, 55.6991596], [12.5378175, 55.6991506], [12.5378184, 55.6991416], [12.5378193, 55.6991327], [12.5378202, 55.6991237], [12.5378213, 55.6991148], [12.5378224, 55.6991058], [12.5378236, 55.6990968], [12.5378249, 55.6990879], [12.5378263, 55.6990789], [12.5378277, 55.69907], [12.5378292, 55.699061], [12.5378308, 55.6990521], [12.5378324, 55.6990432], [12.5378342, 55.6990342], [12.537836, 55.6990253], [12.5378378, 55.6990164], [12.5378398, 55.6990075], [12.5378418, 55.6989986], [12.5378439, 55.6989897], [12.5378461, 55.6989808], [12.5378484, 55.6989719], [12.5378507, 55.698963], [12.5378531, 55.6989541], [12.5378556, 55.6989453], [12.5378582, 55.6989364], [12.5378608, 55.6989275], [12.5378635, 55.6989187], [12.5378663, 55.6989098], [12.5378691, 55.698901], [12.5378721, 55.6988922], [12.5378751, 55.6988834], [12.5378782, 55.6988745], [12.5378813, 55.6988657], [12.5378845, 55.6988569], [12.5378878, 55.6988482], [12.5378912, 55.6988394], [12.5378947, 55.6988306], [12.5378982, 55.6988219], [12.5379018, 55.6988131], [12.5379055, 55.6988044], [12.5379092, 55.6987956], [12.537913, 55.6987869], [12.5379169, 55.6987782], [12.5379209, 55.6987695], [12.5379249, 55.6987608], [12.537929, 55.6987522], [12.5379332, 55.6987435], [12.5379375, 55.6987348], [12.5379418, 55.6987262], [12.5379462, 55.6987176], [12.5379507, 55.6987089], [12.5379553, 55.6987003], [12.5379599, 55.6986917], [12.5379646, 55.6986832], [12.5379693, 55.6986746], [12.5379742, 55.698666], [12.5379791, 55.6986575], [12.5379841, 55.698649], [12.5379891, 55.6986405], [12.5379943, 55.6986319], [12.5379995, 55.6986235], [12.5380047, 55.698615], [12.5380101, 55.6986065], [12.5380155, 55.6985981], [12.538021, 55.6985897], [12.5380265, 55.6985812], [12.5380322, 55.6985728], [12.5380379, 55.6985644], [12.5380436, 55.6985561], [12.5380495, 55.6985477], [12.5380554, 55.6985394], [12.5380614, 55.6985311], [12.5380674, 55.6985228], [12.5380735, 55.6985145], [12.5380797, 55.6985062], [12.538086, 55.6984979], [12.5380923, 55.6984897], [12.5380987, 55.6984815], [12.5381052, 55.6984733], [12.5381117, 55.6984651], [12.5381183, 55.6984569], [12.538125, 55.6984488], [12.5381317, 55.6984406], [12.5381385, 55.6984325], [12.5381454, 55.6984244], [12.5381524, 55.6984163], [12.5381594, 55.6984083], [12.5381665, 55.6984002], [12.5381736, 55.6983922], [12.5381809, 55.6983842], [12.5381881, 55.6983762], [12.5381955, 55.6983683], [12.5382029, 55.6983603], [12.5382104, 55.6983524], [12.538218, 55.6983445], [12.5382256, 55.6983366], [12.5382333, 55.6983287], [12.538241, 55.6983209], [12.5382488, 55.6983131], [12.5382567, 55.6983053], [12.5382647, 55.6982975], [12.5382727, 55.6982897], [12.5382808, 55.698282], [12.5382889, 55.6982743], [12.5382972, 55.6982666], [12.5383054, 55.6982589], [12.5383138, 55.6982513], [12.5383222, 55.6982437], [12.5383307, 55.6982361], [12.5383392, 55.6982285], [12.5383478, 55.6982209], [12.5383565, 55.6982134], [12.5383652, 55.6982059], [12.538374, 55.6981984], [12.5383828, 55.6981909], [12.5383917, 55.6981835], [12.5384007, 55.6981761], [12.5384098, 55.6981687], [12.5384189, 55.6981613], [12.538428, 55.698154], [12.5384373, 55.6981467], [12.5384465, 55.6981394], [12.5384559, 55.6981321], [12.5384653, 55.6981249], [12.5384748, 55.6981177], [12.5384843, 55.6981105], [12.5384939, 55.6981033], [12.5385036, 55.6980962], [12.5385133, 55.6980891], [12.5385231, 55.698082], [12.5385329, 55.6980749], [12.5385428, 55.6980679], [12.5385527, 55.6980609], [12.5385627, 55.6980539], [12.5385728, 55.698047], [12.5385829, 55.69804], [12.5385931, 55.6980331], [12.5386034, 55.6980263], [12.5386137, 55.6980194], [12.538624, 55.6980126], [12.5386345, 55.6980058], [12.5386449, 55.6979991], [12.5386555, 55.6979923], [12.5386661, 55.6979856], [12.5386767, 55.697979], [12.5386874, 55.6979723], [12.5386982, 55.6979657], [12.538709, 55.6979591], [12.5387198, 55.6979526], [12.5387308, 55.697946], [12.5387417, 55.6979395], [12.5387528, 55.6979331], [12.5387639, 55.6979266], [12.538775, 55.6979202], [12.5387862, 55.6979138], [12.5387974, 55.6979075], [12.5388088, 55.6979012], [12.5388201, 55.6978949], [12.5388315, 55.6978886], [12.538843, 55.6978824], [12.5388545, 55.6978762], [12.5388661, 55.69787], [12.5388777, 55.6978639], [12.5388893, 55.6978578], [12.5389011, 55.6978517], [12.5389128, 55.6978457], [12.5389247, 55.6978397], [12.5389365, 55.6978337], [12.5389485, 55.6978278], [12.5389604, 55.6978219], [12.5389725, 55.697816], [12.5389845, 55.6978101], [12.5389967, 55.6978043], [12.5390088, 55.6977985], [12.539021, 55.6977928], [12.5390333, 55.6977871], [12.5390441, 55.6977821], [12.5390456, 55.6977814], [12.539058, 55.6977757], [12.5390704, 55.6977701], [12.5390829, 55.6977645], [12.5390954, 55.697759], [12.5391079, 55.6977535], [12.5391205, 55.697748], [12.5391331, 55.6977425], [12.5391458, 55.6977371], [12.5391585, 55.6977317], [12.5391713, 55.6977264], [12.5391841, 55.697721], [12.539197, 55.6977157], [12.5392098, 55.6977105], [12.5392228, 55.6977052], [12.5392357, 55.6977], [12.5392487, 55.6976949], [12.5392618, 55.6976897], [12.5392748, 55.6976846], [12.5392879, 55.6976795], [12.5393011, 55.6976745], [12.5393143, 55.6976694], [12.5393275, 55.6976644], [12.5393407, 55.6976595], [12.539354, 55.6976545], [12.5393673, 55.6976496], [12.5393807, 55.6976447], [12.539394, 55.6976399], [12.5394074, 55.697635], [12.5394209, 55.6976302], [12.5394343, 55.6976254], [12.5394478, 55.6976207], [12.5394614, 55.697616], [12.5394749, 55.6976113], [12.5394885, 55.6976066], [12.5395021, 55.6976019], [12.5395157, 55.6975973], [12.5395294, 55.6975927], [12.5395431, 55.6975882], [12.5395568, 55.6975836], [12.5395705, 55.6975791], [12.5395843, 55.6975746], [12.5395981, 55.6975701], [12.5396119, 55.6975656], [12.5396257, 55.6975612], [12.5396396, 55.6975568], [12.5396535, 55.6975524], [12.5396674, 55.697548], [12.5396813, 55.6975437], [12.5396952, 55.6975394], [12.5397092, 55.6975351], [12.5397232, 55.6975308], [12.5397372, 55.6975265], [12.5397512, 55.6975223], [12.5397652, 55.6975181], [12.5397793, 55.6975139], [12.5397933, 55.6975097], [12.5398074, 55.6975055], [12.5398215, 55.6975014], [12.5398357, 55.6974972], [12.5398498, 55.6974931], [12.539864, 55.697489], [12.5398781, 55.697485], [12.5398923, 55.6974809], [12.5399065, 55.6974769], [12.5399207, 55.6974728], [12.539935, 55.6974688], [12.5399492, 55.6974648], [12.5399635, 55.6974608], [12.5399777, 55.6974569], [12.539992, 55.6974529], [12.5400063, 55.697449], [12.5400206, 55.6974451], [12.5400349, 55.6974412], [12.5400493, 55.6974373], [12.5400636, 55.6974334], [12.5400779, 55.6974295], [12.5400923, 55.6974256], [12.5401067, 55.6974218], [12.5401211, 55.697418], [12.5401354, 55.6974141], [12.5401498, 55.6974103], [12.5401643, 55.6974065], [12.5401787, 55.6974027], [12.5401931, 55.6973989], [12.5402075, 55.6973952], [12.540222, 55.6973914], [12.5402364, 55.6973876], [12.5402509, 55.6973839], [12.5402653, 55.6973802], [12.5402798, 55.6973764], [12.5402943, 55.6973727], [12.5403087, 55.697369], [12.5403232, 55.6973653], [12.5403377, 55.6973616], [12.5403522, 55.6973579], [12.5403667, 55.6973542], [12.5403812, 55.6973505], [12.5403957, 55.6973468], [12.5404102, 55.6973431], [12.5404247, 55.6973394], [12.5404392, 55.6973358], [12.5404537, 55.6973321], [12.5404683, 55.6973284], [12.5404828, 55.6973248], [12.5404973, 55.6973211], [12.5405118, 55.6973175], [12.5405264, 55.6973138], [12.5405409, 55.6973102], [12.5405554, 55.6973065], [12.54057, 55.6973029], [12.5405827, 55.6972997], [12.5405845, 55.6972992], [12.540599, 55.6972955], [12.5406135, 55.6972919], [12.5406281, 55.6972882], [12.5406426, 55.6972846], [12.5406571, 55.6972809], [12.5406717, 55.6972773], [12.5406862, 55.6972736], [12.5407007, 55.69727], [12.5407152, 55.6972663], [12.5407298, 55.6972627], [12.5407443, 55.697259], [12.5407588, 55.6972554], [12.5407734, 55.6972517], [12.5407879, 55.6972481], [12.5408024, 55.6972444], [12.540817, 55.6972408], [12.5408315, 55.6972371], [12.540846, 55.6972335], [12.5408605, 55.6972298], [12.5408751, 55.6972262], [12.5408896, 55.6972225], [12.5409041, 55.6972189], [12.5409187, 55.6972152], [12.5409332, 55.6972115], [12.5409477, 55.6972079], [12.5409622, 55.6972042], [12.5409768, 55.6972006], [12.5409913, 55.6971969], [12.5410058, 55.6971933], [12.5410204, 55.6971896], [12.5410349, 55.697186], [12.5410494, 55.6971823], [12.541064, 55.6971787], [12.5410785, 55.697175], [12.541093, 55.6971714], [12.5411075, 55.6971677], [12.5411221, 55.6971641], [12.5411366, 55.6971604], [12.5411511, 55.6971568], [12.5411657, 55.6971531], [12.5411802, 55.6971495], [12.5411947, 55.6971458], [12.5412092, 55.6971422], [12.5412238, 55.6971385], [12.5412383, 55.6971349], [12.5412528, 55.6971312], [12.5412674, 55.6971276], [12.5412819, 55.6971239], [12.5412964, 55.6971202], [12.5413109, 55.6971166], [12.5413255, 55.6971129], [12.54134, 55.6971093], [12.5413545, 55.6971056], [12.5413691, 55.697102], [12.5413836, 55.6970983], [12.5413981, 55.6970947], [12.5414127, 55.697091], [12.5414272, 55.6970874], [12.5414417, 55.6970837], [12.5414562, 55.6970801], [12.5414708, 55.6970764], [12.5414853, 55.6970728], [12.5414998, 55.6970691], [12.5415144, 55.6970655], [12.5415289, 55.6970618], [12.5415434, 55.6970582], [12.5415579, 55.6970545], [12.5415725, 55.6970509], [12.541587, 55.6970472], [12.5416015, 55.6970436], [12.5416161, 55.6970399], [12.5416306, 55.6970362], [12.5416451, 55.6970326], [12.5416597, 55.6970289], [12.5416742, 55.6970253], [12.5416887, 55.6970216], [12.5417032, 55.697018], [12.5417178, 55.6970143], [12.5417323, 55.6970107], [12.5417468, 55.697007], [12.5417614, 55.6970034], [12.5417759, 55.6969997], [12.5417904, 55.6969961], [12.5418049, 55.6969924], [12.5418195, 55.6969888], [12.541834, 55.6969851], [12.5418485, 55.6969815], [12.5418631, 55.6969778], [12.5418776, 55.6969742], [12.5418921, 55.6969705], [12.5419066, 55.6969669], [12.5419212, 55.6969632], [12.5419357, 55.6969596], [12.5419502, 55.6969559], [12.5419648, 55.6969522], [12.5419793, 55.6969486], [12.5419938, 55.6969449], [12.5420084, 55.6969413], [12.5420229, 55.6969376], [12.5420374, 55.696934], [12.5420519, 55.6969303], [12.5420665, 55.6969267], [12.542081, 55.696923], [12.5420955, 55.6969194], [12.5421101, 55.6969157], [12.5421246, 55.6969121], [12.5421391, 55.6969084], [12.5421536, 55.6969048], [12.5421682, 55.6969011], [12.5421827, 55.6968975], [12.5421972, 55.6968938], [12.5422118, 55.6968902], [12.5422263, 55.6968865], [12.5422408, 55.6968829], [12.5422553, 55.6968792], [12.5422699, 55.6968756], [12.5422844, 55.6968719], [12.5422989, 55.6968682], [12.5423135, 55.6968646], [12.542328, 55.6968609], [12.5423425, 55.6968573], [12.5423571, 55.6968536], [12.5423716, 55.69685], [12.5423861, 55.6968463], [12.5424006, 55.6968427], [12.5424152, 55.696839], [12.5424297, 55.6968354], [12.5424442, 55.6968317], [12.5424588, 55.6968281], [12.5424733, 55.6968244], [12.5424878, 55.6968208], [12.5425023, 55.6968171], [12.5425169, 55.6968135], [12.5425314, 55.6968098], [12.5425459, 55.6968062], [12.5425605, 55.6968025], [12.542575, 55.6967989], [12.5425895, 55.6967952], [12.542604, 55.6967915], [12.5426186, 55.6967879], [12.5426331, 55.6967842], [12.5426476, 55.6967806], [12.5426622, 55.6967769], [12.5426767, 55.6967733], [12.5426912, 55.6967696], [12.5427058, 55.696766], [12.5427203, 55.6967623], [12.5427348, 55.6967587], [12.5427493, 55.696755], [12.5427639, 55.6967514], [12.5427784, 55.6967477], [12.5427929, 55.6967441], [12.5428075, 55.6967404], [12.542822, 55.6967368], [12.5428365, 55.6967331], [12.542851, 55.6967295], [12.5428656, 55.6967258], [12.5428801, 55.6967222], [12.5428946, 55.6967185], [12.5429092, 55.6967149], [12.5429237, 55.6967112], [12.5429382, 55.6967075], [12.5429527, 55.6967039], [12.5429673, 55.6967002], [12.5429818, 55.6966966], [12.5429963, 55.6966929], [12.5430109, 55.6966893], [12.5430254, 55.6966856], [12.5430399, 55.696682], [12.5430544, 55.6966783], [12.543069, 55.6966747], [12.543073, 55.6966737], [12.5430835, 55.696671], [12.543098, 55.6966674], [12.5431126, 55.6966637], [12.5431271, 55.6966601], [12.5431416, 55.6966564], [12.5431562, 55.6966528], [12.5431707, 55.6966491], [12.5431852, 55.6966455], [12.5431998, 55.6966418], [12.5432143, 55.6966382], [12.5432288, 55.6966345], [12.5432434, 55.6966309], [12.5432579, 55.6966273], [12.5432724, 55.6966236], [12.543287, 55.69662], [12.5433015, 55.6966164], [12.5433161, 55.6966127], [12.5433306, 55.6966091], [12.5433452, 55.6966055], [12.5433598, 55.6966019], [12.5433724, 55.6965987], [12.5433743, 55.6965983], [12.5433889, 55.6965947], [12.5434034, 55.6965911], [12.543418, 55.6965875], [12.5434326, 55.6965839], [12.5434472, 55.6965803], [12.5434617, 55.6965767], [12.5434763, 55.6965731], [12.5434909, 55.6965695], [12.5435055, 55.696566], [12.5435201, 55.6965624], [12.5435347, 55.6965588], [12.5435493, 55.6965553], [12.5435639, 55.6965517], [12.5435785, 55.6965481], [12.5435931, 55.6965446], [12.5436077, 55.6965411], [12.5436223, 55.6965375], [12.543637, 55.696534], [12.5436516, 55.6965304], [12.5436662, 55.6965269], [12.5436808, 55.6965234], [12.5436955, 55.6965199], [12.5437101, 55.6965164], [12.5437247, 55.6965128], [12.5437394, 55.6965093], [12.543754, 55.6965058], [12.5437687, 55.6965023], [12.5437833, 55.6964988], [12.543798, 55.6964953], [12.5438126, 55.6964919], [12.5438273, 55.6964884], [12.5438419, 55.6964849], [12.5438566, 55.6964814], [12.5438713, 55.6964779], [12.5438859, 55.6964745], [12.5439006, 55.696471], [12.5439153, 55.6964676], [12.54393, 55.6964641], [12.5439447, 55.6964607], [12.5439593, 55.6964572], [12.543974, 55.6964538], [12.5439887, 55.6964503], [12.5440034, 55.6964469], [12.5440181, 55.6964435], [12.5440328, 55.69644], [12.5440475, 55.6964366], [12.5440622, 55.6964332], [12.5440769, 55.6964298], [12.5440917, 55.6964264], [12.5441064, 55.696423], [12.5441211, 55.6964196], [12.5441358, 55.6964162], [12.5441505, 55.6964128], [12.5441653, 55.6964094], [12.54418, 55.696406], [12.5441947, 55.6964026], [12.5442095, 55.6963993], [12.5442242, 55.6963959], [12.544239, 55.6963925], [12.5442537, 55.6963892], [12.5442685, 55.6963858], [12.5442832, 55.6963825], [12.544298, 55.6963791], [12.5443127, 55.6963758], [12.5443275, 55.6963724], [12.5443423, 55.6963691], [12.544357, 55.6963658], [12.5443718, 55.6963624], [12.5443866, 55.6963591], [12.5444013, 55.6963558], [12.5444161, 55.6963525], [12.5444309, 55.6963492], [12.5444457, 55.6963458], [12.5444605, 55.6963425], [12.5444753, 55.6963392], [12.5444901, 55.696336], [12.5445049, 55.6963327], [12.5445197, 55.6963294], [12.5445345, 55.6963261], [12.5445493, 55.6963228], [12.5445641, 55.6963195], [12.5445789, 55.6963163], [12.5445937, 55.696313], [12.5446085, 55.6963097], [12.5446233, 55.6963065], [12.5446382, 55.6963032], [12.544653, 55.6963], [12.5446678, 55.6962967], [12.5446827, 55.6962935], [12.5446975, 55.6962903], [12.5447123, 55.696287], [12.5447272, 55.6962838], [12.544742, 55.6962806], [12.5447569, 55.6962774], [12.5447717, 55.6962741], [12.5447866, 55.6962709], [12.5448014, 55.6962677], [12.5448163, 55.6962645], [12.5448311, 55.6962613], [12.544846, 55.6962581], [12.5448609, 55.6962549], [12.5448757, 55.6962518], [12.5448906, 55.6962486], [12.5449055, 55.6962454], [12.5449204, 55.6962422], [12.5449352, 55.6962391], [12.5449501, 55.6962359], [12.544965, 55.6962327], [12.5449799, 55.6962296], [12.5449948, 55.6962264], [12.5450097, 55.6962233], [12.5450246, 55.6962201], [12.5450395, 55.696217], [12.5450544, 55.6962139], [12.5450693, 55.6962107], [12.5450842, 55.6962076], [12.5450991, 55.6962045], [12.545114, 55.6962014], [12.5451289, 55.6961982], [12.5451438, 55.6961951], [12.5451588, 55.696192], [12.5451737, 55.6961889], [12.5451758, 55.6961885], [12.5451886, 55.6961858], [12.5452036, 55.6961827], [12.5452185, 55.6961796], [12.5452197, 55.6961794], [12.5452334, 55.6961765], [12.5452483, 55.6961735], [12.5452633, 55.6961704], [12.5452782, 55.6961673], [12.5452931, 55.6961642], [12.5453081, 55.6961611], [12.545323, 55.696158], [12.5453379, 55.6961549], [12.5453528, 55.6961518], [12.5453678, 55.6961487], [12.5453827, 55.6961456], [12.5453976, 55.6961425], [12.5454125, 55.6961394], [12.5454274, 55.6961362], [12.5454424, 55.6961331], [12.5454573, 55.69613], [12.5454722, 55.6961269], [12.5454871, 55.6961238], [12.545502, 55.6961206], [12.5455169, 55.6961175], [12.5455318, 55.6961144], [12.5455467, 55.6961112], [12.5455616, 55.6961081], [12.5455765, 55.6961049], [12.5455914, 55.6961018], [12.5456063, 55.6960986], [12.5456211, 55.6960954], [12.545636, 55.6960922], [12.5456509, 55.6960891], [12.5456658, 55.6960859], [12.5456806, 55.6960827], [12.5456955, 55.6960795], [12.5457103, 55.6960763], [12.5457252, 55.6960731], [12.54574, 55.6960698], [12.5457549, 55.6960666], [12.5457697, 55.6960634], [12.5457845, 55.6960601], [12.5457993, 55.6960569], [12.5458142, 55.6960536], [12.545829, 55.6960503], [12.5458438, 55.696047], [12.5458586, 55.6960437], [12.5458734, 55.6960404], [12.5458881, 55.6960371], [12.5459029, 55.6960338], [12.5459177, 55.6960305], [12.5459324, 55.6960271], [12.5459472, 55.6960238], [12.5459619, 55.6960204], [12.5459767, 55.6960171], [12.5459914, 55.6960137], [12.5460061, 55.6960103], [12.5460209, 55.6960069], [12.5460356, 55.6960035], [12.5460503, 55.696], [12.5460649, 55.6959966], [12.5460796, 55.6959931], [12.5460943, 55.6959897], [12.546109, 55.6959862], [12.5461236, 55.6959827], [12.5461382, 55.6959792], [12.5461529, 55.6959757], [12.5461675, 55.6959721], [12.5461821, 55.6959686], [12.5461967, 55.695965], [12.5462113, 55.6959614], [12.5462259, 55.6959578], [12.5462404, 55.6959542], [12.546255, 55.6959506], [12.5462695, 55.695947], [12.5462841, 55.6959433], [12.5462986, 55.6959397], [12.5463131, 55.695936], [12.5463276, 55.6959323], [12.5463421, 55.6959286], [12.5463565, 55.6959248], [12.546371, 55.6959211], [12.5463854, 55.6959173], [12.5463998, 55.6959136], [12.5464143, 55.6959098], [12.5464286, 55.6959059], [12.546443, 55.6959021], [12.5464574, 55.6958983], [12.5464718, 55.6958944], [12.5464861, 55.6958905], [12.5465004, 55.6958866], [12.5465147, 55.6958827], [12.546529, 55.6958787], [12.5465433, 55.6958748], [12.5465575, 55.6958708], [12.5465718, 55.6958668], [12.546586, 55.6958628], [12.5466002, 55.6958587], [12.5466144, 55.6958547], [12.5466286, 55.6958506], [12.5466427, 55.6958465], [12.5466568, 55.6958424], [12.546671, 55.6958382], [12.5466851, 55.6958341], [12.5466991, 55.6958299], [12.5467132, 55.6958257], [12.5467272, 55.6958215], [12.5467412, 55.6958172], [12.5467552, 55.695813], [12.5467692, 55.6958087], [12.5467832, 55.6958044], [12.5467971, 55.6958], [12.546811, 55.6957957], [12.5468249, 55.6957913], [12.5468387, 55.6957869], [12.5468526, 55.6957825], [12.5468664, 55.695778], [12.5468802, 55.6957736], [12.546894, 55.6957691], [12.5469077, 55.6957646], [12.5469214, 55.69576], [12.5469351, 55.6957555], [12.5469488, 55.6957509], [12.5469625, 55.6957463], [12.5469761, 55.6957416], [12.5469897, 55.695737], [12.5470032, 55.6957323], [12.5470168, 55.6957276], [12.5470303, 55.6957229], [12.5470438, 55.6957181], [12.5470573, 55.6957133], [12.5470707, 55.6957085], [12.5470841, 55.6957037], [12.5470975, 55.6956988], [12.5471108, 55.6956939], [12.5471241, 55.695689], [12.5471374, 55.6956841], [12.5471507, 55.6956791], [12.5471639, 55.6956741], [12.5471771, 55.6956691], [12.5471902, 55.6956641], [12.5472033, 55.695659], [12.5472164, 55.6956539], [12.5472295, 55.6956488], [12.5472425, 55.6956436], [12.5472555, 55.6956384], [12.5472685, 55.6956332], [12.5472814, 55.695628], [12.5472943, 55.6956227], [12.5473071, 55.6956174], [12.54732, 55.6956121], [12.5473327, 55.6956068], [12.5473455, 55.6956014], [12.5473582, 55.695596], [12.5473709, 55.6955906], [12.5473835, 55.6955851], [12.5473961, 55.6955796], [12.5474086, 55.6955741], [12.5474212, 55.6955686], [12.5474336, 55.695563], [12.5474461, 55.6955574], [12.5474584, 55.6955518], [12.5474708, 55.6955461], [12.5474831, 55.6955404], [12.5474954, 55.6955347], [12.5475038, 55.6955308], [12.5475076, 55.695529], [12.5475198, 55.6955232], [12.5475319, 55.6955174], [12.547544, 55.6955115], [12.547556, 55.6955057], [12.547568, 55.6954998], [12.54758, 55.6954939], [12.5475919, 55.6954879], [12.5476038, 55.6954819], [12.5476156, 55.6954759], [12.5476274, 55.6954699], [12.5476391, 55.6954638], [12.5476508, 55.6954577], [12.5476625, 55.6954516], [12.547674, 55.6954455], [12.5476856, 55.6954393], [12.5476971, 55.6954331], [12.5477086, 55.6954269], [12.54772, 55.6954206], [12.5477313, 55.6954143], [12.5477426, 55.695408], [12.5477539, 55.6954017], [12.5477651, 55.6953953], [12.5477763, 55.6953889], [12.5477874, 55.6953825], [12.5477985, 55.6953761], [12.5478095, 55.6953696], [12.5478205, 55.6953631], [12.5478314, 55.6953566], [12.5478423, 55.69535], [12.5478531, 55.6953434], [12.5478639, 55.6953368], [12.5478746, 55.6953302], [12.5478853, 55.6953235], [12.5478959, 55.6953169], [12.5479065, 55.6953102], [12.5479171, 55.6953034], [12.5479275, 55.6952967], [12.547938, 55.6952899], [12.5479483, 55.6952831], [12.5479587, 55.6952762], [12.5479689, 55.6952694], [12.5479792, 55.6952625], [12.5479893, 55.6952556], [12.5479994, 55.6952487], [12.5480095, 55.6952417], [12.5480195, 55.6952347], [12.5480295, 55.6952277], [12.5480394, 55.6952207], [12.5480492, 55.6952137], [12.548059, 55.6952066], [12.5480688, 55.6951995], [12.5480785, 55.6951924], [12.5480881, 55.6951852], [12.5480977, 55.6951781], [12.5481072, 55.6951709], [12.5481167, 55.6951637], [12.5481261, 55.6951564], [12.5481355, 55.6951492], [12.5481448, 55.6951419], [12.5481541, 55.6951346], [12.5481633, 55.6951273], [12.5481724, 55.6951199], [12.5481815, 55.6951126], [12.5481906, 55.6951052], [12.5481996, 55.6950978], [12.5482085, 55.6950903], [12.5482173, 55.6950829], [12.5482262, 55.6950754], [12.5482349, 55.6950679], [12.5482436, 55.6950604], [12.5482523, 55.6950528], [12.5482609, 55.6950453], [12.5482694, 55.6950377], [12.5482779, 55.6950301], [12.5482863, 55.6950225], [12.5482946, 55.6950148], [12.5483029, 55.6950072], [12.5483112, 55.6949995], [12.5483194, 55.6949918], [12.5483275, 55.6949841], [12.5483356, 55.6949763], [12.5483436, 55.6949686], [12.5483515, 55.6949608], [12.5483594, 55.694953], [12.5483673, 55.6949452], [12.548375, 55.6949374], [12.5483828, 55.6949295], [12.5483904, 55.6949216], [12.548398, 55.6949137], [12.5484056, 55.6949058], [12.548413, 55.6948979], [12.5484205, 55.69489], [12.5484278, 55.694882], [12.5484351, 55.694874], [12.5484424, 55.694866], [12.5484495, 55.694858], [12.5484567, 55.69485], [12.5484637, 55.6948419], [12.5484707, 55.6948339], [12.5484777, 55.6948258], [12.5484845, 55.6948177], [12.5484914, 55.6948096], [12.5484981, 55.6948014], [12.5485048, 55.6947933], [12.5485114, 55.6947851], [12.548518, 55.6947769], [12.5485245, 55.6947688], [12.548531, 55.6947605], [12.5485374, 55.6947523], [12.5485437, 55.6947441], [12.5485499, 55.6947358], [12.5485561, 55.6947275], [12.5485623, 55.6947193], [12.5485684, 55.694711], [12.5485744, 55.6947026], [12.5485803, 55.6946943], [12.5485862, 55.694686], [12.548592, 55.6946776], [12.5485978, 55.6946692], [12.5486035, 55.6946609], [12.5486091, 55.6946525], [12.5486147, 55.694644], [12.5486202, 55.6946356], [12.5486256, 55.6946272], [12.548631, 55.6946187], [12.5486363, 55.6946103], [12.5486416, 55.6946018], [12.5486468, 55.6945933], [12.5486519, 55.6945848], [12.548657, 55.6945763], [12.548662, 55.6945678], [12.5486669, 55.6945592], [12.5486718, 55.6945507], [12.5486766, 55.6945421], [12.5486813, 55.6945335], [12.548686, 55.6945249], [12.5486906, 55.6945163], [12.5486952, 55.6945077], [12.5486996, 55.6944991], [12.5487041, 55.6944905], [12.5487084, 55.6944819], [12.5487127, 55.6944732], [12.5487169, 55.6944645], [12.5487211, 55.6944559], [12.5487252, 55.6944472], [12.5487292, 55.6944385], [12.5487331, 55.6944298], [12.548737, 55.6944211], [12.5487409, 55.6944124], [12.5487446, 55.6944037], [12.5487483, 55.6943949], [12.548752, 55.6943862], [12.5487555, 55.6943774], [12.548759, 55.6943687], [12.5487625, 55.6943599], [12.5487658, 55.6943511], [12.5487691, 55.6943423], [12.5487724, 55.6943335], [12.5487755, 55.6943247], [12.5487786, 55.6943159], [12.5487817, 55.6943071], [12.5487847, 55.6942983], [12.5487876, 55.6942895], [12.5487904, 55.6942806], [12.5487932, 55.6942718], [12.5487948, 55.6942664], [12.5487959, 55.6942629], [12.5487985, 55.6942541], [12.5488011, 55.6942452], [12.5488036, 55.6942363], [12.548806, 55.6942275], [12.5488084, 55.6942186], [12.5488108, 55.6942097], [12.548813, 55.6942008], [12.5488153, 55.6941919], [12.5488174, 55.694183], [12.5488195, 55.6941741], [12.5488216, 55.6941652], [12.5488236, 55.6941563], [12.5488255, 55.6941474], [12.5488274, 55.6941385], [12.5488293, 55.6941295], [12.5488311, 55.6941206], [12.5488329, 55.6941117], [12.5488346, 55.6941028], [12.5488363, 55.6940938], [12.5488379, 55.6940849], [12.5488395, 55.694076], [12.5488411, 55.694067], [12.5488426, 55.6940581], [12.5488441, 55.6940491], [12.5488456, 55.6940402], [12.548847, 55.6940313], [12.5488484, 55.6940223], [12.5488498, 55.6940134], [12.5488511, 55.6940044], [12.5488524, 55.6939955], [12.5488537, 55.6939865], [12.548855, 55.6939776], [12.5488562, 55.6939686], [12.5488575, 55.6939596], [12.5488587, 55.6939507], [12.5488599, 55.6939417], [12.548861, 55.6939328], [12.5488622, 55.6939238], [12.5488634, 55.6939149], [12.5488645, 55.6939059], [12.5488656, 55.6938969], [12.5488667, 55.693888], [12.5488678, 55.693879], [12.5488689, 55.6938701], [12.54887, 55.6938611], [12.5488711, 55.6938521], [12.5488722, 55.6938432], [12.5488728, 55.6938381], [12.5488733, 55.6938342], [12.5488744, 55.6938253], [12.5488755, 55.6938163], [12.5488766, 55.6938073], [12.5488777, 55.6937984], [12.5488788, 55.6937894], [12.5488798, 55.6937805], [12.5488809, 55.6937715], [12.548882, 55.6937625], [12.5488831, 55.6937536], [12.5488842, 55.6937446], [12.5488853, 55.6937356], [12.5488864, 55.6937267], [12.5488875, 55.6937177], [12.5488886, 55.6937088], [12.5488896, 55.6936998], [12.5488907, 55.6936908], [12.5488918, 55.6936819], [12.5488929, 55.6936729], [12.548894, 55.693664], [12.5488951, 55.693655], [12.5488962, 55.693646], [12.5488973, 55.6936371], [12.5488984, 55.6936281], [12.5488994, 55.6936192], [12.5489005, 55.6936102], [12.5489016, 55.6936012], [12.5489027, 55.6935923], [12.5489038, 55.6935833], [12.5489049, 55.6935744], [12.548906, 55.6935654], [12.5489071, 55.6935564], [12.5489082, 55.6935475], [12.5489093, 55.6935385], [12.5489103, 55.6935296], [12.5489114, 55.6935206], [12.5489125, 55.6935116], [12.5489136, 55.6935027], [12.5489147, 55.6934937], [12.5489158, 55.6934847], [12.5489169, 55.6934758], [12.548918, 55.6934668], [12.5489191, 55.6934579], [12.5489201, 55.6934489], [12.5489212, 55.6934399], [12.5489223, 55.693431], [12.5489234, 55.693422], [12.5489245, 55.6934131], [12.5489256, 55.6934041], [12.5489267, 55.6933951], [12.5489278, 55.6933862], [12.5489289, 55.6933772], [12.5489299, 55.6933683], [12.548931, 55.6933593], [12.5489321, 55.6933503], [12.5489332, 55.6933414], [12.5489343, 55.6933324], [12.5489354, 55.6933235], [12.5489365, 55.6933145], [12.5489376, 55.6933055], [12.5489387, 55.6932966], [12.5489397, 55.6932876], [12.5489408, 55.6932787], [12.5489419, 55.6932697], [12.548943, 55.6932607], [12.5489441, 55.6932518], [12.5489452, 55.6932428], [12.5489463, 55.6932338], [12.5489474, 55.6932249], [12.5489485, 55.6932159], [12.5489496, 55.693207], [12.5489506, 55.693198], [12.5489517, 55.693189], [12.5489528, 55.6931801], [12.5489539, 55.6931711], [12.548955, 55.6931622], [12.5489561, 55.6931532], [12.5489572, 55.6931442], [12.5489583, 55.6931353], [12.5489594, 55.6931263], [12.5489604, 55.6931174], [12.5489615, 55.6931084], [12.5489623, 55.6931017], [12.5489626, 55.6930994], [12.5489637, 55.6930905], [12.5489648, 55.6930815], [12.5489659, 55.6930726], [12.5489669, 55.6930636], [12.548968, 55.6930546], [12.5489691, 55.6930457], [12.5489701, 55.6930367], [12.5489711, 55.6930277], [12.5489721, 55.6930188], [12.5489731, 55.6930098], [12.548974, 55.6930008], [12.5489749, 55.6929919], [12.5489758, 55.6929829], [12.5489767, 55.6929739], [12.5489775, 55.692965], [12.5489783, 55.692956], [12.5489791, 55.692947], [12.5489798, 55.6929381], [12.5489804, 55.6929291], [12.5489811, 55.6929201], [12.5489816, 55.6929111], [12.5489821, 55.6929022], [12.5489826, 55.6928932], [12.548983, 55.6928842], [12.5489834, 55.6928752], [12.5489836, 55.6928662], [12.5489839, 55.6928573], [12.548984, 55.6928483], [12.5489841, 55.6928393], [12.5489841, 55.6928333], [12.5489841, 55.6928303], [12.5489841, 55.6928213], [12.5489839, 55.6928124], [12.5489837, 55.6928034], [12.5489835, 55.6927944], [12.5489831, 55.6927854], [12.5489827, 55.6927764], [12.5489822, 55.6927675], [12.5489816, 55.6927585], [12.548981, 55.6927495], [12.5489803, 55.6927405], [12.5489795, 55.6927316], [12.5489787, 55.6927226], [12.5489777, 55.6927136], [12.5489767, 55.6927047], [12.5489757, 55.6926957], [12.5489745, 55.6926867], [12.5489733, 55.6926778], [12.548972, 55.6926688], [12.5489707, 55.6926599], [12.5489692, 55.6926509], [12.5489677, 55.692642], [12.5489661, 55.6926331], [12.5489645, 55.6926241], [12.5489628, 55.6926152], [12.548961, 55.6926063], [12.5489591, 55.6925974], [12.5489572, 55.6925884], [12.5489552, 55.6925795], [12.5489531, 55.6925706], [12.5489509, 55.6925617], [12.5489487, 55.6925528], [12.5489464, 55.6925439], [12.548944, 55.6925351], [12.5489416, 55.6925262], [12.5489391, 55.6925173], [12.5489365, 55.6925085], [12.5489339, 55.6924996], [12.5489311, 55.6924908], [12.5489283, 55.6924819], [12.5489255, 55.6924731], [12.5489225, 55.6924642], [12.5489195, 55.6924554], [12.5489164, 55.6924466], [12.5489133, 55.6924378], [12.54891, 55.692429], [12.5489067, 55.6924202], [12.5489034, 55.6924115], [12.5488999, 55.6924027], [12.5488964, 55.6923939], [12.5488928, 55.6923852], [12.5488892, 55.6923764], [12.5488855, 55.6923677], [12.5488817, 55.692359], [12.5488778, 55.6923503], [12.5488739, 55.6923416], [12.5488699, 55.6923329], [12.5488658, 55.6923242], [12.5488617, 55.6923155], [12.5488575, 55.6923069], [12.5488532, 55.6922982], [12.5488488, 55.6922896], [12.5488444, 55.6922809], [12.5488399, 55.6922723], [12.5488353, 55.6922637], [12.5488307, 55.6922551], [12.548826, 55.6922465], [12.5488212, 55.692238], [12.5488164, 55.6922294], [12.5488115, 55.6922209], [12.5488065, 55.6922123], [12.5488015, 55.6922038], [12.5487964, 55.6921953], [12.5487912, 55.6921868], [12.5487859, 55.6921784], [12.5487806, 55.6921699], [12.5487752, 55.6921614], [12.5487698, 55.692153], [12.5487642, 55.6921446], [12.5487586, 55.6921362], [12.548753, 55.6921278], [12.5487472, 55.6921194], [12.5487415, 55.692111], [12.5487356, 55.6921027], [12.5487297, 55.6920944], [12.5487237, 55.692086], [12.5487176, 55.6920777], [12.5487115, 55.6920694], [12.5487053, 55.6920612], [12.548699, 55.6920529], [12.5486927, 55.6920447], [12.5486863, 55.6920365], [12.5486798, 55.6920283], [12.5486733, 55.6920201], [12.5486667, 55.6920119], [12.54866, 55.6920037], [12.5486533, 55.6919956], [12.5486465, 55.6919875], [12.5486396, 55.6919794], [12.5486327, 55.6919713], [12.5486257, 55.6919632], [12.5486186, 55.6919552], [12.5486115, 55.6919471], [12.5486043, 55.6919391], [12.5485971, 55.6919311], [12.5485898, 55.6919232], [12.5485824, 55.6919152], [12.5485749, 55.6919073], [12.5485674, 55.6918994], [12.5485599, 55.6918915], [12.5485522, 55.6918836], [12.5485445, 55.6918757], [12.5485368, 55.6918679], [12.5485289, 55.6918601], [12.5485211, 55.6918523], [12.5485131, 55.6918445], [12.5485051, 55.6918367], [12.548497, 55.691829], [12.5484889, 55.6918213], [12.5484807, 55.6918136], [12.5484724, 55.6918059], [12.5484641, 55.6917983], [12.5484557, 55.6917906], [12.5484472, 55.691783], [12.5484387, 55.6917754], [12.5484302, 55.6917679], [12.5484215, 55.6917603], [12.5484128, 55.6917528], [12.5484041, 55.6917453], [12.5483953, 55.6917378], [12.5483864, 55.6917304], [12.5483775, 55.6917229], [12.5483685, 55.6917155], [12.5483594, 55.6917082], [12.5483503, 55.6917008], [12.5483411, 55.6916935], [12.5483319, 55.6916861], [12.5483226, 55.6916789], [12.5483133, 55.6916716], [12.5483127, 55.6916711], [12.5483038, 55.6916643], [12.5482944, 55.6916571], [12.5482849, 55.6916499], [12.5482753, 55.6916428], [12.5482656, 55.6916356], [12.5482559, 55.6916285], [12.5482462, 55.6916214], [12.5482364, 55.6916143], [12.5482265, 55.6916073], [12.5482166, 55.6916003], [12.5482067, 55.6915933], [12.5481966, 55.6915863], [12.5481866, 55.6915793], [12.5481764, 55.6915724], [12.5481663, 55.6915655], [12.5481561, 55.6915586], [12.5481458, 55.6915518], [12.5481355, 55.6915449], [12.5481251, 55.6915381], [12.5481147, 55.6915314], [12.5481042, 55.6915246], [12.5480937, 55.6915179], [12.5480831, 55.6915111], [12.5480725, 55.6915044], [12.5480619, 55.6914978], [12.5480512, 55.6914911], [12.5480404, 55.6914845], [12.5480296, 55.6914779], [12.5480188, 55.6914713], [12.5480079, 55.6914648], [12.547997, 55.6914583], [12.547986, 55.6914518], [12.547975, 55.6914453], [12.547964, 55.6914388], [12.5479529, 55.6914324], [12.5479418, 55.691426], [12.5479306, 55.6914196], [12.5479194, 55.6914132], [12.5479081, 55.6914068], [12.5478968, 55.6914005], [12.5478855, 55.6913942], [12.5478742, 55.6913879], [12.5478628, 55.6913817], [12.5478513, 55.6913754], [12.5478398, 55.6913692], [12.5478283, 55.691363], [12.5478168, 55.6913568], [12.5478052, 55.6913507], [12.5477936, 55.6913446], [12.5477819, 55.6913384], [12.5477702, 55.6913324], [12.5477585, 55.6913263], [12.5477468, 55.6913202], [12.547735, 55.6913142], [12.5477232, 55.6913082], [12.5477113, 55.6913022], [12.5476994, 55.6912962], [12.5476875, 55.6912903], [12.5476756, 55.6912844], [12.5476636, 55.6912785], [12.5476516, 55.6912726], [12.5476396, 55.6912667], [12.5476275, 55.6912608], [12.5476154, 55.691255], [12.5476033, 55.6912492], [12.5475911, 55.6912434], [12.547579, 55.6912376], [12.5475668, 55.6912319], [12.5475545, 55.6912261], [12.5475423, 55.6912204], [12.54753, 55.6912147], [12.5475177, 55.691209], [12.5475053, 55.6912034], [12.547493, 55.6911977], [12.5474806, 55.6911921], [12.5474682, 55.6911865], [12.5474557, 55.6911809], [12.5474433, 55.6911753], [12.5474308, 55.6911697], [12.5474183, 55.6911642], [12.5474058, 55.6911586], [12.5473932, 55.6911531], [12.5473807, 55.6911476], [12.5473681, 55.6911421], [12.5473554, 55.6911367], [12.5473428, 55.6911312], [12.5473302, 55.6911258], [12.5473175, 55.6911204], [12.5473048, 55.6911149], [12.5472921, 55.6911096], [12.5472793, 55.6911042], [12.5472666, 55.6910988], [12.5472538, 55.6910935], [12.547241, 55.6910881], [12.5472282, 55.6910828], [12.5472154, 55.6910775], [12.5472025, 55.6910722], [12.5471897, 55.6910669], [12.5471768, 55.6910617], [12.5471639, 55.6910564], [12.547151, 55.6910512], [12.547138, 55.6910459], [12.5471251, 55.6910407], [12.5471121, 55.6910355], [12.5470992, 55.6910303], [12.5470862, 55.6910251], [12.5470732, 55.69102], [12.5470601, 55.6910148], [12.5470471, 55.6910097], [12.5470341, 55.6910045], [12.547021, 55.6909994], [12.5470079, 55.6909943], [12.5469948, 55.6909892], [12.5469818, 55.6909841], [12.5469686, 55.690979], [12.5469555, 55.690974], [12.5469424, 55.6909689], [12.5469292, 55.6909638], [12.5469161, 55.6909588], [12.5469029, 55.6909538], [12.5468897, 55.6909487], [12.5468765, 55.6909437], [12.5468634, 55.6909387], [12.5468501, 55.6909337], [12.5468369, 55.6909287], [12.5468237, 55.6909237], [12.5468105, 55.6909187], [12.5467972, 55.6909138], [12.546784, 55.6909088], [12.5467707, 55.6909039], [12.5467574, 55.6908989], [12.5467442, 55.690894], [12.5467309, 55.690889], [12.5467176, 55.6908841], [12.5467043, 55.6908792], [12.546691, 55.6908743], [12.5466777, 55.6908694], [12.5466643, 55.6908644], [12.546651, 55.6908595], [12.5466377, 55.6908546], [12.5466244, 55.6908498], [12.546611, 55.6908449], [12.5465977, 55.69084], [12.5465843, 55.6908351], [12.546571, 55.6908302], [12.5465576, 55.6908254], [12.5465442, 55.6908205], [12.5465309, 55.6908156], [12.5465175, 55.6908108], [12.5465041, 55.6908059], [12.5464907, 55.6908011], [12.5464774, 55.6907962], [12.546464, 55.6907913], [12.5464506, 55.6907865], [12.5464372, 55.6907817], [12.5464238, 55.6907768], [12.5464104, 55.690772], [12.546397, 55.6907671], [12.5463837, 55.6907623], [12.5463703, 55.6907574], [12.5463569, 55.6907526], [12.5463435, 55.6907478], [12.5463375, 55.6907456], [12.5463301, 55.6907429], [12.5463167, 55.6907381], [12.5463033, 55.6907332], [12.5462899, 55.6907284], [12.5462765, 55.6907235], [12.5462631, 55.6907187], [12.5462497, 55.6907138], [12.5462364, 55.690709], [12.546223, 55.6907041], [12.5462096, 55.6906993], [12.5461963, 55.6906944], [12.5461829, 55.6906895], [12.5461696, 55.6906846], [12.5461562, 55.6906798], [12.5461429, 55.6906749], [12.5461296, 55.69067], [12.5461163, 55.690665], [12.546103, 55.6906601], [12.5460897, 55.6906552], [12.5460764, 55.6906503], [12.5460639, 55.6906456], [12.5460631, 55.6906453], [12.5460499, 55.6906403], [12.5460366, 55.6906354], [12.5460234, 55.6906304], [12.5460102, 55.6906254], [12.545997, 55.6906204], [12.5459838, 55.6906154], [12.5459706, 55.6906103], [12.5459575, 55.6906053], [12.5459443, 55.6906002], [12.5459312, 55.6905952], [12.5459181, 55.6905901], [12.545905, 55.690585], [12.5458919, 55.6905799], [12.5458788, 55.6905748], [12.5458657, 55.6905697], [12.5458527, 55.6905646], [12.5458396, 55.6905594], [12.5458266, 55.6905543], [12.5458136, 55.6905491], [12.5458006, 55.6905439], [12.5457876, 55.6905387], [12.5457746, 55.6905336], [12.5457617, 55.6905283], [12.5457487, 55.6905231], [12.5457358, 55.6905179], [12.5457229, 55.6905127], [12.54571, 55.6905074], [12.5456971, 55.6905022], [12.5456842, 55.6904969], [12.5456714, 55.6904916], [12.5456585, 55.6904863], [12.5456457, 55.690481], [12.5456329, 55.6904757], [12.5456201, 55.6904704], [12.5456073, 55.690465], [12.5455945, 55.6904597], [12.5455817, 55.6904543], [12.545569, 55.6904489], [12.5455563, 55.6904436], [12.5455435, 55.6904382], [12.5455308, 55.6904328], [12.5455182, 55.6904274], [12.5455055, 55.6904219], [12.5454928, 55.6904165], [12.5454802, 55.6904111], [12.5454675, 55.6904056], [12.5454549, 55.6904001], [12.5454423, 55.6903947], [12.5454297, 55.6903892], [12.5454172, 55.6903837], [12.5454046, 55.6903782], [12.5453921, 55.6903726], [12.5453795, 55.6903671], [12.545367, 55.6903616], [12.5453545, 55.690356], [12.545342, 55.6903505], [12.5453295, 55.6903449], [12.5453171, 55.6903393], [12.5453047, 55.6903337], [12.5452922, 55.6903281], [12.5452798, 55.6903225], [12.5452674, 55.6903169], [12.545255, 55.6903112], [12.5452427, 55.6903056], [12.5452303, 55.6902999], [12.545218, 55.6902943], [12.5452057, 55.6902886], [12.5451933, 55.6902829], [12.5451811, 55.6902772], [12.5451688, 55.6902715], [12.5451565, 55.6902658], [12.5451443, 55.6902601], [12.545132, 55.6902543], [12.5451198, 55.6902486], [12.5451076, 55.6902428], [12.5450954, 55.690237], [12.5450833, 55.6902313], [12.5450711, 55.6902255], [12.545059, 55.6902197], [12.5450469, 55.6902139], [12.5450347, 55.690208], [12.5450227, 55.6902022], [12.5450106, 55.6901964], [12.5449985, 55.6901905], [12.5449865, 55.6901846], [12.5449744, 55.6901788], [12.5449624, 55.6901729], [12.5449504, 55.690167], [12.5449384, 55.6901611], [12.5449265, 55.6901552], [12.5449145, 55.6901493], [12.5449026, 55.6901433], [12.5448907, 55.6901374], [12.5448787, 55.6901314], [12.5448669, 55.6901255], [12.544855, 55.6901195], [12.5448431, 55.6901135], [12.5448313, 55.6901075], [12.5448195, 55.6901015], [12.5448076, 55.6900955], [12.5447959, 55.6900895], [12.5447841, 55.6900834], [12.5447723, 55.6900774], [12.5447606, 55.6900713], [12.5447488, 55.6900653], [12.5447371, 55.6900592], [12.5447254, 55.6900531], [12.5447137, 55.690047], [12.5447021, 55.6900409], [12.5446904, 55.6900348], [12.5446788, 55.6900287], [12.5446672, 55.6900226], [12.5446556, 55.6900164], [12.544644, 55.6900103], [12.5446324, 55.6900041], [12.5446209, 55.6899979], [12.5446093, 55.6899917], [12.5445978, 55.6899856], [12.5445863, 55.6899793], [12.5445748, 55.6899731], [12.5445634, 55.6899669], [12.5445519, 55.6899607], [12.5445405, 55.6899544], [12.544529, 55.6899482], [12.5445176, 55.6899419], [12.5445063, 55.6899357], [12.5444949, 55.6899294], [12.5444835, 55.6899231], [12.5444722, 55.6899168], [12.5444609, 55.6899105], [12.5444496, 55.6899042], [12.5444383, 55.6898979], [12.544427, 55.6898915], [12.5444158, 55.6898852], [12.5444045, 55.6898788], [12.5443933, 55.6898725], [12.5443821, 55.6898661], [12.5443709, 55.6898597], [12.5443597, 55.6898533], [12.5443486, 55.6898469], [12.5443375, 55.6898405], [12.5443263, 55.6898341], [12.5443152, 55.6898276], [12.5443042, 55.6898212], [12.5442931, 55.6898148], [12.544282, 55.6898083], [12.544271, 55.6898018], [12.54426, 55.6897953], [12.544249, 55.6897889], [12.544238, 55.6897824], [12.544227, 55.6897759], [12.5442161, 55.6897693], [12.5442052, 55.6897628], [12.5441943, 55.6897563], [12.5441834, 55.6897497], [12.5441725, 55.6897432], [12.5441616, 55.6897366], [12.5441508, 55.6897301], [12.54414, 55.6897235], [12.5441292, 55.6897169], [12.5441184, 55.6897103], [12.5441076, 55.6897037], [12.5440968, 55.6896971], [12.5440861, 55.6896905], [12.5440754, 55.6896838], [12.5440647, 55.6896772], [12.544054, 55.6896705], [12.5440433, 55.6896639], [12.5440327, 55.6896572], [12.544022, 55.6896505], [12.5440114, 55.6896438], [12.5440008, 55.6896371], [12.5439903, 55.6896304], [12.5439797, 55.6896237], [12.5439691, 55.689617], [12.5439586, 55.6896103], [12.5439481, 55.6896035], [12.5439376, 55.6895968], [12.5439272, 55.68959], [12.5439167, 55.6895832], [12.5439063, 55.6895765], [12.5438958, 55.6895697], [12.5438854, 55.6895629], [12.5438751, 55.6895561], [12.5438647, 55.6895493], [12.5438544, 55.6895424], [12.543844, 55.6895356], [12.5438337, 55.6895288], [12.5438234, 55.6895219], [12.5438132, 55.6895151], [12.5438029, 55.6895082], [12.5437927, 55.6895013], [12.5437824, 55.6894945], [12.5437722, 55.6894876], [12.5437621, 55.6894807], [12.5437519, 55.6894738], [12.5437418, 55.6894668], [12.5437316, 55.6894599], [12.5437215, 55.689453], [12.5437114, 55.689446], [12.5437014, 55.6894391], [12.5436913, 55.6894321], [12.5436813, 55.6894252], [12.5436713, 55.6894182], [12.5436613, 55.6894112], [12.5436513, 55.6894042], [12.5436413, 55.6893972], [12.5436314, 55.6893902], [12.5436215, 55.6893832], [12.5436115, 55.6893762], [12.5436017, 55.6893691], [12.5435918, 55.6893621], [12.5435819, 55.689355], [12.5435721, 55.689348], [12.5435623, 55.6893409], [12.5435525, 55.6893338], [12.5435427, 55.6893268], [12.543533, 55.6893197], [12.5435232, 55.6893126], [12.5435135, 55.6893054], [12.5435038, 55.6892983], [12.5434941, 55.6892912], [12.5434845, 55.6892841], [12.5434748, 55.6892769], [12.5434652, 55.6892698], [12.5434556, 55.6892626], [12.543446, 55.6892555], [12.5434365, 55.6892483], [12.5434269, 55.6892411], [12.5434174, 55.6892339], [12.5434079, 55.6892267], [12.5433984, 55.6892195], [12.5433889, 55.6892123], [12.5433795, 55.6892051], [12.54337, 55.6891978], [12.5433606, 55.6891906], [12.5433512, 55.6891833], [12.5433419, 55.6891761], [12.5433325, 55.6891688], [12.5433232, 55.6891616], [12.5433138, 55.6891543], [12.5433045, 55.689147], [12.5432953, 55.6891397], [12.543286, 55.6891324], [12.5432768, 55.6891251], [12.5432675, 55.6891178], [12.5432583, 55.6891105], [12.5432492, 55.6891031], [12.54324, 55.6890958], [12.5432309, 55.6890884], [12.5432217, 55.6890811], [12.5432126, 55.6890737], [12.5432035, 55.6890663], [12.5431945, 55.689059], [12.5431854, 55.6890516], [12.5431764, 55.6890442], [12.5431674, 55.6890368], [12.5431584, 55.6890294], [12.5431495, 55.6890219], [12.5431405, 55.6890145], [12.543134, 55.6890091], [12.5431316, 55.6890071], [12.5431227, 55.6889996], [12.5431138, 55.6889922], [12.5431049, 55.6889847], [12.5430961, 55.6889773], [12.5430872, 55.6889698], [12.5430784, 55.6889623], [12.5430696, 55.6889549], [12.5430608, 55.6889474], [12.543052, 55.6889399], [12.5430433, 55.6889324], [12.5430345, 55.6889249], [12.5430258, 55.6889174], [12.5430171, 55.6889099], [12.5430084, 55.6889024], [12.5429997, 55.6888948], [12.542991, 55.6888873], [12.5429823, 55.6888798], [12.5429737, 55.6888723], [12.542965, 55.6888647], [12.5429564, 55.6888572], [12.5429477, 55.6888496], [12.5429391, 55.6888421], [12.5429305, 55.6888346], [12.5429218, 55.688827], [12.5429132, 55.6888195], [12.5429046, 55.6888119], [12.542896, 55.6888044], [12.5428874, 55.6887968], [12.5428788, 55.6887893], [12.5428702, 55.6887817], [12.5428616, 55.6887741], [12.542853, 55.6887666], [12.5428464, 55.6887608], [12.5428444, 55.688759], [12.5428358, 55.6887515], [12.5428272, 55.6887439], [12.5428186, 55.6887364], [12.5428101, 55.6887288], [12.5428015, 55.6887212], [12.5427929, 55.6887137], [12.5427843, 55.6887061], [12.5427757, 55.6886986], [12.5427671, 55.688691], [12.5427585, 55.6886835], [12.5427499, 55.6886759], [12.5427413, 55.6886683], [12.5427327, 55.6886608], [12.5427241, 55.6886532], [12.5427155, 55.6886457], [12.5427069, 55.6886381], [12.5426983, 55.6886306], [12.5426897, 55.688623], [12.5426811, 55.6886155], [12.5426725, 55.6886079], [12.5426639, 55.6886003], [12.5426554, 55.6885928], [12.5426468, 55.6885852], [12.5426382, 55.6885777], [12.5426296, 55.6885701], [12.542621, 55.6885626], [12.5426124, 55.688555], [12.5426038, 55.6885474], [12.5425952, 55.6885399], [12.5425866, 55.6885323], [12.542578, 55.6885248], [12.5425694, 55.6885172], [12.5425608, 55.6885097], [12.5425522, 55.6885021], [12.5425436, 55.6884945], [12.542535, 55.688487], [12.5425264, 55.6884794], [12.5425178, 55.6884719], [12.5425092, 55.6884643], [12.5425007, 55.6884568], [12.5424921, 55.6884492], [12.5424835, 55.6884416], [12.5424749, 55.6884341], [12.5424663, 55.6884265], [12.5424577, 55.688419], [12.5424491, 55.6884114], [12.5424405, 55.6884039], [12.5424319, 55.6883963], [12.5424233, 55.6883888], [12.5424147, 55.6883812], [12.5424061, 55.6883736], [12.5423975, 55.6883661], [12.5423889, 55.6883585], [12.5423803, 55.688351], [12.5423717, 55.6883434], [12.5423631, 55.6883359], [12.5423546, 55.6883283], [12.542346, 55.6883207], [12.5423374, 55.6883132], [12.5423288, 55.6883056], [12.5423202, 55.6882981], [12.5423116, 55.6882905], [12.542303, 55.688283], [12.5422944, 55.6882754], [12.5422858, 55.6882678], [12.5422772, 55.6882603], [12.5422686, 55.6882527], [12.54226, 55.6882452], [12.5422514, 55.6882376], [12.5422428, 55.6882301], [12.5422342, 55.6882225], [12.5422256, 55.6882149], [12.542217, 55.6882074], [12.5422084, 55.6881998], [12.5421999, 55.6881923], [12.5421913, 55.6881847], [12.5421827, 55.6881772], [12.5421741, 55.6881696], [12.5421655, 55.6881621], [12.5421569, 55.6881545], [12.5421483, 55.6881469], [12.5421468, 55.6881456], [12.5421397, 55.6881394], [12.5421311, 55.6881318], [12.5421225, 55.6881243], [12.5421139, 55.6881167], [12.5421053, 55.6881092], [12.5420967, 55.6881016], [12.542088, 55.6880941], [12.5420794, 55.6880865], [12.5420707, 55.688079], [12.542062, 55.6880715], [12.5420533, 55.688064], [12.5420446, 55.6880565], [12.5420359, 55.688049], [12.5420271, 55.6880415], [12.5420183, 55.688034], [12.5420095, 55.6880265], [12.5420006, 55.6880191], [12.5419917, 55.6880116], [12.5419828, 55.6880042], [12.5419738, 55.6879968], [12.5419648, 55.6879894], [12.5419558, 55.687982], [12.5419467, 55.6879746], [12.5419375, 55.6879673], [12.5419283, 55.6879599], [12.5419191, 55.6879526], [12.5419098, 55.6879453], [12.5419005, 55.687938], [12.5418911, 55.6879308], [12.5418817, 55.6879236], [12.5418722, 55.6879164], [12.5418626, 55.6879092], [12.541853, 55.687902], [12.5418452, 55.6878963], [12.5418433, 55.6878949], [12.5418336, 55.6878878], [12.5418238, 55.6878807], [12.5418139, 55.6878737], [12.541804, 55.6878667], [12.541794, 55.6878597], [12.5417839, 55.6878528], [12.5417738, 55.6878458], [12.5417636, 55.6878389], [12.5417533, 55.6878321], [12.541743, 55.6878252], [12.5417327, 55.6878184], [12.5417222, 55.6878116], [12.5417118, 55.6878049], [12.5417012, 55.6877982], [12.5416906, 55.6877915], [12.5416799, 55.6877848], [12.5416692, 55.6877782], [12.5416584, 55.6877716], [12.5416476, 55.687765], [12.5416366, 55.6877585], [12.5416257, 55.687752], [12.5416147, 55.6877455], [12.5416036, 55.6877391], [12.5415924, 55.6877327], [12.5415812, 55.6877263], [12.54157, 55.6877199], [12.5415587, 55.6877136], [12.5415473, 55.6877074], [12.5415359, 55.6877011], [12.5415244, 55.6876949], [12.5415129, 55.6876887], [12.5415013, 55.6876826], [12.5414896, 55.6876764], [12.5414779, 55.6876704], [12.5414662, 55.6876643], [12.5414544, 55.6876583], [12.5414425, 55.6876523], [12.5414306, 55.6876464], [12.5414186, 55.6876405], [12.5414066, 55.6876346], [12.5413945, 55.6876287], [12.5413824, 55.6876229], [12.5413702, 55.6876172], [12.541358, 55.6876114], [12.5413457, 55.6876057], [12.5413334, 55.6876], [12.541321, 55.6875944], [12.5413086, 55.6875888], [12.5412961, 55.6875832], [12.5412836, 55.6875777], [12.541271, 55.6875722], [12.5412583, 55.6875668], [12.5412457, 55.6875614], [12.5412329, 55.687556], [12.5412202, 55.6875506], [12.5412073, 55.6875453], [12.5411945, 55.68754], [12.5411815, 55.6875348], [12.5411686, 55.6875296], [12.5411556, 55.6875244], [12.5411425, 55.6875193], [12.5411294, 55.6875142], [12.5411163, 55.6875092], [12.5411031, 55.6875042], [12.5410898, 55.6874992], [12.5410765, 55.6874943], [12.5410632, 55.6874894], [12.5410498, 55.6874845], [12.5410364, 55.6874797], [12.541023, 55.6874749], [12.5410095, 55.6874702], [12.5409959, 55.6874655], [12.5409823, 55.6874608], [12.5409687, 55.6874562], [12.540955, 55.6874516], [12.5409413, 55.687447], [12.5409276, 55.6874425], [12.5409138, 55.687438], [12.5409, 55.6874336], [12.5408861, 55.6874292], [12.5408722, 55.6874249], [12.5408582, 55.6874206], [12.5408443, 55.6874163], [12.5408302, 55.687412], [12.5408162, 55.6874079], [12.5408021, 55.6874037], [12.5407879, 55.6873996], [12.5407738, 55.6873955], [12.5407596, 55.6873915], [12.5407453, 55.6873875], [12.540731, 55.6873836], [12.5407167, 55.6873796], [12.5407024, 55.6873758], [12.540688, 55.687372], [12.5406736, 55.6873682], [12.5406591, 55.6873644], [12.5406446, 55.6873607], [12.5406301, 55.6873571], [12.5406155, 55.6873534], [12.540601, 55.6873499], [12.5405863, 55.6873463], [12.5405717, 55.6873428], [12.540557, 55.6873394], [12.5405423, 55.687336], [12.5405276, 55.6873326], [12.5405128, 55.6873293], [12.540498, 55.687326], [12.5404832, 55.6873228], [12.5404683, 55.6873196], [12.5404534, 55.6873164], [12.5404385, 55.6873133], [12.5404236, 55.6873102], [12.5404086, 55.6873072], [12.5403936, 55.6873042], [12.5403786, 55.6873013], [12.5403635, 55.6872984], [12.5403485, 55.6872955], [12.5403334, 55.6872927], [12.5403182, 55.6872899], [12.5403031, 55.6872872], [12.5402879, 55.6872845], [12.5402727, 55.6872819], [12.5402575, 55.6872793], [12.5402422, 55.6872768], [12.540227, 55.6872743], [12.5402117, 55.6872718], [12.5401964, 55.6872694], [12.540181, 55.687267], [12.5401657, 55.6872647], [12.5401503, 55.6872624], [12.5401349, 55.6872601], [12.5401195, 55.6872579], [12.5401041, 55.6872558], [12.5400886, 55.6872537], [12.5400731, 55.6872516], [12.5400577, 55.6872496], [12.5400421, 55.6872476], [12.5400266, 55.6872457], [12.5400111, 55.6872438], [12.5399955, 55.6872419], [12.5399799, 55.6872401], [12.5399643, 55.6872384], [12.5399487, 55.6872366], [12.5399331, 55.687235], [12.5399175, 55.6872334], [12.5399018, 55.6872318], [12.5398862, 55.6872302], [12.5398705, 55.6872288], [12.5398548, 55.6872273], [12.5398391, 55.6872259], [12.5398234, 55.6872246], [12.5398076, 55.6872233], [12.5397919, 55.687222], [12.5397761, 55.6872208], [12.5397604, 55.6872196], [12.5397446, 55.6872185], [12.5397288, 55.6872174], [12.539713, 55.6872163], [12.5396972, 55.6872154], [12.5396814, 55.6872144], [12.5396656, 55.6872135], [12.5396498, 55.6872127], [12.5396339, 55.6872118], [12.5396181, 55.6872111], [12.5396022, 55.6872104], [12.5395864, 55.6872097], [12.5395705, 55.687209], [12.5395547, 55.6872085], [12.5395388, 55.6872079], [12.5395229, 55.6872074], [12.539507, 55.687207], [12.5394912, 55.6872066], [12.5394753, 55.6872062], [12.5394594, 55.6872059], [12.5394435, 55.6872056], [12.5394276, 55.6872054], [12.5394117, 55.6872052], [12.5393958, 55.6872051], [12.5393799, 55.687205], [12.539364, 55.687205], [12.5393481, 55.687205], [12.5393322, 55.687205], [12.5393163, 55.6872051], [12.5393004, 55.6872053], [12.5392845, 55.6872055], [12.5392686, 55.6872057], [12.5392527, 55.687206], [12.5392368, 55.6872063], [12.539221, 55.6872067], [12.5392051, 55.6872071], [12.5391892, 55.6872076], [12.5391733, 55.6872081], [12.5391575, 55.6872086], [12.5391416, 55.6872092], [12.5391257, 55.6872099], [12.5391099, 55.6872105], [12.539094, 55.6872113], [12.5390782, 55.6872121], [12.5390624, 55.6872129], [12.5390465, 55.6872138], [12.5390307, 55.6872147], [12.5390149, 55.6872156], [12.5389991, 55.6872166], [12.5389833, 55.6872177], [12.5389675, 55.6872188], [12.5389518, 55.6872199], [12.538936, 55.6872211], [12.5389203, 55.6872223], [12.5389045, 55.6872236], [12.5388888, 55.6872249], [12.5388731, 55.6872263], [12.5388574, 55.6872277], [12.5388417, 55.6872292], [12.538826, 55.6872307], [12.5388104, 55.6872322], [12.5387947, 55.6872338], [12.5387892, 55.6872344], [12.5387791, 55.6872354], [12.5387634, 55.6872371], [12.5387478, 55.6872388], [12.5387323, 55.6872406], [12.5387167, 55.6872424], [12.5387011, 55.6872443], [12.5386856, 55.6872462], [12.5386701, 55.6872481], [12.5386545, 55.68725], [12.538639, 55.6872521], [12.5386236, 55.6872541], [12.5386081, 55.6872562], [12.5385926, 55.6872583], [12.5385772, 55.6872605], [12.5385618, 55.6872626], [12.5385464, 55.6872649], [12.538531, 55.6872671], [12.5385156, 55.6872694], [12.5385003, 55.6872717], [12.5384849, 55.6872741], [12.5384696, 55.6872765], [12.5384543, 55.6872789], [12.538439, 55.6872813], [12.5384237, 55.6872838], [12.5384084, 55.6872863], [12.5383932, 55.6872888], [12.5383779, 55.6872914], [12.5383627, 55.687294], [12.5383475, 55.6872966], [12.5383323, 55.6872992], [12.5383171, 55.6873019], [12.5383019, 55.6873045], [12.5382867, 55.6873072], [12.5382716, 55.6873099], [12.5382564, 55.6873127], [12.5382413, 55.6873154], [12.5382262, 55.6873182], [12.5382111, 55.687321], [12.538196, 55.6873238], [12.5381809, 55.6873267], [12.5381658, 55.6873295], [12.5381508, 55.6873324], [12.5381357, 55.6873353], [12.5381207, 55.6873382], [12.5381056, 55.6873411], [12.5380906, 55.687344], [12.5380756, 55.687347], [12.5380606, 55.6873499], [12.5380455, 55.6873529], [12.5380305, 55.6873559], [12.5380156, 55.6873589], [12.5380006, 55.6873619], [12.5379856, 55.6873649], [12.5379706, 55.6873679], [12.5379556, 55.6873709], [12.5379407, 55.6873739], [12.5379257, 55.687377], [12.5379107, 55.68738], [12.5378958, 55.687383], [12.5378808, 55.6873861], [12.5378659, 55.6873892], [12.5378509, 55.6873922], [12.537836, 55.6873953], [12.537821, 55.6873983], [12.5378061, 55.6874014], [12.5377942, 55.6874038], [12.5377911, 55.6874045], [12.5377762, 55.6874075], [12.5377612, 55.6874106], [12.5377463, 55.6874136], [12.5377313, 55.6874167], [12.5377164, 55.6874198], [12.5377014, 55.6874228], [12.5376865, 55.6874259], [12.5376715, 55.6874289], [12.5376566, 55.6874319], [12.5376416, 55.687435], [12.5376266, 55.687438], [12.5376117, 55.687441], [12.5375967, 55.687444], [12.5375817, 55.687447], [12.5375667, 55.68745], [12.5375517, 55.687453], [12.5375367, 55.687456], [12.5375217, 55.6874589], [12.5375067, 55.6874619], [12.5374916, 55.6874648], [12.5374766, 55.6874677], [12.5374616, 55.6874707], [12.5374465, 55.6874735], [12.5374315, 55.6874764], [12.5374164, 55.6874793], [12.5374013, 55.6874821], [12.5373862, 55.687485], [12.5373711, 55.6874878], [12.537356, 55.6874906], [12.5373409, 55.6874933], [12.5373257, 55.6874961], [12.5373106, 55.6874988], [12.5372954, 55.6875015], [12.5372803, 55.6875042], [12.5372651, 55.6875069], [12.5372499, 55.6875095], [12.5372347, 55.6875122], [12.5372195, 55.6875147], [12.5372042, 55.6875173], [12.537189, 55.6875199], [12.5371737, 55.6875224], [12.5371584, 55.6875249], [12.5371431, 55.6875273], [12.5371278, 55.6875298], [12.5371125, 55.6875322], [12.5370972, 55.6875345], [12.5370818, 55.6875369], [12.5370665, 55.6875392], [12.5370511, 55.6875415], [12.5370357, 55.6875437], [12.5370203, 55.6875459], [12.5370049, 55.6875481], [12.5369894, 55.6875502], [12.536974, 55.6875523], [12.5369585, 55.6875544], [12.536943, 55.6875564], [12.5369275, 55.6875584], [12.536912, 55.6875604], [12.5368964, 55.6875623], [12.5368809, 55.6875641], [12.5368653, 55.687566], [12.5368497, 55.6875678], [12.5368341, 55.6875695], [12.5368185, 55.6875712], [12.5368062, 55.6875725], [12.5368029, 55.6875729], [12.5367873, 55.6875745], [12.5367716, 55.6875761], [12.5367559, 55.6875776], [12.5367403, 55.6875791], [12.5367246, 55.6875805], [12.5367089, 55.6875819], [12.5366931, 55.6875833], [12.5366774, 55.6875846], [12.5366617, 55.6875858], [12.5366459, 55.687587], [12.5366302, 55.6875882], [12.5366144, 55.6875893], [12.5365986, 55.6875904], [12.5365828, 55.6875915], [12.536567, 55.6875924], [12.5365512, 55.6875934], [12.5365354, 55.6875943], [12.5365195, 55.6875951], [12.5365037, 55.687596], [12.5364879, 55.6875967], [12.536472, 55.6875974], [12.5364562, 55.6875981], [12.5364403, 55.6875988], [12.5364244, 55.6875993], [12.5364086, 55.6875999], [12.5363927, 55.6876004], [12.5363768, 55.6876008], [12.5363609, 55.6876012], [12.536345, 55.6876016], [12.5363292, 55.6876019], [12.5363133, 55.6876022], [12.5362974, 55.6876024], [12.5362815, 55.6876026], [12.5362656, 55.6876027], [12.5362497, 55.6876028], [12.5362338, 55.6876028], [12.5362179, 55.6876028], [12.536202, 55.6876028], [12.5361861, 55.6876027], [12.5361702, 55.6876026], [12.5361543, 55.6876024], [12.5361384, 55.6876022], [12.5361225, 55.6876019], [12.5361066, 55.6876016], [12.5360907, 55.6876012], [12.5360748, 55.6876008], [12.536059, 55.6876003], [12.5360431, 55.6875999], [12.5360272, 55.6875993], [12.5360113, 55.6875987], [12.5359955, 55.6875981], [12.5359796, 55.6875974], [12.5359638, 55.6875967], [12.5359479, 55.6875959], [12.5359321, 55.6875951], [12.5359163, 55.6875942], [12.5359005, 55.6875933], [12.5358847, 55.6875924], [12.5358689, 55.6875914], [12.5358531, 55.6875904], [12.5358373, 55.6875893], [12.5358215, 55.6875881], [12.5358057, 55.687587], [12.53579, 55.6875858], [12.5357742, 55.6875845], [12.5357585, 55.6875832], [12.5357428, 55.6875818], [12.5357271, 55.6875804], [12.5357114, 55.687579], [12.5356957, 55.6875775], [12.53568, 55.687576], [12.5356644, 55.6875744], [12.5356488, 55.6875728], [12.5356331, 55.6875711], [12.5356175, 55.6875694], [12.5356019, 55.6875677], [12.5355864, 55.6875659], [12.5355708, 55.687564], [12.5355552, 55.6875621], [12.5355397, 55.6875602], [12.5355242, 55.6875582], [12.5355087, 55.6875562], [12.5354932, 55.6875542], [12.5354778, 55.6875521], [12.5354623, 55.6875499], [12.5354469, 55.6875477], [12.5354315, 55.6875455], [12.5354161, 55.6875432], [12.5354008, 55.6875409], [12.5353855, 55.6875385], [12.5353701, 55.6875361], [12.5353548, 55.6875336], [12.5353396, 55.6875311], [12.5353243, 55.6875286], [12.5353091, 55.687526], [12.5352939, 55.6875234], [12.5352787, 55.6875207], [12.5352636, 55.687518], [12.5352484, 55.6875152], [12.5352333, 55.6875124], [12.5352182, 55.6875096], [12.5352032, 55.6875067], [12.5351881, 55.6875038], [12.5351731, 55.6875008], [12.5351582, 55.6874978], [12.5351432, 55.6874947], [12.5351283, 55.6874916], [12.5351134, 55.6874885], [12.5350985, 55.6874853], [12.5350837, 55.6874821], [12.5350689, 55.6874788], [12.5350541, 55.6874755], [12.5350394, 55.6874722], [12.5350246, 55.6874688], [12.5350099, 55.6874653], [12.5349953, 55.6874619], [12.5349807, 55.6874583], [12.5349661, 55.6874548], [12.5349515, 55.6874512], [12.534937, 55.6874475], [12.5349225, 55.6874438], [12.534908, 55.6874401], [12.5348936, 55.6874364], [12.5348792, 55.6874325], [12.5348648, 55.6874287], [12.5348505, 55.6874248], [12.5348362, 55.6874209], [12.5348219, 55.6874169], [12.5348077, 55.6874129], [12.5347935, 55.6874088], [12.5347793, 55.6874048], [12.5347652, 55.6874006], [12.5347511, 55.6873964], [12.5347371, 55.6873922], [12.5347231, 55.687388], [12.5347091, 55.6873837], [12.5346952, 55.6873794], [12.5346813, 55.687375], [12.5346675, 55.6873706], [12.5346536, 55.6873661], [12.5346399, 55.6873616], [12.5346261, 55.6873571], [12.5346124, 55.6873525], [12.5345988, 55.6873479], [12.5345852, 55.6873433], [12.5345716, 55.6873386], [12.5345581, 55.6873339], [12.5345446, 55.6873291], [12.5345312, 55.6873243], [12.5345178, 55.6873195], [12.5345044, 55.6873146], [12.5344911, 55.6873097], [12.5344778, 55.6873048], [12.5344646, 55.6872998], [12.5344514, 55.6872947], [12.5344383, 55.6872897], [12.5344252, 55.6872846], [12.5344122, 55.6872795], [12.5343992, 55.6872743], [12.5343862, 55.6872691], [12.5343733, 55.6872638], [12.5343605, 55.6872585], [12.5343477, 55.6872532], [12.5343349, 55.6872479], [12.5343222, 55.6872425], [12.5343095, 55.687237], [12.5342969, 55.6872316], [12.5342843, 55.6872261], [12.5342718, 55.6872205], [12.5342593, 55.687215], [12.5342469, 55.6872094], [12.5342346, 55.6872037], [12.5342222, 55.687198], [12.53421, 55.6871923], [12.5341978, 55.6871866], [12.5341856, 55.6871808], [12.5341735, 55.687175], [12.5341614, 55.6871691], [12.5341494, 55.6871632], [12.5341374, 55.6871573], [12.5341255, 55.6871514], [12.5341137, 55.6871454], [12.5341019, 55.6871394], [12.5340901, 55.6871333], [12.5340784, 55.6871272], [12.5340668, 55.6871211], [12.5340552, 55.6871149], [12.5340437, 55.6871088], [12.5340322, 55.6871025], [12.5340208, 55.6870963], [12.5340095, 55.68709], [12.5339981, 55.6870837], [12.5339869, 55.6870773], [12.5339757, 55.687071], [12.5339646, 55.6870645], [12.5339535, 55.6870581], [12.5339425, 55.6870516], [12.5339315, 55.6870451], [12.5339206, 55.6870386], [12.5339098, 55.687032], [12.533899, 55.6870254], [12.5338883, 55.6870188], [12.5338776, 55.6870121], [12.533867, 55.6870054], [12.5338564, 55.6869987], [12.5338459, 55.686992], [12.5338355, 55.6869852], [12.5338251, 55.6869784], [12.5338148, 55.6869715], [12.5338046, 55.6869647], [12.5337944, 55.6869578], [12.5337843, 55.6869509], [12.5337742, 55.6869439], [12.5337642, 55.6869369], [12.5337543, 55.6869299], [12.5337444, 55.6869229], [12.5337346, 55.6869158], [12.5337248, 55.6869087], [12.5337152, 55.6869016], [12.5337055, 55.6868944], [12.533696, 55.6868873], [12.5336865, 55.6868801], [12.533677, 55.6868728], [12.5336677, 55.6868656], [12.5336584, 55.6868583], [12.5336491, 55.686851], [12.53364, 55.6868436], [12.5336309, 55.6868363], [12.5336218, 55.6868289], [12.5336129, 55.6868215], [12.5336039, 55.686814], [12.5335951, 55.6868066], [12.5335863, 55.6867991], [12.5335776, 55.6867916], [12.533569, 55.686784], [12.5335604, 55.6867764], [12.5335519, 55.6867689], [12.5335435, 55.6867612], [12.5335351, 55.6867536], [12.5335268, 55.686746], [12.5335186, 55.6867383], [12.5335111, 55.6867312], [12.5335104, 55.6867306], [12.5335023, 55.6867228], [12.5334943, 55.6867151], [12.5334863, 55.6867073], [12.5334784, 55.6866995], [12.5334706, 55.6866917], [12.5334628, 55.6866839], [12.5334551, 55.686676], [12.5334474, 55.6866681], [12.5334398, 55.6866602], [12.5334323, 55.6866523], [12.5334248, 55.6866444], [12.5334174, 55.6866365], [12.53341, 55.6866285], [12.5334027, 55.6866205], [12.5333954, 55.6866126], [12.5333882, 55.6866046], [12.533381, 55.6865965], [12.5333738, 55.6865885], [12.5333667, 55.6865805], [12.5333597, 55.6865724], [12.5333527, 55.6865644], [12.5333457, 55.6865563], [12.5333388, 55.6865482], [12.5333319, 55.6865401], [12.533325, 55.686532], [12.5333182, 55.6865239], [12.5333114, 55.6865158], [12.5333046, 55.6865077], [12.5332979, 55.6864995], [12.5332912, 55.6864914], [12.5332845, 55.6864832], [12.5332778, 55.6864751], [12.5332712, 55.6864669], [12.5332646, 55.6864588], [12.533258, 55.6864506], [12.5332514, 55.6864424], [12.5332448, 55.6864342], [12.5332383, 55.686426], [12.5332317, 55.6864179], [12.5332252, 55.6864097], [12.5332187, 55.6864015], [12.5332122, 55.6863933], [12.5332057, 55.6863851], [12.5331992, 55.6863769], [12.5331927, 55.6863687], [12.5331862, 55.6863605], [12.5331836, 55.6863572], [12.5331797, 55.6863523], [12.5331732, 55.6863441], [12.5331667, 55.6863359], [12.5331603, 55.6863277], [12.5331538, 55.6863195], [12.5331473, 55.6863113], [12.5331408, 55.6863031], [12.5331343, 55.6862949], [12.5331278, 55.6862867], [12.5331213, 55.6862785], [12.5331148, 55.6862703], [12.5331083, 55.6862621], [12.5331019, 55.6862539], [12.5330954, 55.6862457], [12.5330889, 55.6862375], [12.5330824, 55.6862293], [12.5330759, 55.6862211], [12.5330694, 55.6862129], [12.5330629, 55.6862047], [12.5330564, 55.6861965], [12.53305, 55.6861883], [12.5330435, 55.6861801], [12.533037, 55.6861719], [12.5330305, 55.6861637], [12.533024, 55.6861555], [12.5330175, 55.6861473], [12.533011, 55.6861391], [12.5330045, 55.6861309], [12.532998, 55.6861227], [12.5329916, 55.6861145], [12.5329851, 55.6861063], [12.5329786, 55.6860981], [12.5329721, 55.6860899], [12.5329656, 55.6860817], [12.5329591, 55.6860735], [12.5329526, 55.6860653], [12.5329461, 55.6860571], [12.5329397, 55.6860489], [12.5329332, 55.6860407], [12.5329267, 55.6860325], [12.5329202, 55.6860243], [12.5329137, 55.6860161], [12.5329072, 55.6860079], [12.5329007, 55.6859997], [12.5328942, 55.6859915], [12.5328878, 55.6859833], [12.5328813, 55.6859751], [12.5328748, 55.6859669], [12.5328683, 55.6859587], [12.5328618, 55.6859505], [12.5328553, 55.6859423], [12.5328488, 55.6859341], [12.5328423, 55.6859259], [12.5328358, 55.6859177], [12.5328294, 55.6859095], [12.5328229, 55.6859013], [12.5328164, 55.6858931], [12.5328099, 55.6858849], [12.5328034, 55.6858767], [12.5327969, 55.6858685], [12.5327904, 55.6858603], [12.5327839, 55.6858521], [12.5327775, 55.6858439], [12.532771, 55.6858357], [12.5327645, 55.6858275], [12.532758, 55.6858193], [12.5327515, 55.6858111], [12.532745, 55.6858029], [12.5327385, 55.6857947], [12.532732, 55.6857865], [12.5327255, 55.6857783], [12.5327191, 55.6857701], [12.5327126, 55.6857619], [12.5327061, 55.6857537], [12.5326996, 55.6857455], [12.5326931, 55.6857373], [12.5326866, 55.6857291], [12.5326801, 55.6857209], [12.5326736, 55.6857127], [12.5326672, 55.6857045], [12.5326607, 55.6856963], [12.5326565, 55.685691], [12.5326542, 55.6856881], [12.5326477, 55.6856799], [12.5326412, 55.6856717], [12.5326347, 55.6856635], [12.5326282, 55.6856553], [12.5326218, 55.6856471], [12.5326153, 55.6856389], [12.5326088, 55.6856307], [12.5326024, 55.6856225], [12.5325959, 55.6856143], [12.5325895, 55.685606], [12.5325831, 55.6855978], [12.5325767, 55.6855896], [12.5325703, 55.6855814], [12.5325639, 55.6855732], [12.5325575, 55.6855649], [12.5325512, 55.6855567], [12.5325448, 55.6855485], [12.5325385, 55.6855402], [12.5325322, 55.685532], [12.532526, 55.6855237], [12.5325197, 55.6855155], [12.5325135, 55.6855072], [12.5325073, 55.6854989], [12.5325011, 55.6854906], [12.532495, 55.6854824], [12.5324888, 55.6854741], [12.5324827, 55.6854658], [12.5324767, 55.6854575], [12.5324706, 55.6854492], [12.5324646, 55.6854408], [12.5324587, 55.6854325], [12.5324527, 55.6854242], [12.5324469, 55.6854158], [12.532441, 55.6854075], [12.5324352, 55.6853991], [12.5324294, 55.6853908], [12.5324237, 55.6853824], [12.532418, 55.685374], [12.5324123, 55.6853656], [12.5324067, 55.6853572], [12.5324011, 55.6853488], [12.5323963, 55.6853414], [12.5323956, 55.6853404], [12.5323901, 55.6853319], [12.5323847, 55.6853235], [12.5323793, 55.685315], [12.532374, 55.6853066], [12.5323687, 55.6852981], [12.5323635, 55.6852896], [12.5323583, 55.6852811], [12.5323531, 55.6852726], [12.5323481, 55.6852641], [12.532343, 55.6852556], [12.532338, 55.6852471], [12.5323331, 55.6852386], [12.5323282, 55.68523], [12.5323233, 55.6852215], [12.5323185, 55.6852129], [12.5323137, 55.6852043], [12.532309, 55.6851957], [12.5323044, 55.6851872], [12.5322998, 55.6851786], [12.5322952, 55.68517], [12.5322907, 55.6851613], [12.5322862, 55.6851527], [12.5322818, 55.6851441], [12.5322774, 55.6851355], [12.5322731, 55.6851268], [12.5322688, 55.6851182], [12.5322646, 55.6851095], [12.5322604, 55.6851008], [12.5322563, 55.6850922], [12.5322522, 55.6850835], [12.5322482, 55.6850748], [12.5322442, 55.6850661], [12.5322403, 55.6850574], [12.5322364, 55.6850487], [12.5322325, 55.68504], [12.5322287, 55.6850313], [12.532225, 55.6850225], [12.5322213, 55.6850138], [12.5322177, 55.685005], [12.5322141, 55.6849963], [12.5322105, 55.6849875], [12.5322071, 55.6849788], [12.5322036, 55.68497], [12.5322002, 55.6849612], [12.5321969, 55.6849525], [12.5321936, 55.6849437], [12.5321903, 55.6849349], [12.5321871, 55.6849261], [12.532184, 55.6849173], [12.5321809, 55.6849085], [12.5321778, 55.6848996], [12.5321748, 55.6848908], [12.5321719, 55.684882], [12.532169, 55.6848732], [12.5321661, 55.6848643], [12.5321633, 55.6848555], [12.5321606, 55.6848466], [12.5321579, 55.6848378], [12.5321552, 55.6848289], [12.5321526, 55.6848201], [12.5321501, 55.6848112], [12.5321476, 55.6848023], [12.5321451, 55.6847935], [12.5321427, 55.6847846], [12.5321404, 55.6847757], [12.5321381, 55.6847668], [12.5321358, 55.6847579], [12.5321336, 55.684749], [12.5321314, 55.6847401], [12.5321293, 55.6847312], [12.5321273, 55.6847223], [12.5321253, 55.6847134], [12.5321233, 55.6847045], [12.5321214, 55.6846956], [12.5321196, 55.6846867], [12.5321178, 55.6846777], [12.532116, 55.6846688], [12.5321143, 55.6846599], [12.5321126, 55.684651], [12.532111, 55.684642], [12.5321095, 55.6846331], [12.532108, 55.6846241], [12.5321065, 55.6846152], [12.5321065, 55.684615], [12.5321051, 55.6846062], [12.5321038, 55.6845973], [12.5321025, 55.6845883], [12.5321012, 55.6845794], [12.5321, 55.6845704], [12.5320988, 55.6845615], [12.5320977, 55.6845525], [12.5320967, 55.6845436], [12.5320956, 55.6845346], [12.5320947, 55.6845256], [12.5320937, 55.6845167], [12.5320929, 55.6845077], [12.532092, 55.6844987], [12.5320912, 55.6844898], [12.5320905, 55.6844808], [12.5320898, 55.6844718], [12.5320891, 55.6844628], [12.5320885, 55.6844539], [12.5320879, 55.6844449], [12.5320874, 55.6844359], [12.5320869, 55.6844269], [12.5320865, 55.6844179], [12.5320861, 55.684409], [12.5320857, 55.6844], [12.5320854, 55.684391], [12.5320851, 55.684382], [12.5320848, 55.684373], [12.5320846, 55.6843641], [12.5320844, 55.6843551], [12.5320843, 55.6843461], [12.5320842, 55.6843371], [12.5320841, 55.6843281], [12.5320841, 55.6843192], [12.5320841, 55.6843102], [12.5320841, 55.6843012], [12.5320842, 55.6842922], [12.5320843, 55.6842832], [12.5320845, 55.6842743], [12.5320846, 55.6842653], [12.5320848, 55.6842563], [12.5320851, 55.6842473], [12.5320854, 55.6842383], [12.5320857, 55.6842293], [12.532086, 55.6842204], [12.5320864, 55.6842114], [12.5320868, 55.6842024], [12.5320872, 55.6841934], [12.5320877, 55.6841845], [12.5320881, 55.6841755], [12.5320887, 55.6841665], [12.5320892, 55.6841575], [12.5320898, 55.6841485], [12.5320904, 55.6841396], [12.532091, 55.6841306], [12.5320916, 55.6841216], [12.5320923, 55.6841126], [12.532093, 55.6841037], [12.5320937, 55.6840947], [12.5320945, 55.6840857], [12.5320953, 55.6840768], [12.5320961, 55.6840678], [12.5320969, 55.6840588], [12.5320977, 55.6840499], [12.5320986, 55.6840409], [12.5320995, 55.6840319], [12.5321004, 55.6840229], [12.5321013, 55.684014], [12.5321022, 55.684005], [12.5321032, 55.683996], [12.5321042, 55.6839871], [12.5321052, 55.6839781], [12.5321062, 55.6839692], [12.5321073, 55.6839602], [12.5321083, 55.6839512], [12.5321094, 55.6839423], [12.5321105, 55.6839333], [12.5321116, 55.6839244], [12.5321127, 55.6839154], [12.5321139, 55.6839064], [12.532115, 55.6838975], [12.5321162, 55.6838885], [12.5321174, 55.6838796], [12.5321186, 55.6838706], [12.5321198, 55.6838617], [12.532121, 55.6838527], [12.5321223, 55.6838437], [12.5321235, 55.6838348], [12.5321248, 55.6838258], [12.5321261, 55.6838169], [12.5321273, 55.6838079], [12.5321286, 55.683799], [12.5321299, 55.68379], [12.5321312, 55.6837811], [12.5321326, 55.6837721], [12.5321339, 55.6837632], [12.5321352, 55.6837542], [12.5321366, 55.6837453], [12.5321379, 55.6837363], [12.5321393, 55.6837274], [12.5321406, 55.6837184], [12.532142, 55.6837095], [12.5321434, 55.6837005], [12.5321447, 55.6836916], [12.5321461, 55.6836826], [12.5321475, 55.6836737], [12.5321489, 55.6836647], [12.5321503, 55.6836558], [12.5321517, 55.6836468], [12.5321531, 55.6836379], [12.5321545, 55.6836289], [12.5321559, 55.68362], [12.5321573, 55.6836111], [12.5321577, 55.6836081], [12.5321587, 55.6836021], [12.5321595, 55.6835965], [12.5321601, 55.6835932], [12.5321614, 55.6835842], [12.5321628, 55.6835753], [12.5321642, 55.6835663], [12.5321656, 55.6835574], [12.532167, 55.6835484], [12.5321684, 55.6835395], [12.5321697, 55.6835305], [12.5321711, 55.6835216], [12.5321725, 55.6835126], [12.5321738, 55.6835037], [12.5321752, 55.6834947], [12.5321766, 55.6834858], [12.5321779, 55.6834768], [12.5321793, 55.6834679], [12.5321806, 55.6834589], [12.532182, 55.68345], [12.5321833, 55.683441], [12.5321846, 55.6834321], [12.532186, 55.6834231], [12.5321873, 55.6834142], [12.5321886, 55.6834052], [12.53219, 55.6833963], [12.5321913, 55.6833873], [12.5321926, 55.6833784], [12.5321939, 55.6833694], [12.5321952, 55.6833605], [12.5321966, 55.6833515], [12.5321979, 55.6833426], [12.5321992, 55.6833336], [12.5322005, 55.6833247], [12.5322018, 55.6833157], [12.5322031, 55.6833068], [12.5322044, 55.6832978], [12.5322056, 55.6832889], [12.5322069, 55.6832799], [12.5322082, 55.683271], [12.5322095, 55.683262], [12.5322108, 55.6832531], [12.532212, 55.6832441], [12.5322133, 55.6832351], [12.5322146, 55.6832262], [12.5322158, 55.6832172], [12.5322171, 55.6832083], [12.5322184, 55.6831993], [12.5322196, 55.6831904], [12.5322209, 55.6831814], [12.5322221, 55.6831725], [12.5322233, 55.6831635], [12.5322246, 55.6831546], [12.5322258, 55.6831456], [12.5322271, 55.6831367], [12.5322283, 55.6831277], [12.5322295, 55.6831187], [12.5322307, 55.6831098], [12.532232, 55.6831008], [12.5322332, 55.6830919], [12.5322344, 55.6830829], [12.5322356, 55.683074], [12.5322368, 55.683065], [12.532238, 55.6830561], [12.5322392, 55.6830471], [12.5322404, 55.6830381], [12.5322416, 55.6830292], [12.5322428, 55.6830202], [12.532244, 55.6830113], [12.5322452, 55.6830023], [12.5322464, 55.6829934], [12.5322476, 55.6829844], [12.5322487, 55.6829754], [12.5322499, 55.6829665], [12.5322511, 55.6829575], [12.5322522, 55.6829486], [12.5322534, 55.6829396], [12.5322546, 55.6829307], [12.5322557, 55.6829217], [12.5322569, 55.6829127], [12.532258, 55.6829038], [12.5322592, 55.6828948], [12.5322603, 55.6828859], [12.5322615, 55.6828769], [12.5322626, 55.682868], [12.5322638, 55.682859], [12.5322649, 55.68285], [12.532266, 55.6828411], [12.5322671, 55.6828321], [12.5322683, 55.6828232], [12.5322694, 55.6828142], [12.5322705, 55.6828052], [12.5322716, 55.6827963], [12.5322727, 55.6827873], [12.5322738, 55.6827784], [12.5322749, 55.6827694], [12.532276, 55.6827604], [12.5322771, 55.6827515], [12.5322782, 55.6827425], [12.5322793, 55.6827336], [12.5322804, 55.6827246], [12.5322815, 55.6827156], [12.5322826, 55.6827067], [12.5322837, 55.6826977], [12.5322847, 55.6826887], [12.5322858, 55.6826798], [12.5322869, 55.6826708], [12.5322879, 55.6826619], [12.532289, 55.6826529], [12.5322901, 55.6826439], [12.5322911, 55.682635], [12.5322922, 55.682626], [12.5322932, 55.6826171], [12.5322943, 55.6826081], [12.5322953, 55.6825991], [12.5322964, 55.6825902], [12.5322974, 55.6825812], [12.5322984, 55.6825722], [12.5322995, 55.6825633], [12.5323005, 55.6825543], [12.5323015, 55.6825454], [12.5323025, 55.6825364], [12.5323036, 55.6825274], [12.5323046, 55.6825185], [12.5323056, 55.6825095], [12.5323066, 55.6825005], [12.5323076, 55.6824916], [12.5323086, 55.6824826], [12.5323096, 55.6824736], [12.5323106, 55.6824647], [12.5323116, 55.6824557], [12.5323126, 55.6824468], [12.5323136, 55.6824378], [12.5323145, 55.6824288], [12.5323155, 55.6824199], [12.5323165, 55.6824109], [12.5323175, 55.6824019], [12.5323185, 55.682393], [12.5323194, 55.682384], [12.5323204, 55.682375], [12.5323213, 55.6823661], [12.5323223, 55.6823571], [12.5323233, 55.6823481], [12.5323242, 55.6823392], [12.5323252, 55.6823302], [12.5323261, 55.6823212], [12.532327, 55.6823123], [12.532328, 55.6823033], [12.5323289, 55.6822943], [12.5323299, 55.6822854], [12.5323308, 55.6822764], [12.5323317, 55.6822674], [12.5323326, 55.6822585], [12.5323336, 55.6822495], [12.5323345, 55.6822405], [12.5323354, 55.6822316], [12.5323363, 55.6822226], [12.5323372, 55.6822136], [12.5323381, 55.6822047], [12.532339, 55.6821957], [12.5323399, 55.6821867], [12.5323408, 55.6821778], [12.5323417, 55.6821688], [12.5323426, 55.6821598], [12.5323435, 55.6821509], [12.5323443, 55.6821419], [12.5323452, 55.6821329], [12.5323461, 55.682124], [12.532347, 55.682115], [12.5323478, 55.682106], [12.5323487, 55.6820971], [12.5323496, 55.6820881], [12.5323504, 55.6820791], [12.5323513, 55.6820702], [12.5323521, 55.6820612], [12.532353, 55.6820522], [12.5323538, 55.6820432], [12.5323547, 55.6820343], [12.5323555, 55.6820253], [12.5323564, 55.6820163], [12.5323572, 55.6820074], [12.532358, 55.6819984], [12.5323589, 55.6819894], [12.5323597, 55.6819805], [12.5323605, 55.6819715], [12.5323613, 55.6819625], [12.5323621, 55.6819535], [12.5323629, 55.6819446], [12.5323638, 55.6819356], [12.5323646, 55.6819266], [12.5323654, 55.6819177], [12.5323662, 55.6819087], [12.532367, 55.6818997], [12.5323678, 55.6818908], [12.5323685, 55.6818818], [12.5323693, 55.6818728], [12.5323701, 55.6818638], [12.5323709, 55.6818549], [12.5323717, 55.6818459], [12.5323724, 55.6818369], [12.5323732, 55.681828], [12.532374, 55.681819], [12.5323747, 55.68181], [12.5323755, 55.681801], [12.5323763, 55.6817921], [12.532377, 55.6817831], [12.5323778, 55.6817741], [12.5323785, 55.6817652], [12.5323793, 55.6817562], [12.53238, 55.6817472], [12.5323807, 55.6817382], [12.5323815, 55.6817293], [12.5323822, 55.6817203], [12.5323829, 55.6817113], [12.5323837, 55.6817024], [12.5323844, 55.6816934], [12.5323851, 55.6816844], [12.5323858, 55.6816754], [12.5323865, 55.6816665], [12.5323873, 55.6816575], [12.532388, 55.6816485], [12.5323887, 55.6816395], [12.5323894, 55.6816306], [12.5323901, 55.6816216], [12.5323908, 55.6816126], [12.5323914, 55.6816036], [12.5323921, 55.6815947], [12.5323928, 55.6815857], [12.5323935, 55.6815767], [12.5323942, 55.6815678], [12.5323949, 55.6815588], [12.5323955, 55.6815498], [12.5323962, 55.6815408], [12.5323969, 55.6815319], [12.5323975, 55.6815229], [12.5323982, 55.6815139], [12.5323988, 55.6815049], [12.5323995, 55.681496], [12.5324001, 55.681487], [12.5324008, 55.681478], [12.5324014, 55.681469], [12.5324021, 55.6814601], [12.5324027, 55.6814511], [12.5324033, 55.6814421], [12.532404, 55.6814331], [12.5324046, 55.6814242], [12.5324052, 55.6814152], [12.5324058, 55.6814062], [12.5324065, 55.6813972], [12.5324068, 55.6813917], [12.5324071, 55.6813883], [12.5324077, 55.6813793], [12.5324083, 55.6813703], [12.5324089, 55.6813613], [12.5324094, 55.6813524], [12.53241, 55.6813434], [12.5324105, 55.6813344], [12.532411, 55.6813254], [12.5324116, 55.6813165], [12.5324121, 55.6813075], [12.5324125, 55.6812985], [12.532413, 55.6812895], [12.5324135, 55.6812805], [12.5324139, 55.6812716], [12.5324144, 55.6812626], [12.5324148, 55.6812536], [12.5324152, 55.6812446], [12.5324156, 55.6812357], [12.532416, 55.6812267], [12.5324164, 55.6812177], [12.5324167, 55.6812087], [12.5324171, 55.6811997], [12.5324174, 55.6811908], [12.5324178, 55.6811818], [12.5324181, 55.6811728], [12.5324184, 55.6811638], [12.5324187, 55.6811548], [12.5324189, 55.6811459], [12.5324192, 55.6811369], [12.5324195, 55.6811279], [12.5324197, 55.6811189], [12.5324199, 55.6811112], [12.5324199, 55.6811099], [12.5324201, 55.681101], [12.5324204, 55.681092], [12.5324206, 55.681083], [12.5324208, 55.681074], [12.532421, 55.681065], [12.5324212, 55.681056], [12.5324215, 55.6810471], [12.5324217, 55.6810381], [12.5324219, 55.6810291], [12.5324221, 55.6810201], [12.5324223, 55.6810111], [12.5324225, 55.6810022], [12.5324228, 55.6809932], [12.532423, 55.6809842], [12.5324232, 55.6809752], [12.5324234, 55.6809662], [12.5324236, 55.6809573], [12.5324239, 55.6809483], [12.5324241, 55.6809393], [12.5324243, 55.6809303], [12.5324245, 55.6809213], [12.5324247, 55.6809124], [12.532425, 55.6809034], [12.5324252, 55.6808944], [12.5324254, 55.6808854], [12.5324256, 55.6808764], [12.5324258, 55.6808674], [12.5324261, 55.6808585], [12.5324263, 55.6808495], [12.5324265, 55.6808405], [12.5324267, 55.6808315], [12.5324269, 55.6808225], [12.5324272, 55.6808136], [12.5324274, 55.6808046], [12.5324276, 55.6807956], [12.5324278, 55.6807866], [12.532428, 55.6807776], [12.5324283, 55.6807687], [12.5324285, 55.6807597], [12.5324287, 55.6807507], [12.5324289, 55.6807417], [12.5324291, 55.6807327], [12.5324294, 55.6807238], [12.5324296, 55.6807148], [12.5324298, 55.6807058], [12.53243, 55.6806968], [12.5324302, 55.6806878], [12.5324305, 55.6806788], [12.5324307, 55.6806699], [12.5324309, 55.6806609], [12.5324311, 55.6806519], [12.5324313, 55.6806429], [12.5324316, 55.6806339], [12.5324318, 55.680625], [12.532432, 55.680616], [12.5324322, 55.680607], [12.5324324, 55.680598], [12.5324327, 55.680589], [12.5324329, 55.6805801], [12.5324331, 55.6805711], [12.5324333, 55.6805621], [12.5324335, 55.6805531], [12.5324338, 55.6805441], [12.532434, 55.6805352], [12.5324342, 55.6805262], [12.5324344, 55.6805172], [12.5324346, 55.6805082], [12.5324349, 55.6804992], [12.5324351, 55.6804902], [12.5324353, 55.6804813], [12.5324355, 55.6804723], [12.5324357, 55.6804633], [12.532436, 55.6804543], [12.5324362, 55.6804453], [12.5324364, 55.6804364], [12.5324366, 55.6804274], [12.5324368, 55.6804184], [12.5324371, 55.6804094], [12.5324373, 55.6804004], [12.5324375, 55.6803915], [12.5324377, 55.6803825], [12.5324379, 55.6803735], [12.5324382, 55.6803645], [12.5324384, 55.6803555], [12.5324386, 55.6803466], [12.5324388, 55.6803376], [12.532439, 55.6803286], [12.5324391, 55.6803275], [12.5324393, 55.6803196], [12.5324395, 55.6803106], [12.5324397, 55.6803016], [12.5324399, 55.6802927], [12.5324401, 55.6802837], [12.5324404, 55.6802747], [12.5324406, 55.6802657], [12.5324408, 55.6802567], [12.5324411, 55.6802478], [12.5324413, 55.6802388], [12.5324415, 55.6802298], [12.5324418, 55.6802208], [12.532442, 55.6802118], [12.5324423, 55.6802029], [12.5324426, 55.6801939], [12.5324428, 55.6801849], [12.5324431, 55.6801759], [12.5324434, 55.6801669], [12.5324437, 55.680158], [12.532444, 55.680149], [12.5324443, 55.68014], [12.5324446, 55.680131], [12.5324449, 55.680122], [12.5324453, 55.6801131], [12.5324456, 55.6801041], [12.5324459, 55.6800951], [12.5324463, 55.6800861], [12.5324467, 55.6800771], [12.5324471, 55.6800682], [12.5324475, 55.6800592], [12.5324479, 55.6800502], [12.5324483, 55.6800412], [12.5324487, 55.6800322], [12.5324492, 55.6800233], [12.5324497, 55.6800143], [12.5324501, 55.6800053], [12.5324506, 55.6799963], [12.5324511, 55.6799874], [12.5324517, 55.6799784], [12.5324522, 55.6799694], [12.5324528, 55.6799604], [12.5324533, 55.6799514], [12.5324539, 55.6799425], [12.5324545, 55.6799335], [12.5324552, 55.6799245], [12.5324558, 55.6799155], [12.5324565, 55.6799066], [12.5324572, 55.6798976], [12.5324579, 55.6798886], [12.5324586, 55.6798797], [12.5324593, 55.6798707], [12.5324601, 55.6798617], [12.5324609, 55.6798527], [12.5324617, 55.6798438], [12.5324625, 55.6798348], [12.5324634, 55.6798258], [12.5324643, 55.6798169], [12.5324652, 55.6798079], [12.5324661, 55.6797989], [12.5324671, 55.67979], [12.532468, 55.679781], [12.532469, 55.679772], [12.5324701, 55.6797631], [12.5324711, 55.6797541], [12.5324722, 55.6797451], [12.5324733, 55.6797362], [12.5324744, 55.6797272], [12.5324756, 55.6797183], [12.5324768, 55.6797093], [12.532478, 55.6797004], [12.5324792, 55.6796914], [12.5324805, 55.6796825], [12.5324818, 55.6796735], [12.5324831, 55.6796646], [12.5324845, 55.6796556], [12.5324859, 55.6796467], [12.5324873, 55.6796377], [12.5324888, 55.6796288], [12.5324903, 55.6796198], [12.5324918, 55.6796109], [12.5324934, 55.6796019], [12.532495, 55.679593], [12.5324966, 55.6795841], [12.5324982, 55.6795751], [12.5324999, 55.6795662], [12.5325017, 55.6795573], [12.5325034, 55.6795484], [12.5325052, 55.6795394], [12.5325071, 55.6795305], [12.5325089, 55.6795216], [12.5325108, 55.6795127], [12.5325128, 55.6795038], [12.5325148, 55.6794948], [12.5325168, 55.6794859], [12.5325188, 55.679477], [12.5325209, 55.6794684], [12.5325209, 55.6794681], [12.5325231, 55.6794592], [12.5325253, 55.6794503], [12.5325275, 55.6794414], [12.5325297, 55.6794325], [12.532532, 55.6794237], [12.5325344, 55.6794148], [12.5325367, 55.6794059], [12.5325392, 55.679397], [12.5325416, 55.6793881], [12.5325441, 55.6793793], [12.5325466, 55.6793704], [12.5325492, 55.6793615], [12.5325518, 55.6793527], [12.5325545, 55.6793438], [12.5325572, 55.679335], [12.5325599, 55.6793261], [12.5325627, 55.6793173], [12.5325655, 55.6793084], [12.5325683, 55.6792996], [12.5325712, 55.6792908], [12.5325741, 55.6792819], [12.5325771, 55.6792731], [12.5325801, 55.6792643], [12.5325831, 55.6792555], [12.5325862, 55.6792467], [12.5325893, 55.6792379], [12.5325925, 55.6792291], [12.5325957, 55.6792203], [12.5325989, 55.6792115], [12.5326022, 55.6792027], [12.5326055, 55.6791939], [12.5326088, 55.6791851], [12.5326122, 55.6791763], [12.5326157, 55.6791676], [12.5326191, 55.6791588], [12.5326226, 55.67915], [12.5326262, 55.6791413], [12.5326298, 55.6791325], [12.5326334, 55.6791238], [12.5326371, 55.679115], [12.5326408, 55.6791063], [12.5326445, 55.6790976], [12.5326483, 55.6790889], [12.5326521, 55.6790801], [12.532656, 55.6790714], [12.5326598, 55.6790627], [12.5326638, 55.679054], [12.5326678, 55.6790453], [12.5326718, 55.6790366], [12.5326758, 55.6790279], [12.5326799, 55.6790193], [12.532684, 55.6790106], [12.5326882, 55.6790019], [12.5326924, 55.6789933], [12.5326966, 55.6789846], [12.5327009, 55.678976], [12.5327052, 55.6789673], [12.5327096, 55.6789587], [12.532714, 55.67895], [12.5327184, 55.6789414], [12.5327229, 55.6789328], [12.5327274, 55.6789242], [12.5327319, 55.6789156], [12.5327365, 55.678907], [12.5327411, 55.6788984], [12.5327458, 55.6788898], [12.5327505, 55.6788812], [12.5327552, 55.6788726], [12.53276, 55.6788641], [12.5327648, 55.6788555], [12.5327696, 55.678847], [12.5327745, 55.6788384], [12.5327795, 55.6788299], [12.5327844, 55.6788213], [12.5327894, 55.6788128], [12.5327945, 55.6788043], [12.5327995, 55.6787958], [12.5328046, 55.6787873], [12.5328098, 55.6787788], [12.532815, 55.6787703], [12.5328202, 55.6787618], [12.5328255, 55.6787533], [12.5328308, 55.6787449], [12.5328361, 55.6787364], [12.5328415, 55.6787279], [12.5328469, 55.6787195], [12.5328524, 55.6787111], [12.5328578, 55.6787026], [12.5328634, 55.6786942], [12.5328689, 55.6786858], [12.5328745, 55.6786774], [12.5328802, 55.678669], [12.5328858, 55.6786606], [12.5328915, 55.6786522], [12.5328973, 55.6786438], [12.5329031, 55.6786355], [12.5329089, 55.6786271], [12.5329148, 55.6786188], [12.5329207, 55.6786104], [12.5329266, 55.6786021], [12.5329326, 55.6785938], [12.5329386, 55.6785855], [12.5329446, 55.6785772], [12.5329507, 55.6785689], [12.5329568, 55.6785606], [12.532963, 55.6785523], [12.5329691, 55.678544], [12.5329754, 55.6785357], [12.5329816, 55.6785275], [12.5329879, 55.6785192], [12.5329943, 55.678511], [12.5330006, 55.6785028], [12.5330071, 55.6784946], [12.5330135, 55.6784863], [12.53302, 55.6784781], [12.5330265, 55.67847], [12.5330331, 55.6784618], [12.5330396, 55.6784536], [12.5330463, 55.6784454], [12.5330529, 55.6784373], [12.5330596, 55.6784291], [12.5330664, 55.678421], [12.5330731, 55.6784129], [12.5330799, 55.6784048], [12.5330868, 55.6783966], [12.5330937, 55.6783885], [12.5331006, 55.6783805], [12.5331075, 55.6783724], [12.5331145, 55.6783643], [12.5331215, 55.6783563], [12.5331286, 55.6783482], [12.5331357, 55.6783402], [12.5331428, 55.6783321], [12.53315, 55.6783241], [12.5331572, 55.6783161], [12.5331644, 55.6783081], [12.5331717, 55.6783001], [12.533179, 55.6782922], [12.5331863, 55.6782842], [12.5331937, 55.6782762], [12.5332011, 55.6782683], [12.5332085, 55.6782603], [12.533216, 55.6782524], [12.5332235, 55.6782445], [12.5332311, 55.6782366], [12.5332387, 55.6782287], [12.5332463, 55.6782208], [12.533254, 55.678213], [12.5332616, 55.6782051], [12.5332694, 55.6781972], [12.5332771, 55.6781894], [12.5332849, 55.6781816], [12.5332928, 55.6781738], [12.5333006, 55.678166], [12.5333085, 55.6781582], [12.5333164, 55.6781504], [12.5333244, 55.6781426], [12.5333324, 55.6781348], [12.5333405, 55.6781271], [12.5333485, 55.6781194], [12.5333566, 55.6781116], [12.5333648, 55.6781039], [12.5333729, 55.6780962], [12.5333811, 55.6780885], [12.5333894, 55.6780808], [12.5333977, 55.6780732], [12.533406, 55.6780655], [12.5334143, 55.6780579], [12.5334227, 55.6780502], [12.5334311, 55.6780426], [12.5334395, 55.678035], [12.533448, 55.6780274], [12.5334565, 55.6780198], [12.5334651, 55.6780122], [12.5334736, 55.6780047], [12.5334823, 55.6779971], [12.5334909, 55.6779896], [12.5334996, 55.6779821], [12.5335083, 55.6779746], [12.533517, 55.6779671], [12.5335258, 55.6779596], [12.5335346, 55.6779521], [12.5335435, 55.6779446], [12.5335523, 55.6779372], [12.5335612, 55.6779297], [12.5335702, 55.6779223], [12.5335792, 55.6779149], [12.5335882, 55.6779075], [12.5335972, 55.6779001], [12.5336063, 55.6778927], [12.5336154, 55.6778854], [12.5336245, 55.677878], [12.5336337, 55.6778707], [12.5336429, 55.6778634], [12.5336521, 55.6778561], [12.5336614, 55.6778488], [12.5336707, 55.6778415], [12.53368, 55.6778342], [12.5336894, 55.6778269], [12.5336988, 55.6778197], [12.5337082, 55.6778125], [12.5337177, 55.6778053], [12.5337272, 55.6777981], [12.5337367, 55.6777909], [12.5337463, 55.6777837], [12.5337559, 55.6777765], [12.5337655, 55.6777694], [12.5337751, 55.6777622], [12.5337848, 55.6777551], [12.5337945, 55.677748], [12.5338043, 55.6777409], [12.533814, 55.6777338], [12.5338239, 55.6777268], [12.5338337, 55.6777197], [12.5338436, 55.6777127], [12.5338535, 55.6777056], [12.5338634, 55.6776986], [12.5338734, 55.6776916], [12.5338834, 55.6776846], [12.5338934, 55.6776777], [12.5339034, 55.6776707], [12.5339135, 55.6776638], [12.5339236, 55.6776568], [12.5339338, 55.6776499], [12.533944, 55.677643], [12.5339542, 55.6776361], [12.5339644, 55.6776293], [12.5339747, 55.6776224], [12.533985, 55.6776156], [12.5339953, 55.6776088], [12.5340057, 55.6776019], [12.5340161, 55.6775951], [12.5340265, 55.6775884], [12.5340369, 55.6775816], [12.5340474, 55.6775748], [12.5340579, 55.6775681], [12.5340685, 55.6775614], [12.534079, 55.6775547], [12.5340896, 55.677548], [12.5341003, 55.6775413], [12.5341109, 55.6775346], [12.5341216, 55.677528], [12.5341323, 55.6775214], [12.5341431, 55.6775147], [12.5341539, 55.6775081], [12.5341647, 55.6775016], [12.5341755, 55.677495], [12.5341864, 55.6774884], [12.5341973, 55.6774819], [12.5342082, 55.6774754], [12.5342191, 55.6774688], [12.5342301, 55.6774624], [12.5342411, 55.6774559], [12.5342522, 55.6774494], [12.5342632, 55.677443], [12.5342743, 55.6774365], [12.5342854, 55.6774301], [12.5342966, 55.6774237], [12.5343078, 55.6774173], [12.534319, 55.677411], [12.5343302, 55.6774046], [12.5343388, 55.6773997], [12.5343415, 55.6773983], [12.5343528, 55.6773919], [12.5343641, 55.6773856], [12.5343754, 55.6773793], [12.5343868, 55.6773731], [12.5343982, 55.6773668], [12.5344096, 55.6773606], [12.5344211, 55.6773543], [12.5344326, 55.6773481], [12.5344441, 55.6773419], [12.5344556, 55.6773357], [12.5344672, 55.6773296], [12.5344787, 55.6773234], [12.5344903, 55.6773173], [12.534502, 55.6773112], [12.5345136, 55.6773051], [12.5345253, 55.677299], [12.534537, 55.6772929], [12.5345487, 55.6772868], [12.5345605, 55.6772808], [12.5345723, 55.6772747], [12.534584, 55.6772687], [12.5345959, 55.6772627], [12.5346077, 55.6772567], [12.5346196, 55.6772507], [12.5346314, 55.6772448], [12.5346434, 55.6772388], [12.5346553, 55.6772329], [12.5346672, 55.677227], [12.5346792, 55.677221], [12.5346912, 55.6772151], [12.5347032, 55.6772093], [12.5347152, 55.6772034], [12.5347273, 55.6771975], [12.5347393, 55.6771917], [12.5347514, 55.6771859], [12.5347635, 55.67718], [12.5347757, 55.6771742], [12.5347878, 55.6771684], [12.5348, 55.6771627], [12.5348122, 55.6771569], [12.5348244, 55.6771511], [12.5348366, 55.6771454], [12.5348488, 55.6771396], [12.5348611, 55.6771339], [12.5348733, 55.6771282], [12.5348856, 55.6771225], [12.5348979, 55.6771168], [12.5349102, 55.6771112], [12.5349226, 55.6771055], [12.5349349, 55.6770998], [12.5349473, 55.6770942], [12.5349597, 55.6770886], [12.5349721, 55.6770829], [12.5349845, 55.6770773], [12.5349969, 55.6770717], [12.5350094, 55.6770662], [12.5350218, 55.6770606], [12.5350343, 55.677055], [12.5350468, 55.6770495], [12.5350593, 55.6770439], [12.5350718, 55.6770384], [12.5350843, 55.6770328], [12.5350969, 55.6770273], [12.5351094, 55.6770218], [12.535122, 55.6770163], [12.5351346, 55.6770108], [12.5351472, 55.6770054], [12.5351598, 55.6769999], [12.5351724, 55.6769944], [12.535185, 55.676989], [12.5351977, 55.6769835], [12.5352103, 55.6769781], [12.535223, 55.6769727], [12.5352357, 55.6769672], [12.5352484, 55.6769618], [12.5352611, 55.6769564], [12.5352738, 55.676951], [12.5352865, 55.6769457], [12.5352992, 55.6769403], [12.535312, 55.6769349], [12.5353247, 55.6769295], [12.5353375, 55.6769242], [12.5353503, 55.6769188], [12.535363, 55.6769135], [12.5353758, 55.6769082], [12.5353886, 55.6769028], [12.5354014, 55.6768975], [12.5354142, 55.6768922], [12.5354271, 55.6768869], [12.5354399, 55.6768816], [12.5354527, 55.6768763], [12.5354656, 55.676871], [12.5354784, 55.6768657], [12.5354913, 55.6768605], [12.5355042, 55.6768552], [12.5355171, 55.6768499], [12.5355299, 55.6768447], [12.5355428, 55.6768394], [12.5355557, 55.6768342], [12.5355686, 55.6768289], [12.5355816, 55.6768237], [12.5355945, 55.6768184], [12.5356074, 55.6768132], [12.5356203, 55.676808], [12.5356333, 55.6768028], [12.5356462, 55.6767976], [12.5356592, 55.6767923], [12.5356721, 55.6767871], [12.5356851, 55.6767819], [12.535698, 55.6767767], [12.535711, 55.6767715], [12.535724, 55.6767664], [12.5357369, 55.6767612], [12.5357499, 55.676756], [12.5357629, 55.6767508], [12.5357759, 55.6767456], [12.5357889, 55.6767404], [12.5358019, 55.6767353], [12.5358149, 55.6767301], [12.5358279, 55.6767249], [12.5358409, 55.6767198], [12.5358539, 55.6767146], [12.5358669, 55.6767094], [12.5358799, 55.6767043], [12.5358929, 55.6766991], [12.5359059, 55.676694], [12.5359189, 55.6766888], [12.535932, 55.6766837], [12.535945, 55.6766785], [12.535958, 55.6766734], [12.535971, 55.6766682], [12.535984, 55.6766631], [12.5359971, 55.6766579], [12.5360101, 55.6766528], [12.5360231, 55.6766476], [12.5360362, 55.6766425], [12.5360492, 55.6766373], [12.5360604, 55.6766329], [12.5360622, 55.6766322], [12.5360752, 55.676627], [12.5360883, 55.6766219], [12.5361013, 55.6766167], [12.5361143, 55.6766116], [12.5361273, 55.6766064], [12.5361404, 55.6766013], [12.5361534, 55.6765961], [12.5361664, 55.676591], [12.5361794, 55.6765858], [12.5361924, 55.6765807], [12.5362054, 55.6765755], [12.5362184, 55.6765704], [12.5362314, 55.6765652], [12.5362444, 55.67656], [12.5362574, 55.6765548], [12.5362704, 55.6765497], [12.5362834, 55.6765445], [12.5362964, 55.6765393], [12.5363094, 55.6765341], [12.5363223, 55.6765289], [12.5363353, 55.6765237], [12.5363482, 55.6765185], [12.5363612, 55.6765133], [12.5363741, 55.6765081], [12.536387, 55.6765028], [12.5363999, 55.6764976], [12.5364129, 55.6764924], [12.5364258, 55.6764871], [12.5364386, 55.6764819], [12.5364515, 55.6764766], [12.5364644, 55.6764713], [12.5364773, 55.676466], [12.5364901, 55.6764608], [12.5365029, 55.6764555], [12.5365158, 55.6764502], [12.5365286, 55.6764448], [12.5365361, 55.6764417], [12.5365414, 55.6764395], [12.5365542, 55.6764342], [12.536567, 55.6764288], [12.5365797, 55.6764235], [12.5365925, 55.6764181], [12.5366052, 55.6764128], [12.5366179, 55.6764074], [12.5366307, 55.676402], [12.5366434, 55.6763966], [12.5366561, 55.6763912], [12.5366687, 55.6763858], [12.5366814, 55.6763803], [12.536694, 55.6763749], [12.5367067, 55.6763695], [12.5367193, 55.676364], [12.5367319, 55.6763585], [12.5367445, 55.6763531], [12.5367571, 55.6763476], [12.5367697, 55.6763421], [12.5367822, 55.6763366], [12.5367948, 55.6763311], [12.5368073, 55.6763255], [12.5368198, 55.67632], [12.5368323, 55.6763145], [12.5368448, 55.6763089], [12.5368573, 55.6763033], [12.5368698, 55.6762978], [12.5368823, 55.6762922], [12.5368947, 55.6762866], [12.5369071, 55.676281], [12.5369195, 55.6762754], [12.5369319, 55.6762698], [12.5369443, 55.6762642], [12.5369567, 55.6762585], [12.5369691, 55.6762529], [12.5369814, 55.6762472], [12.5369938, 55.6762416], [12.5370061, 55.6762359], [12.5370184, 55.6762302], [12.5370307, 55.6762245], [12.537043, 55.6762188], [12.5370552, 55.6762131], [12.5370675, 55.6762074], [12.5370797, 55.6762017], [12.537092, 55.6761959], [12.5371042, 55.6761902], [12.5371164, 55.6761844], [12.5371286, 55.6761787], [12.5371408, 55.6761729], [12.5371529, 55.6761671], [12.5371651, 55.6761613], [12.5371772, 55.6761555], [12.5371893, 55.6761497], [12.5372014, 55.6761439], [12.5372135, 55.676138], [12.5372256, 55.6761322], [12.5372377, 55.6761264], [12.5372497, 55.6761205], [12.5372618, 55.6761146], [12.5372738, 55.6761088], [12.5372858, 55.6761029], [12.5372978, 55.676097], [12.5373098, 55.6760911], [12.5373217, 55.6760852], [12.5373337, 55.6760793], [12.5373456, 55.6760733], [12.5373576, 55.6760674], [12.5373695, 55.6760615], [12.5373814, 55.6760555], [12.5373933, 55.6760495], [12.5374051, 55.6760436], [12.537417, 55.6760376], [12.5374288, 55.6760316], [12.5374407, 55.6760256], [12.5374525, 55.6760196], [12.5374643, 55.6760136], [12.5374761, 55.6760075], [12.5374878, 55.6760015], [12.5374996, 55.6759955], [12.5375113, 55.6759894], [12.5375231, 55.6759833], [12.5375348, 55.6759773], [12.5375465, 55.6759712], [12.5375582, 55.6759651], [12.5375699, 55.675959], [12.5375815, 55.6759529], [12.5375932, 55.6759468], [12.5376048, 55.6759407], [12.5376164, 55.6759345], [12.537628, 55.6759284], [12.5376396, 55.6759222], [12.5376512, 55.6759161], [12.5376627, 55.6759099], [12.5376743, 55.6759037], [12.5376858, 55.6758976], [12.5376973, 55.6758914], [12.5377088, 55.6758852], [12.5377203, 55.675879], [12.5377317, 55.6758727], [12.5377432, 55.6758665], [12.5377546, 55.6758603], [12.5377661, 55.675854], [12.5377775, 55.6758478], [12.5377889, 55.6758415], [12.5378003, 55.6758353], [12.5378116, 55.675829], [12.537823, 55.6758227], [12.5378343, 55.6758164], [12.5378456, 55.6758101], [12.5378569, 55.6758038], [12.5378682, 55.6757975], [12.5378795, 55.6757911], [12.5378908, 55.6757848], [12.537902, 55.6757784], [12.5379133, 55.6757721], [12.5379245, 55.6757657], [12.5379357, 55.6757594], [12.5379469, 55.675753], [12.537958, 55.6757466], [12.5379692, 55.6757402], [12.5379803, 55.6757338], [12.5379915, 55.6757274], [12.5380026, 55.6757209], [12.5380137, 55.6757145], [12.5380248, 55.6757081], [12.5380358, 55.6757016], [12.5380469, 55.6756952], [12.5380579, 55.6756887], [12.5380689, 55.6756822], [12.5380799, 55.6756758], [12.5380909, 55.6756693], [12.5381019, 55.6756628], [12.5381129, 55.6756563], [12.5381238, 55.6756498], [12.5381347, 55.6756432], [12.5381457, 55.6756367], [12.5381566, 55.6756302], [12.5381674, 55.6756236], [12.5381783, 55.6756171], [12.5381892, 55.6756105], [12.5382, 55.6756039], [12.5382108, 55.6755974], [12.5382216, 55.6755908], [12.5382324, 55.6755842], [12.5382432, 55.6755776], [12.538254, 55.675571], [12.5382647, 55.6755643], [12.5382754, 55.6755577], [12.5382861, 55.6755511], [12.5382968, 55.6755444], [12.5383075, 55.6755378], [12.5383182, 55.6755311], [12.5383288, 55.6755245], [12.5383395, 55.6755178], [12.5383501, 55.6755111], [12.5383607, 55.6755044], [12.5383713, 55.6754977], [12.5383818, 55.675491], [12.5383924, 55.6754843], [12.5384029, 55.6754776], [12.5384135, 55.6754708], [12.538424, 55.6754641], [12.5384345, 55.6754573], [12.5384449, 55.6754506], [12.5384554, 55.6754438], [12.5384658, 55.6754371], [12.5384763, 55.6754303], [12.5384867, 55.6754235], [12.5384971, 55.6754167], [12.5385075, 55.6754099], [12.5385178, 55.6754031], [12.5385282, 55.6753963], [12.5385385, 55.6753894], [12.5385488, 55.6753826], [12.5385591, 55.6753758], [12.5385694, 55.6753689], [12.5385797, 55.6753621], [12.5385899, 55.6753552], [12.5386002, 55.6753483], [12.5386104, 55.6753415], [12.5386206, 55.6753346], [12.5386308, 55.6753277], [12.538641, 55.6753208], [12.5386511, 55.6753139], [12.5386612, 55.6753069], [12.5386714, 55.6753], [12.5386815, 55.6752931], [12.5386916, 55.6752861], [12.5387016, 55.6752792], [12.5387117, 55.6752722], [12.5387217, 55.6752653], [12.5387318, 55.6752583], [12.5387418, 55.6752513], [12.5387518, 55.6752443], [12.5387617, 55.6752374], [12.5387717, 55.6752304], [12.5387816, 55.6752233], [12.5387916, 55.6752163], [12.5388015, 55.6752093], [12.5388114, 55.6752023], [12.5388212, 55.6751952], [12.5388311, 55.6751882], [12.5388409, 55.6751811], [12.5388508, 55.6751741], [12.5388606, 55.675167], [12.5388704, 55.6751599], [12.5388801, 55.6751529], [12.5388899, 55.6751458], [12.5388996, 55.6751387], [12.5389094, 55.6751316], [12.5389191, 55.6751245], [12.5389288, 55.6751173], [12.5389384, 55.6751102], [12.5389481, 55.6751031], [12.5389577, 55.6750959], [12.5389674, 55.6750888], [12.538977, 55.6750816], [12.5389866, 55.6750745], [12.5389961, 55.6750673], [12.5390057, 55.6750601], [12.5390152, 55.6750529], [12.5390248, 55.6750458], [12.5390343, 55.6750386], [12.5390438, 55.6750314], [12.5390532, 55.6750241], [12.5390627, 55.6750169], [12.5390721, 55.6750097], [12.5390816, 55.6750025], [12.539091, 55.6749952], [12.5391004, 55.674988], [12.5391097, 55.6749807], [12.5391191, 55.6749735], [12.5391284, 55.6749662], [12.5391377, 55.6749589], [12.539147, 55.6749516], [12.5391563, 55.6749443], [12.5391656, 55.674937], [12.5391748, 55.6749297], [12.5391841, 55.6749224], [12.5391933, 55.6749151], [12.5392025, 55.6749078], [12.5392117, 55.6749005], [12.5392208, 55.6748931], [12.53923, 55.6748858], [12.5392391, 55.6748784], [12.5392482, 55.6748711], [12.5392573, 55.6748637], [12.5392664, 55.6748563], [12.5392755, 55.6748489], [12.5392845, 55.6748416], [12.5392935, 55.6748342], [12.5393025, 55.6748268], [12.5393115, 55.6748194], [12.5393205, 55.6748119], [12.5393295, 55.6748045], [12.5393384, 55.6747971], [12.5393473, 55.6747897], [12.5393562, 55.6747822], [12.5393651, 55.6747748], [12.539374, 55.6747673], [12.5393828, 55.6747599], [12.5393917, 55.6747524], [12.5394005, 55.6747449], [12.5394093, 55.6747374], [12.5394181, 55.67473], [12.5394268, 55.6747225], [12.5394356, 55.674715], [12.5394443, 55.6747075], [12.539453, 55.6746999], [12.5394617, 55.6746924], [12.5394704, 55.6746849], [12.539479, 55.6746774], [12.5394877, 55.6746698], [12.5394963, 55.6746623], [12.5395049, 55.6746547], [12.5395135, 55.6746472], [12.5395221, 55.6746396], [12.5395306, 55.674632], [12.5395391, 55.6746245], [12.5395477, 55.6746169], [12.5395562, 55.6746093], [12.5395646, 55.6746017], [12.5395731, 55.6745941], [12.5395815, 55.6745865], [12.53959, 55.6745789], [12.5395984, 55.6745712], [12.5396068, 55.6745636], [12.5396151, 55.674556], [12.5396235, 55.6745483], [12.5396318, 55.6745407], [12.5396401, 55.674533], [12.5396484, 55.6745254], [12.5396567, 55.6745177], [12.539665, 55.67451], [12.5396732, 55.6745024], [12.5396815, 55.6744947], [12.5396897, 55.674487], [12.5396979, 55.6744793], [12.539706, 55.6744716], [12.5397142, 55.6744639], [12.5397223, 55.6744562], [12.5397304, 55.6744484], [12.5397386, 55.6744407], [12.5397466, 55.674433], [12.5397547, 55.6744252], [12.5397627, 55.6744175], [12.5397708, 55.6744097], [12.5397788, 55.674402], [12.5397868, 55.6743942], [12.5397947, 55.6743864], [12.5398027, 55.6743787], [12.5398106, 55.6743709], [12.5398186, 55.6743631], [12.5398265, 55.6743553], [12.5398343, 55.6743475], [12.5398422, 55.6743397], [12.53985, 55.6743319], [12.5398579, 55.6743241], [12.5398657, 55.6743162], [12.5398735, 55.6743084], [12.5398812, 55.6743006], [12.539889, 55.6742927], [12.5398967, 55.6742849], [12.5399044, 55.674277], [12.5399121, 55.6742692], [12.5399198, 55.6742613], [12.5399275, 55.6742534], [12.5399351, 55.6742456], [12.5399427, 55.6742377], [12.5399503, 55.6742298], [12.5399579, 55.6742219], [12.5399655, 55.674214], [12.539973, 55.6742061], [12.5399806, 55.6741982], [12.5399881, 55.6741903], [12.5399956, 55.6741824], [12.5400031, 55.6741744], [12.5400105, 55.6741665], [12.5400179, 55.6741586], [12.5400207, 55.6741556], [12.5400254, 55.6741506], [12.5400328, 55.6741427], [12.5400401, 55.6741347], [12.5400475, 55.6741268], [12.5400549, 55.6741188], [12.5400622, 55.6741108], [12.5400695, 55.6741028], [12.5400768, 55.6740949], [12.5400841, 55.6740869], [12.5400913, 55.6740789], [12.5400986, 55.6740709], [12.5401058, 55.6740629], [12.5401131, 55.6740549], [12.5401203, 55.6740469], [12.5401275, 55.6740389], [12.5401347, 55.6740309], [12.5401418, 55.6740229], [12.540149, 55.6740149], [12.5401562, 55.6740068], [12.5401633, 55.6739988], [12.5401704, 55.6739908], [12.5401775, 55.6739828], [12.5401847, 55.6739747], [12.5401918, 55.6739667], [12.5401989, 55.6739586], [12.5402059, 55.6739506], [12.540213, 55.6739426], [12.5402201, 55.6739345], [12.5402272, 55.6739265], [12.5402342, 55.6739184], [12.5402413, 55.6739104], [12.5402483, 55.6739023], [12.5402554, 55.6738943], [12.5402624, 55.6738862], [12.5402694, 55.6738782], [12.5402765, 55.6738701], [12.5402835, 55.6738621], [12.5402905, 55.673854], [12.5402975, 55.6738459], [12.5403046, 55.6738379], [12.5403116, 55.6738298], [12.5403186, 55.6738218], [12.5403256, 55.6738137], [12.5403261, 55.6738131], [12.5403326, 55.6738057], [12.5403397, 55.6737976], [12.5403467, 55.6737895], [12.5403537, 55.6737815], [12.5403607, 55.6737734], [12.5403677, 55.6737654], [12.5403748, 55.6737573], [12.5403818, 55.6737492], [12.5403888, 55.6737412], [12.5403958, 55.6737331], [12.5404028, 55.6737251], [12.5404098, 55.673717], [12.5404169, 55.6737089], [12.5404239, 55.6737009], [12.5404309, 55.6736928], [12.5404379, 55.6736848], [12.5404449, 55.6736767], [12.540452, 55.6736687], [12.540459, 55.6736606], [12.540466, 55.6736525], [12.540473, 55.6736445], [12.54048, 55.6736364], [12.540487, 55.6736284], [12.5404941, 55.6736203], [12.5405011, 55.6736122], [12.5405081, 55.6736042], [12.5405151, 55.6735961], [12.5405221, 55.6735881], [12.5405292, 55.67358], [12.5405362, 55.673572], [12.5405432, 55.6735639], [12.5405502, 55.6735558], [12.5405572, 55.6735478], [12.5405642, 55.6735397], [12.5405713, 55.6735317], [12.5405783, 55.6735236], [12.5405853, 55.6735155], [12.5405923, 55.6735075], [12.5405993, 55.6734994], [12.5406064, 55.6734914], [12.5406134, 55.6734833], [12.5406204, 55.6734752], [12.5406274, 55.6734672], [12.5406344, 55.6734591], [12.5406414, 55.6734511], [12.5406485, 55.673443], [12.5406555, 55.673435], [12.5406625, 55.6734269], [12.5406695, 55.6734188], [12.5406765, 55.6734108], [12.5406836, 55.6734027], [12.5406906, 55.6733947], [12.5406976, 55.6733866], [12.5407046, 55.6733785], [12.5407116, 55.6733705], [12.5407186, 55.6733624], [12.5407257, 55.6733544], [12.5407327, 55.6733463], [12.5407397, 55.6733382], [12.5407467, 55.6733302], [12.5407537, 55.6733221], [12.5407608, 55.6733141], [12.5407678, 55.673306], [12.5407748, 55.673298], [12.5407818, 55.6732899], [12.5407888, 55.6732818], [12.5407958, 55.6732738], [12.5408029, 55.6732657], [12.5408099, 55.6732577], [12.5408169, 55.6732496], [12.5408239, 55.6732415], [12.5408309, 55.6732335], [12.540838, 55.6732254], [12.540845, 55.6732174], [12.540852, 55.6732093], [12.540859, 55.6732012], [12.540866, 55.6731932], [12.540873, 55.6731851], [12.5408801, 55.6731771], [12.5408871, 55.673169], [12.5408941, 55.673161], [12.5409011, 55.6731529], [12.5409081, 55.6731448], [12.5409152, 55.6731368], [12.540917, 55.6731347], [12.5409222, 55.6731287], [12.5409292, 55.6731207], [12.5409362, 55.6731126], [12.5409432, 55.6731045], [12.5409502, 55.6730965], [12.5409572, 55.6730884], [12.5409642, 55.6730803], [12.5409711, 55.6730723], [12.5409781, 55.6730642], [12.540985, 55.6730561], [12.5409919, 55.673048], [12.5409988, 55.6730399], [12.5410056, 55.6730318], [12.5410125, 55.6730237], [12.5410193, 55.6730156], [12.541026, 55.6730075], [12.5410328, 55.6729993], [12.5410395, 55.6729912], [12.5410461, 55.672983], [12.5410527, 55.6729748], [12.5410593, 55.6729667], [12.5410658, 55.6729585], [12.5410723, 55.6729503], [12.5410788, 55.6729421], [12.5410851, 55.6729338], [12.5410915, 55.6729256], [12.5410977, 55.6729173], [12.5411039, 55.6729091], [12.5411101, 55.6729008], [12.5411162, 55.6728925], [12.5411222, 55.6728842], [12.541125, 55.6728803], [12.5411281, 55.6728759], [12.541134, 55.6728675], [12.5411398, 55.6728591], [12.5411456, 55.6728508], [12.5411512, 55.6728424], [12.5411568, 55.672834], [12.5411623, 55.6728256], [12.5411678, 55.6728171], [12.5411732, 55.6728087], [12.5411785, 55.6728002], [12.5411838, 55.6727917], [12.5411889, 55.6727832], [12.541194, 55.6727747], [12.5411991, 55.6727662], [12.541204, 55.6727577], [12.5412089, 55.6727491], [12.5412138, 55.6727406], [12.5412185, 55.672732], [12.5412232, 55.6727234], [12.5412278, 55.6727148], [12.5412323, 55.6727062], [12.5412368, 55.6726976], [12.5412412, 55.672689], [12.5412455, 55.6726803], [12.5412497, 55.6726717], [12.5412539, 55.672663], [12.541258, 55.6726543], [12.541262, 55.6726456], [12.541266, 55.6726369], [12.5412699, 55.6726282], [12.5412737, 55.6726195], [12.5412774, 55.6726108], [12.5412811, 55.672602], [12.5412847, 55.6725933], [12.5412882, 55.6725845], [12.5412917, 55.6725758], [12.541295, 55.672567], [12.5412983, 55.6725582], [12.5413016, 55.6725494], [12.5413047, 55.6725406], [12.5413078, 55.6725318], [12.5413108, 55.672523], [12.5413137, 55.6725141], [12.5413166, 55.6725053], [12.5413194, 55.6724965], [12.5413221, 55.6724876], [12.5413247, 55.6724787], [12.5413273, 55.6724699], [12.5413298, 55.672461], [12.5413322, 55.6724521], [12.5413345, 55.6724433], [12.5413368, 55.6724344], [12.541339, 55.6724255], [12.5413411, 55.6724166], [12.5413432, 55.6724077], [12.5413451, 55.6723987], [12.541347, 55.6723898], [12.5413488, 55.6723809], [12.5413506, 55.672372], [12.5413523, 55.672363], [12.5413539, 55.6723541], [12.5413554, 55.6723452], [12.5413568, 55.6723362], [12.5413582, 55.6723273], [12.5413595, 55.6723183], [12.5413607, 55.6723094], [12.5413619, 55.6723004], [12.541363, 55.6722914], [12.541364, 55.6722825], [12.5413649, 55.6722735], [12.5413657, 55.6722645], [12.5413665, 55.6722556], [12.5413672, 55.6722466], [12.5413678, 55.6722376], [12.5413684, 55.6722287], [12.5413689, 55.6722197], [12.5413693, 55.6722107], [12.5413696, 55.6722017], [12.5413698, 55.6721927], [12.54137, 55.6721838], [12.5413701, 55.6721748], [12.5413701, 55.6721658], [12.5413701, 55.6721568], [12.54137, 55.6721478], [12.5413698, 55.6721388], [12.5413695, 55.6721299], [12.5413692, 55.6721209], [12.5413687, 55.6721119], [12.5413685, 55.6721072], [12.5413682, 55.6721029], [12.5413677, 55.672094], [12.541367, 55.672085], [12.5413663, 55.672076], [12.5413655, 55.672067], [12.5413646, 55.6720581], [12.5413637, 55.6720491], [12.5413627, 55.6720401], [12.5413616, 55.6720312], [12.5413605, 55.6720222], [12.5413593, 55.6720133], [12.541358, 55.6720043], [12.5413566, 55.6719954], [12.5413552, 55.6719864], [12.5413538, 55.6719775], [12.5413522, 55.6719685], [12.5413506, 55.6719596], [12.5413489, 55.6719507], [12.5413472, 55.6719417], [12.5413454, 55.6719328], [12.5413435, 55.6719239], [12.5413416, 55.671915], [12.5413396, 55.6719061], [12.5413376, 55.6718972], [12.5413355, 55.6718883], [12.5413333, 55.6718794], [12.5413311, 55.6718705], [12.5413288, 55.6718616], [12.5413265, 55.6718527], [12.5413241, 55.6718438], [12.5413217, 55.6718349], [12.5413192, 55.6718261], [12.5413167, 55.6718172], [12.5413141, 55.6718083], [12.5413114, 55.6717995], [12.5413087, 55.6717906], [12.541306, 55.6717818], [12.5413031, 55.6717729], [12.5413003, 55.6717641], [12.5412974, 55.6717553], [12.5412944, 55.6717464], [12.5412915, 55.6717376], [12.5412884, 55.6717288], [12.5412853, 55.67172], [12.5412822, 55.6717112], [12.541279, 55.6717024], [12.5412758, 55.6716936], [12.5412725, 55.6716848], [12.5412692, 55.671676], [12.5412659, 55.6716672], [12.5412625, 55.6716585], [12.541259, 55.6716497], [12.5412556, 55.6716409], [12.5412521, 55.6716322], [12.5412485, 55.6716234], [12.5412449, 55.6716147], [12.5412413, 55.6716059], [12.5412376, 55.6715972], [12.5412339, 55.6715884], [12.5412302, 55.6715797], [12.5412264, 55.671571], [12.5412226, 55.6715623], [12.5412188, 55.6715536], [12.5412149, 55.6715448], [12.541211, 55.6715361], [12.5412071, 55.6715274], [12.5412032, 55.6715187], [12.5411992, 55.67151], [12.5411952, 55.6715013], [12.5411911, 55.6714927], [12.541187, 55.671484], [12.5411829, 55.6714753], [12.5411788, 55.6714666], [12.5411746, 55.671458], [12.5411705, 55.6714493], [12.5411663, 55.6714406], [12.541162, 55.671432], [12.5411578, 55.6714233], [12.5411535, 55.6714147], [12.5411492, 55.671406], [12.5411449, 55.6713974], [12.5411405, 55.6713887], [12.5411362, 55.6713801], [12.5411318, 55.6713715], [12.5411274, 55.6713628], [12.541123, 55.6713542], [12.5411186, 55.6713456], [12.5411141, 55.671337], [12.5411096, 55.6713283], [12.5411052, 55.6713197], [12.5411007, 55.6713111], [12.5410961, 55.6713025], [12.5410916, 55.6712939], [12.5410871, 55.6712853], [12.5410825, 55.6712767], [12.541078, 55.6712681], [12.5410734, 55.6712595], [12.5410688, 55.6712509], [12.5410642, 55.6712423], [12.5410596, 55.6712337], [12.541055, 55.6712251], [12.5410504, 55.6712165], [12.5410457, 55.6712079], [12.5410411, 55.6711993], [12.5410365, 55.6711907], [12.5410318, 55.6711821], [12.5410272, 55.6711735], [12.5410225, 55.6711649], [12.5410178, 55.6711564], [12.5410132, 55.6711478], [12.5410085, 55.6711392], [12.5410039, 55.6711306], [12.5409992, 55.671122], [12.5409961, 55.6711164], [12.5409945, 55.6711134], [12.5409898, 55.6711048], [12.5409852, 55.6710963], [12.5409805, 55.6710877], [12.5409759, 55.6710791], [12.5409712, 55.6710705], [12.5409665, 55.6710619], [12.5409619, 55.6710533], [12.5409572, 55.6710447], [12.5409526, 55.6710361], [12.5409479, 55.6710276], [12.5409433, 55.671019], [12.5409386, 55.6710104], [12.540934, 55.6710018], [12.5409294, 55.6709932], [12.5409248, 55.6709846], [12.5409201, 55.670976], [12.5409155, 55.6709674], [12.5409109, 55.6709588], [12.5409064, 55.6709502], [12.5409018, 55.6709416], [12.5408972, 55.670933], [12.5408926, 55.6709244], [12.5408881, 55.6709158], [12.5408835, 55.6709072], [12.540879, 55.6708986], [12.5408745, 55.67089], [12.54087, 55.6708814], [12.5408655, 55.6708727], [12.540861, 55.6708641], [12.5408565, 55.6708555], [12.5408521, 55.6708469], [12.5408476, 55.6708383], [12.5408432, 55.6708296], [12.5408388, 55.670821], [12.5408344, 55.6708124], [12.54083, 55.6708037], [12.5408256, 55.6707951], [12.5408213, 55.6707865], [12.5408169, 55.6707778], [12.5408126, 55.6707692], [12.5408083, 55.6707605], [12.540804, 55.6707519], [12.5407998, 55.6707432], [12.5407955, 55.6707346], [12.5407913, 55.6707259], [12.5407871, 55.6707173], [12.5407829, 55.6707086], [12.5407787, 55.6706999], [12.5407746, 55.6706913], [12.5407705, 55.6706826], [12.5407664, 55.6706739], [12.5407623, 55.6706652], [12.5407582, 55.6706565], [12.5407542, 55.6706478], [12.5407502, 55.6706392], [12.5407462, 55.6706305], [12.5407423, 55.6706218], [12.5407383, 55.6706131], [12.5407344, 55.6706044], [12.5407306, 55.6705956], [12.5407267, 55.6705869], [12.5407229, 55.6705782], [12.5407191, 55.6705695], [12.5407153, 55.6705608], [12.5407116, 55.670552], [12.5407079, 55.6705433], [12.5407042, 55.6705346], [12.5407006, 55.6705258], [12.5406969, 55.6705171], [12.5406934, 55.6705083], [12.5406898, 55.6704996], [12.5406863, 55.6704908], [12.5406828, 55.670482], [12.5406793, 55.6704733], [12.5406759, 55.6704645], [12.5406725, 55.6704557], [12.5406691, 55.670447], [12.5406658, 55.6704382], [12.5406625, 55.6704294], [12.5406593, 55.6704206], [12.5406561, 55.6704118], [12.5406529, 55.670403], [12.5406497, 55.6703942], [12.5406466, 55.6703854], [12.5406436, 55.6703766], [12.5406405, 55.6703678], [12.5406375, 55.6703589], [12.5406346, 55.6703501], [12.5406317, 55.6703413], [12.5406288, 55.6703324], [12.540626, 55.6703236], [12.5406232, 55.6703148], [12.5406204, 55.6703059], [12.5406177, 55.6702971], [12.5406151, 55.6702882], [12.5406125, 55.6702794], [12.5406099, 55.6702705], [12.5406073, 55.6702616], [12.5406049, 55.6702528], [12.5406024, 55.6702439], [12.5406, 55.670235], [12.5405977, 55.6702261], [12.5405954, 55.6702172], [12.5405931, 55.6702083], [12.5405909, 55.6701994], [12.5405887, 55.6701905], [12.5405866, 55.6701816], [12.5405846, 55.6701727], [12.5405825, 55.6701638], [12.5405806, 55.6701549], [12.5405787, 55.670146], [12.5405768, 55.6701371], [12.540575, 55.6701282], [12.5405732, 55.6701192], [12.5405715, 55.6701103], [12.5405703, 55.6701036], [12.5405699, 55.6701014], [12.5405682, 55.6700924], [12.5405667, 55.6700835], [12.5405652, 55.6700745], [12.5405638, 55.6700656], [12.5405624, 55.6700567], [12.540561, 55.6700477], [12.5405597, 55.6700388], [12.5405585, 55.6700298], [12.5405573, 55.6700208], [12.5405562, 55.6700119], [12.5405551, 55.6700029], [12.5405541, 55.669994], [12.5405531, 55.669985], [12.5405522, 55.669976], [12.5405514, 55.6699671], [12.5405505, 55.6699581], [12.5405498, 55.6699491], [12.5405491, 55.6699401], [12.5405484, 55.6699312], [12.5405478, 55.6699222], [12.5405473, 55.6699132], [12.5405468, 55.6699042], [12.5405464, 55.6698953], [12.540546, 55.6698863], [12.5405457, 55.6698773], [12.5405454, 55.6698683], [12.5405452, 55.6698593], [12.540545, 55.6698504], [12.5405449, 55.6698414], [12.5405448, 55.6698324], [12.5405448, 55.6698234], [12.5405448, 55.6698144], [12.5405449, 55.6698055], [12.5405451, 55.6697965], [12.5405453, 55.6697875], [12.5405455, 55.6697785], [12.5405459, 55.6697695], [12.5405462, 55.6697605], [12.5405466, 55.6697516], [12.5405471, 55.6697426], [12.5405476, 55.6697336], [12.5405482, 55.6697246], [12.5405488, 55.6697157], [12.5405495, 55.6697067], [12.5405502, 55.6696977], [12.540551, 55.6696887], [12.5405519, 55.6696798], [12.5405528, 55.6696708], [12.5405537, 55.6696618], [12.5405547, 55.6696529], [12.5405558, 55.6696439], [12.5405569, 55.669635], [12.540558, 55.669626], [12.5405593, 55.669617], [12.5405605, 55.6696081], [12.5405618, 55.6695991], [12.5405632, 55.6695902], [12.5405646, 55.6695812], [12.5405661, 55.6695723], [12.5405676, 55.6695634], [12.5405692, 55.6695544], [12.5405709, 55.6695455], [12.5405726, 55.6695366], [12.5405743, 55.6695276], [12.5405761, 55.6695187], [12.5405779, 55.6695098], [12.5405798, 55.6695009], [12.5405818, 55.669492], [12.5405838, 55.669483], [12.5405859, 55.6694741], [12.540588, 55.6694652], [12.5405901, 55.6694563], [12.5405924, 55.6694474], [12.5405946, 55.6694386], [12.540597, 55.6694297], [12.5405993, 55.6694208], [12.5406018, 55.6694119], [12.5406042, 55.669403], [12.5406068, 55.6693942], [12.5406094, 55.6693853], [12.540612, 55.6693765], [12.5406147, 55.6693676], [12.5406174, 55.6693588], [12.5406202, 55.6693499], [12.5406231, 55.6693411], [12.540626, 55.6693323], [12.5406289, 55.6693234], [12.5406319, 55.6693146], [12.540635, 55.6693058], [12.5406381, 55.669297], [12.5406413, 55.6692882], [12.5406445, 55.6692794], [12.5406478, 55.6692706], [12.5406511, 55.6692618], [12.5406545, 55.669253], [12.5406579, 55.6692443], [12.5406614, 55.6692355], [12.5406649, 55.6692267], [12.5406685, 55.669218], [12.5406721, 55.6692092], [12.5406758, 55.6692005], [12.5406795, 55.6691918], [12.5406833, 55.6691831], [12.5406871, 55.6691743], [12.540691, 55.6691656], [12.540695, 55.6691569], [12.5406989, 55.6691482], [12.540703, 55.6691395], [12.5407071, 55.6691309], [12.5407112, 55.6691222], [12.5407154, 55.6691135], [12.5407197, 55.6691049], [12.540724, 55.6690962], [12.5407283, 55.6690876], [12.5407327, 55.669079], [12.5407372, 55.6690703], [12.5407417, 55.6690617], [12.5407463, 55.6690531], [12.5407509, 55.6690445], [12.5407555, 55.6690359], [12.5407602, 55.6690274], [12.540765, 55.6690188], [12.5407698, 55.6690102], [12.5407747, 55.6690017], [12.5407796, 55.6689931], [12.5407845, 55.6689846], [12.5407896, 55.6689761], [12.5407946, 55.6689676], [12.5407997, 55.6689591], [12.5408049, 55.6689506], [12.5408101, 55.6689421], [12.5408154, 55.6689336], [12.5408207, 55.6689251], [12.5408261, 55.6689167], [12.5408315, 55.6689083], [12.5408369, 55.6688998], [12.5408425, 55.6688914], [12.540848, 55.668883], [12.5408536, 55.6688746], [12.5408593, 55.6688662], [12.540865, 55.6688578], [12.5408708, 55.6688494], [12.5408766, 55.6688411], [12.5408825, 55.6688327], [12.5408884, 55.6688244], [12.5408943, 55.6688161], [12.5409003, 55.6688078], [12.5409064, 55.6687994], [12.5409125, 55.6687912], [12.5409187, 55.6687829], [12.5409249, 55.6687746], [12.5409311, 55.6687664], [12.5409374, 55.6687581], [12.5409438, 55.6687499], [12.5409502, 55.6687417], [12.5409567, 55.6687334], [12.5409632, 55.6687253], [12.5409697, 55.6687171], [12.5409763, 55.6687089], [12.5409829, 55.6687007], [12.5409896, 55.6686926], [12.5409964, 55.6686845], [12.5410032, 55.6686763], [12.54101, 55.6686682], [12.5410169, 55.6686601], [12.5410238, 55.6686521], [12.5410308, 55.668644], [12.5410378, 55.6686359], [12.5410449, 55.6686279], [12.5410521, 55.6686199], [12.5410592, 55.6686118], [12.5410664, 55.6686038], [12.5410737, 55.6685959], [12.541081, 55.6685879], [12.5410884, 55.6685799], [12.5410958, 55.668572], [12.5411033, 55.668564], [12.5411108, 55.6685561], [12.5411183, 55.6685482], [12.5411259, 55.6685403], [12.5411336, 55.6685325], [12.5411413, 55.6685246], [12.541149, 55.6685168], [12.5411568, 55.6685089], [12.5411646, 55.6685011], [12.5411725, 55.6684933], [12.5411804, 55.6684855], [12.5411884, 55.6684778], [12.5411964, 55.66847], [12.5412044, 55.6684623], [12.5412126, 55.6684545], [12.5412207, 55.6684468], [12.5412289, 55.6684391], [12.5412371, 55.6684314], [12.5412454, 55.6684238], [12.5412538, 55.6684161], [12.5412622, 55.6684085], [12.5412706, 55.6684009], [12.541279, 55.6683933], [12.5412876, 55.6683857], [12.5412961, 55.6683781], [12.5413047, 55.6683706], [12.5413134, 55.6683631], [12.5413221, 55.6683555], [12.5413308, 55.668348], [12.5413396, 55.6683405], [12.5413484, 55.6683331], [12.5413573, 55.6683256], [12.5413662, 55.6683182], [12.5413752, 55.6683108], [12.5413842, 55.6683034], [12.5413932, 55.668296], [12.5414023, 55.6682886], [12.5414114, 55.6682813], [12.5414206, 55.6682739], [12.5414298, 55.6682666], [12.5414391, 55.6682593], [12.5414484, 55.668252], [12.5414578, 55.6682448], [12.5414672, 55.6682375], [12.5414766, 55.6682303], [12.5414861, 55.6682231], [12.5414956, 55.6682159], [12.5415052, 55.6682087], [12.5415148, 55.6682016], [12.5415244, 55.6681945], [12.5415341, 55.6681873], [12.5415439, 55.6681802], [12.5415536, 55.6681732], [12.5415634, 55.6681661], [12.5415733, 55.668159], [12.5415832, 55.668152], [12.5415932, 55.668145], [12.5416031, 55.668138], [12.5416132, 55.6681311], [12.5416232, 55.6681241], [12.5416333, 55.6681172], [12.5416435, 55.6681103], [12.5416537, 55.6681034], [12.5416639, 55.6680965], [12.5416742, 55.6680897], [12.5416845, 55.6680828], [12.5416948, 55.668076], [12.5417052, 55.6680692], [12.5417157, 55.6680624], [12.5417261, 55.6680557], [12.5417367, 55.6680489], [12.5417472, 55.6680422], [12.5417578, 55.6680355], [12.5417684, 55.6680289], [12.5417791, 55.6680222], [12.5417898, 55.6680156], [12.5418006, 55.668009], [12.5418114, 55.6680024], [12.5418222, 55.6679958], [12.5418331, 55.6679892], [12.541844, 55.6679827], [12.5418549, 55.6679762], [12.5418659, 55.6679697], [12.5418769, 55.6679632], [12.541888, 55.6679568], [12.5418991, 55.6679503], [12.5419102, 55.6679439], [12.5419214, 55.6679376], [12.5419326, 55.6679312], [12.5419439, 55.6679248], [12.5419551, 55.6679185], [12.5419665, 55.6679122], [12.5419778, 55.6679059], [12.5419892, 55.6678997], [12.5420007, 55.6678934], [12.5420121, 55.6678872], [12.5420236, 55.667881], [12.5420352, 55.6678749], [12.5420468, 55.6678687], [12.5420584, 55.6678626], [12.5420701, 55.6678565], [12.5420817, 55.6678504], [12.5420935, 55.6678443], [12.5421052, 55.6678383], [12.542117, 55.6678323], [12.5421289, 55.6678263], [12.5421407, 55.6678203], [12.5421526, 55.6678144], [12.5421646, 55.6678084], [12.5421766, 55.6678025], [12.5421886, 55.6677967], [12.5422006, 55.6677908], [12.5422127, 55.667785], [12.5422248, 55.6677792], [12.542237, 55.6677734], [12.5422492, 55.6677676], [12.5422614, 55.6677619], [12.5422736, 55.6677561], [12.5422859, 55.6677504], [12.5422982, 55.6677448], [12.5423106, 55.6677391], [12.542323, 55.6677335], [12.5423354, 55.6677279], [12.5423478, 55.6677223], [12.5423603, 55.6677167], [12.5423728, 55.6677112], [12.5423854, 55.6677057], [12.542398, 55.6677002], [12.5424106, 55.6676948], [12.5424232, 55.6676893], [12.5424359, 55.6676839], [12.5424486, 55.6676785], [12.5424614, 55.6676732], [12.5424742, 55.6676678], [12.542487, 55.6676625], [12.5424998, 55.6676572], [12.5425127, 55.6676519], [12.5425256, 55.6676467], [12.5425385, 55.6676415], [12.5425515, 55.6676363], [12.5425645, 55.6676311], [12.5425775, 55.667626], [12.5425905, 55.6676208], [12.5426036, 55.6676157], [12.5426167, 55.6676107], [12.5426299, 55.6676056], [12.5426431, 55.6676006], [12.5426563, 55.6675956], [12.5426695, 55.6675906], [12.5426828, 55.6675857], [12.5426961, 55.6675808], [12.5427094, 55.6675759], [12.5427227, 55.667571], [12.5427361, 55.6675662], [12.5427495, 55.6675613], [12.542763, 55.6675565], [12.5427764, 55.6675518], [12.5427899, 55.667547], [12.5428034, 55.6675423], [12.542817, 55.6675376], [12.5428306, 55.6675329], [12.5428442, 55.6675283], [12.5428578, 55.6675237], [12.5428715, 55.6675191], [12.5428852, 55.6675145], [12.5428989, 55.66751], [12.5429126, 55.6675055], [12.5429264, 55.667501], [12.5429402, 55.6674965], [12.542954, 55.6674921], [12.5429678, 55.6674877], [12.5429817, 55.6674833], [12.5429956, 55.667479], [12.5430095, 55.6674746], [12.5430235, 55.6674703], [12.5430375, 55.6674661], [12.5430515, 55.6674618], [12.5430655, 55.6674576], [12.5430795, 55.6674534], [12.5430936, 55.6674492], [12.5431077, 55.6674451], [12.5431218, 55.667441], [12.543136, 55.6674369], [12.5431502, 55.6674328], [12.5431644, 55.6674288], [12.5431786, 55.6674248], [12.5431928, 55.6674208], [12.5432071, 55.6674168], [12.5432214, 55.6674129], [12.5432357, 55.667409], [12.54325, 55.6674051], [12.5432644, 55.6674013], [12.5432788, 55.6673975], [12.5432932, 55.6673937], [12.5433076, 55.6673899], [12.5433221, 55.6673862], [12.5433365, 55.6673825], [12.543351, 55.6673788], [12.5433655, 55.6673751], [12.5433801, 55.6673715], [12.5433946, 55.6673679], [12.5434092, 55.6673643], [12.5434238, 55.6673608], [12.5434384, 55.6673573], [12.5434531, 55.6673538], [12.5434677, 55.6673503], [12.5434824, 55.6673469], [12.5434971, 55.6673435], [12.5435119, 55.6673401], [12.5435266, 55.6673367], [12.5435414, 55.6673334], [12.5435562, 55.6673301], [12.543571, 55.6673269], [12.5435858, 55.6673236], [12.5436006, 55.6673204], [12.5436155, 55.6673172], [12.5436304, 55.6673141], [12.5436453, 55.6673109], [12.5436602, 55.6673078], [12.5436751, 55.6673048], [12.5436901, 55.6673017], [12.543705, 55.6672987], [12.54372, 55.6672957], [12.543735, 55.6672928], [12.54375, 55.6672899], [12.5437651, 55.667287], [12.5437801, 55.6672841], [12.5437952, 55.6672812], [12.5438103, 55.6672784], [12.5438254, 55.6672756], [12.5438405, 55.6672729], [12.5438557, 55.6672702], [12.5438708, 55.6672675], [12.543886, 55.6672648], [12.5439012, 55.6672621], [12.5439164, 55.6672595], [12.5439316, 55.6672569], [12.5439469, 55.6672544], [12.5439621, 55.6672519], [12.5439774, 55.6672494], [12.5439927, 55.6672469], [12.5440079, 55.6672445], [12.5440233, 55.667242], [12.5440386, 55.6672397], [12.5440539, 55.6672373], [12.5440693, 55.667235], [12.5440846, 55.6672327], [12.5441, 55.6672304], [12.5441154, 55.6672282], [12.5441308, 55.667226], [12.5441462, 55.6672238], [12.5441616, 55.6672217], [12.5441771, 55.6672195], [12.5441925, 55.6672175], [12.544208, 55.6672154], [12.5442235, 55.6672134], [12.544239, 55.6672114], [12.5442545, 55.6672094], [12.54427, 55.6672074], [12.5442855, 55.6672055], [12.5443011, 55.6672036], [12.5443166, 55.6672018], [12.5443322, 55.6672], [12.5443477, 55.6671982], [12.5443633, 55.6671964], [12.5443789, 55.6671947], [12.5443945, 55.667193], [12.5444101, 55.6671913], [12.5444257, 55.6671896], [12.5444414, 55.667188], [12.544457, 55.6671864], [12.5444727, 55.6671849], [12.5444883, 55.6671833], [12.544504, 55.6671818], [12.5445197, 55.6671804], [12.5445354, 55.6671789], [12.5445511, 55.6671775], [12.5445668, 55.6671761], [12.5445825, 55.6671748], [12.5445982, 55.6671734], [12.5446139, 55.6671721], [12.5446296, 55.6671709], [12.5446454, 55.6671697], [12.5446611, 55.6671684], [12.5446769, 55.6671673], [12.5446926, 55.6671661], [12.5447084, 55.667165], [12.5447242, 55.6671639], [12.54474, 55.6671629], [12.5447558, 55.6671619], [12.5447716, 55.6671609], [12.5447873, 55.6671599], [12.5448032, 55.667159], [12.544819, 55.6671581], [12.5448348, 55.6671572], [12.5448506, 55.6671563], [12.5448664, 55.6671555], [12.5448823, 55.6671547], [12.5448981, 55.667154], [12.5449139, 55.6671533], [12.5449298, 55.6671526], [12.5449456, 55.6671519], [12.5449615, 55.6671513], [12.5449773, 55.6671507], [12.5449932, 55.6671501], [12.5450091, 55.6671495], [12.5450249, 55.667149], [12.5450408, 55.6671485], [12.5450567, 55.6671481], [12.5450725, 55.6671477], [12.5450884, 55.6671473], [12.5451043, 55.6671469], [12.5451202, 55.6671466], [12.545136, 55.6671463], [12.5451519, 55.667146], [12.5451678, 55.6671457], [12.5451837, 55.6671455], [12.5451996, 55.6671453], [12.5452155, 55.6671452], [12.5452314, 55.6671451], [12.5452473, 55.667145], [12.5452631, 55.6671449], [12.545279, 55.6671449], [12.5452949, 55.6671449], [12.5453108, 55.6671449], [12.5453267, 55.667145], [12.5453426, 55.667145], [12.5453585, 55.6671452], [12.5453744, 55.6671453], [12.5453903, 55.6671455], [12.5454062, 55.6671457], [12.545422, 55.6671459], [12.5454379, 55.6671462], [12.5454538, 55.6671465], [12.5454697, 55.6671468], [12.5454856, 55.6671472], [12.5455014, 55.6671476], [12.5455085, 55.6671477], [12.5455173, 55.667148], [12.5455332, 55.6671484], [12.5455491, 55.6671489], [12.5455649, 55.6671494], [12.5455808, 55.6671499], [12.5455966, 55.6671505], [12.5456125, 55.6671511], [12.5456284, 55.6671517], [12.5456442, 55.6671523], [12.5456601, 55.667153], [12.5456759, 55.6671537], [12.5456917, 55.6671544], [12.5457076, 55.6671551], [12.5457234, 55.6671559], [12.5457393, 55.6671566], [12.5457551, 55.6671574], [12.5457709, 55.6671582], [12.5457867, 55.667159], [12.5458026, 55.6671599], [12.5458184, 55.6671607], [12.5458342, 55.6671616], [12.54585, 55.6671625], [12.5458658, 55.6671634], [12.5458816, 55.6671643], [12.5458974, 55.6671653], [12.5459132, 55.6671662], [12.545929, 55.6671672], [12.5459448, 55.6671682], [12.5459606, 55.6671691], [12.5459764, 55.6671701], [12.5459922, 55.6671711], [12.546008, 55.6671721], [12.5460238, 55.6671732], [12.5460396, 55.6671742], [12.5460554, 55.6671752], [12.5460711, 55.6671763], [12.5460869, 55.6671773], [12.5461027, 55.6671783], [12.5461185, 55.6671794], [12.5461343, 55.6671804], [12.5461501, 55.6671815], [12.5461658, 55.6671826], [12.5461816, 55.6671836], [12.5461866, 55.6671839], [12.5461974, 55.6671847], [12.5462132, 55.6671857], [12.546229, 55.6671868], [12.5462447, 55.6671878], [12.5462605, 55.6671889], [12.5462763, 55.66719], [12.5462921, 55.667191], [12.5463079, 55.6671921], [12.5463236, 55.6671931], [12.5463394, 55.6671942], [12.5463552, 55.6671953], [12.546371, 55.6671963], [12.5463868, 55.6671974], [12.5464025, 55.6671984], [12.5464183, 55.6671995], [12.5464341, 55.6672005], [12.5464499, 55.6672016], [12.5464657, 55.6672027], [12.5464814, 55.6672037], [12.5464972, 55.6672048], [12.546513, 55.6672058], [12.5465288, 55.6672069], [12.5465446, 55.667208], [12.5465604, 55.667209], [12.5465761, 55.6672101], [12.5465919, 55.6672111], [12.5466077, 55.6672122], [12.5466235, 55.6672132], [12.5466393, 55.6672143], [12.546655, 55.6672154], [12.5466708, 55.6672164], [12.5466866, 55.6672175], [12.5467024, 55.6672185], [12.5467182, 55.6672196], [12.5467339, 55.6672207], [12.5467497, 55.6672217], [12.5467655, 55.6672228], [12.5467813, 55.6672238], [12.5467971, 55.6672249], [12.5468128, 55.6672259], [12.5468286, 55.667227], [12.5468444, 55.6672281], [12.5468602, 55.6672291], [12.546876, 55.6672302], [12.5468917, 55.6672312], [12.5469075, 55.6672323], [12.5469233, 55.6672334], [12.5469391, 55.6672344], [12.5469549, 55.6672355], [12.5469706, 55.6672365], [12.5469864, 55.6672376], [12.5470022, 55.6672386], [12.547018, 55.6672397], [12.5470338, 55.6672408], [12.5470495, 55.6672418], [12.5470653, 55.6672429], [12.5470811, 55.6672439], [12.5470969, 55.667245], [12.5471127, 55.6672461], [12.5471285, 55.6672471], [12.5471442, 55.6672482], [12.54716, 55.6672492], [12.5471758, 55.6672503], [12.5471916, 55.6672513], [12.5472074, 55.6672524], [12.5472231, 55.6672535], [12.5472389, 55.6672545], [12.5472547, 55.6672556], [12.5472705, 55.6672566], [12.5472863, 55.6672577], [12.547302, 55.6672588], [12.5473178, 55.6672598], [12.5473336, 55.6672609], [12.5473494, 55.6672619], [12.5473652, 55.667263], [12.5473809, 55.667264], [12.5473967, 55.6672651], [12.5474125, 55.6672662], [12.5474283, 55.6672672], [12.5474441, 55.6672683], [12.5474598, 55.6672693], [12.5474756, 55.6672704], [12.5474914, 55.6672714], [12.5475072, 55.6672725], [12.547523, 55.6672736], [12.5475387, 55.6672746], [12.5475545, 55.6672757], [12.5475703, 55.6672767], [12.5475861, 55.6672778], [12.5476019, 55.6672789], [12.5476176, 55.6672799], [12.5476334, 55.667281], [12.5476492, 55.667282], [12.547665, 55.6672831], [12.5476808, 55.6672841], [12.5476966, 55.6672852], [12.5477123, 55.6672863], [12.5477281, 55.6672873], [12.5477439, 55.6672884], [12.5477597, 55.6672894], [12.5477755, 55.6672905], [12.5477912, 55.6672916], [12.547807, 55.6672926], [12.5478228, 55.6672937], [12.5478386, 55.6672947], [12.5478544, 55.6672958], [12.5478701, 55.6672968], [12.5478859, 55.6672979], [12.5479017, 55.667299], [12.5479175, 55.6673], [12.5479333, 55.6673011], [12.547949, 55.6673021], [12.5479648, 55.6673032], [12.5479806, 55.6673043], [12.5479964, 55.6673053], [12.5480122, 55.6673064], [12.5480279, 55.6673074], [12.5480437, 55.6673085], [12.5480595, 55.6673095], [12.5480753, 55.6673106], [12.5480911, 55.6673117], [12.5481068, 55.6673127], [12.5481226, 55.6673138], [12.5481384, 55.6673148], [12.5481542, 55.6673159], [12.54817, 55.6673169], [12.5481857, 55.667318], [12.5482015, 55.6673191], [12.5482173, 55.6673201], [12.5482331, 55.6673212], [12.5482489, 55.6673222], [12.5482647, 55.6673233], [12.5482804, 55.6673244], [12.5482962, 55.6673254], [12.548312, 55.6673265], [12.5483278, 55.6673275], [12.5483436, 55.6673286], [12.5483593, 55.6673296], [12.5483751, 55.6673307], [12.5483909, 55.6673318], [12.5484067, 55.6673328], [12.5484225, 55.6673339], [12.5484382, 55.6673349], [12.548454, 55.667336], [12.5484698, 55.6673371], [12.5484856, 55.6673381], [12.5485014, 55.6673392], [12.5485171, 55.6673402], [12.5485329, 55.6673413], [12.5485487, 55.6673423], [12.5485645, 55.6673434], [12.5485803, 55.6673445], [12.548596, 55.6673455], [12.5486118, 55.6673466], [12.5486276, 55.6673476], [12.5486434, 55.6673487], [12.5486592, 55.6673497], [12.5486749, 55.6673508], [12.5486907, 55.6673519], [12.5487056, 55.6673529], [12.5487065, 55.6673529], [12.5487223, 55.667354], [12.5487381, 55.667355], [12.5487539, 55.6673561], [12.5487696, 55.6673572], [12.5487854, 55.6673582], [12.5488012, 55.6673593], [12.548817, 55.6673603], [12.5488328, 55.6673614], [12.5488485, 55.6673624], [12.5488643, 55.6673634], [12.5488801, 55.6673645], [12.5488959, 55.6673655], [12.5489117, 55.6673666], [12.5489275, 55.6673676], [12.5489433, 55.6673686], [12.548959, 55.6673696], [12.5489748, 55.6673706], [12.5489906, 55.6673716], [12.5490064, 55.6673726], [12.5490222, 55.6673736], [12.549038, 55.6673746], [12.5490538, 55.6673756], [12.5490696, 55.6673766], [12.5490854, 55.6673776], [12.5491012, 55.6673785], [12.549117, 55.6673795], [12.5491328, 55.6673804], [12.5491486, 55.6673813], [12.5491644, 55.6673823], [12.5491802, 55.6673832], [12.549196, 55.6673841], [12.5492118, 55.667385], [12.5492277, 55.6673859], [12.5492435, 55.6673867], [12.5492593, 55.6673876], [12.5492751, 55.6673885], [12.5492909, 55.6673893], [12.5493068, 55.6673901], [12.5493226, 55.6673909], [12.5493384, 55.6673917], [12.5493542, 55.6673925], [12.5493701, 55.6673933], [12.5493859, 55.6673941], [12.5494017, 55.6673948], [12.5494176, 55.6673956], [12.5494259, 55.6673959], [12.5494334, 55.6673963], [12.5494493, 55.667397], [12.5494651, 55.6673977], [12.549481, 55.6673983], [12.5494968, 55.667399], [12.5495127, 55.6673996], [12.5495285, 55.6674003], [12.5495444, 55.6674009], [12.5495602, 55.6674015], [12.5495761, 55.6674021], [12.5495919, 55.6674026], [12.5496078, 55.6674032], [12.5496237, 55.6674037], [12.5496395, 55.6674043], [12.5496554, 55.6674048], [12.5496713, 55.6674053], [12.5496871, 55.6674057], [12.549703, 55.6674062], [12.5497189, 55.6674067], [12.5497347, 55.6674071], [12.5497506, 55.6674075], [12.5497665, 55.6674079], [12.5497824, 55.6674083], [12.5497982, 55.6674087], [12.5498141, 55.667409], [12.54983, 55.6674094], [12.5498459, 55.6674097], [12.5498618, 55.66741], [12.5498776, 55.6674103], [12.5498935, 55.6674106], [12.5499094, 55.6674109], [12.5499253, 55.6674111], [12.5499412, 55.6674114], [12.5499571, 55.6674116], [12.549973, 55.6674118], [12.5499888, 55.667412], [12.5500047, 55.6674122], [12.5500206, 55.6674124], [12.5500365, 55.6674125], [12.5500524, 55.6674126], [12.5500683, 55.6674128], [12.5500842, 55.6674129], [12.5501001, 55.667413], [12.550116, 55.667413], [12.5501319, 55.6674131], [12.5501477, 55.6674131], [12.5501636, 55.6674132], [12.5501795, 55.6674132], [12.5501954, 55.6674132], [12.5502113, 55.6674132], [12.5502272, 55.6674131], [12.5502431, 55.6674131], [12.550259, 55.667413], [12.5502749, 55.667413], [12.5502908, 55.6674129], [12.5503067, 55.6674128], [12.5503225, 55.6674127], [12.5503384, 55.6674125], [12.5503543, 55.6674124], [12.5503702, 55.6674122], [12.5503861, 55.667412], [12.550402, 55.6674118], [12.5504179, 55.6674116], [12.5504338, 55.6674114], [12.5504496, 55.6674112], [12.5504655, 55.6674109], [12.5504814, 55.6674106], [12.5504973, 55.6674104], [12.5505132, 55.6674101], [12.5505291, 55.6674097], [12.5505449, 55.6674094], [12.5505608, 55.6674091], [12.5505767, 55.6674087], [12.5505926, 55.6674083], [12.5506085, 55.6674079], [12.5506243, 55.6674075], [12.5506402, 55.6674071], [12.5506561, 55.6674067], [12.5506719, 55.6674062], [12.5506848, 55.6674059], [12.5506878, 55.6674058], [12.5507037, 55.6674053], [12.5507196, 55.6674048], [12.5507354, 55.6674043], [12.5507513, 55.6674038], [12.5507671, 55.6674033], [12.550783, 55.6674027], [12.5507989, 55.6674022], [12.5508147, 55.6674016], [12.5508306, 55.667401], [12.5508464, 55.6674004], [12.5508623, 55.6673998], [12.5508782, 55.6673992], [12.550894, 55.6673986], [12.5509099, 55.667398], [12.5509257, 55.6673973], [12.5509416, 55.6673967], [12.5509574, 55.6673961], [12.5509733, 55.6673954], [12.5509891, 55.6673948], [12.551005, 55.6673941], [12.5510208, 55.6673934], [12.5510367, 55.6673928], [12.5510525, 55.6673921], [12.5510684, 55.6673914], [12.5510842, 55.6673908], [12.5511, 55.6673901], [12.5511159, 55.6673894], [12.5511297, 55.6673888], [12.5511317, 55.6673887], [12.5511476, 55.667388], [12.5511634, 55.6673874], [12.5511793, 55.6673867], [12.5511951, 55.667386], [12.551211, 55.6673853], [12.5512268, 55.6673847], [12.5512427, 55.667384], [12.5512585, 55.6673833], [12.5512744, 55.6673827], [12.5512902, 55.667382], [12.5513061, 55.6673813], [12.5513219, 55.6673807], [12.5513378, 55.66738], [12.5513536, 55.6673794], [12.5513695, 55.6673787], [12.5513853, 55.6673781], [12.5514012, 55.6673774], [12.551417, 55.6673768], [12.5514329, 55.6673762], [12.5514487, 55.6673756], [12.5514646, 55.667375], [12.5514804, 55.6673743], [12.5514963, 55.6673737], [12.5515121, 55.6673731], [12.551528, 55.6673726], [12.5515438, 55.667372], [12.5515597, 55.6673714], [12.5515756, 55.6673708], [12.5515914, 55.6673703], [12.5516073, 55.6673697], [12.5516231, 55.6673692], [12.551639, 55.6673687], [12.5516549, 55.6673681], [12.5516707, 55.6673676], [12.5516866, 55.6673671], [12.5517025, 55.6673666], [12.5517183, 55.6673661], [12.5517342, 55.6673657], [12.5517501, 55.6673652], [12.551766, 55.6673648], [12.5517818, 55.6673643], [12.5517977, 55.6673639], [12.5518136, 55.6673635], [12.5518295, 55.6673631], [12.5518453, 55.6673627], [12.5518612, 55.6673623], [12.5518771, 55.667362], [12.551893, 55.6673616], [12.5519088, 55.6673613], [12.5519247, 55.667361], [12.5519406, 55.6673607], [12.5519565, 55.6673604], [12.5519724, 55.6673601], [12.5519883, 55.6673598], [12.5520041, 55.6673596], [12.55202, 55.6673594], [12.5520359, 55.6673592], [12.5520518, 55.667359], [12.5520677, 55.6673588], [12.5520836, 55.6673586], [12.5520995, 55.6673585], [12.5521154, 55.6673584], [12.5521313, 55.6673583], [12.5521471, 55.6673582], [12.552163, 55.6673581], [12.5521789, 55.6673581], [12.5521948, 55.667358], [12.5522107, 55.667358], [12.5522266, 55.6673581], [12.5522425, 55.6673581], [12.5522584, 55.6673581], [12.5522743, 55.6673582], [12.5522902, 55.6673583], [12.5523061, 55.6673584], [12.5523219, 55.6673586], [12.5523378, 55.6673587], [12.5523537, 55.6673589], [12.5523696, 55.6673591], [12.5523855, 55.6673593], [12.5524014, 55.6673596], [12.5524173, 55.6673598], [12.5524331, 55.6673601], [12.552449, 55.6673605], [12.5524649, 55.6673608], [12.5524808, 55.6673612], [12.5524967, 55.6673616], [12.5525125, 55.667362], [12.5525284, 55.6673624], [12.5525443, 55.6673629], [12.5525601, 55.6673634], [12.552576, 55.6673639], [12.5525919, 55.6673645], [12.5526077, 55.6673651], [12.5526236, 55.6673657], [12.5526324, 55.667366], [12.5526394, 55.6673663], [12.5526553, 55.667367], [12.5526711, 55.6673676], [12.552687, 55.6673684], [12.5527028, 55.6673691], [12.5527186, 55.6673699], [12.5527345, 55.6673707], [12.5527503, 55.6673715], [12.5527661, 55.6673723], [12.5527819, 55.6673732], [12.5527977, 55.6673741], [12.5528135, 55.6673751], [12.5528293, 55.667376], [12.5528451, 55.667377], [12.5528609, 55.667378], [12.5528767, 55.6673791], [12.5528925, 55.6673802], [12.5529082, 55.6673813], [12.552924, 55.6673824], [12.5529398, 55.6673835], [12.5529555, 55.6673847], [12.5529713, 55.6673859], [12.552987, 55.6673872], [12.5530027, 55.6673884], [12.5530185, 55.6673897], [12.5530342, 55.6673911], [12.5530499, 55.6673924], [12.5530656, 55.6673938], [12.5530813, 55.6673952], [12.553097, 55.6673966], [12.5531127, 55.6673981], [12.5531283, 55.6673995], [12.553144, 55.6674011], [12.5531597, 55.6674026], [12.5531753, 55.6674042], [12.553191, 55.6674058], [12.5532066, 55.6674074], [12.5532222, 55.667409], [12.5532378, 55.6674107], [12.5532534, 55.6674124], [12.553269, 55.6674141], [12.5532846, 55.6674159], [12.5533002, 55.6674177], [12.5533157, 55.6674195], [12.5533313, 55.6674213], [12.5533468, 55.6674232], [12.5533624, 55.6674251], [12.5533779, 55.667427], [12.5533934, 55.667429], [12.5534089, 55.6674309], [12.5534244, 55.6674329], [12.5534399, 55.667435], [12.5534554, 55.667437], [12.5534708, 55.6674391], [12.5534863, 55.6674412], [12.5535017, 55.6674433], [12.5535171, 55.6674455], [12.5535325, 55.6674477], [12.5535479, 55.6674499], [12.5535633, 55.6674522], [12.5535787, 55.6674544], [12.5535941, 55.6674567], [12.5536094, 55.667459], [12.5536247, 55.6674614], [12.5536401, 55.6674638], [12.5536554, 55.6674662], [12.5536707, 55.6674686], [12.553686, 55.6674711], [12.5537012, 55.6674736], [12.5537165, 55.6674761], [12.5537317, 55.6674786], [12.553747, 55.6674812], [12.5537622, 55.6674838], [12.5537774, 55.6674864], [12.5537926, 55.667489], [12.5538077, 55.6674917], [12.5538229, 55.6674944], [12.553838, 55.6674971], [12.5538532, 55.6674999], [12.5538683, 55.6675026], [12.5538834, 55.6675054], [12.5538985, 55.6675083], [12.5539135, 55.6675111], [12.5539286, 55.667514], [12.5539436, 55.6675169], [12.5539586, 55.6675198], [12.5539736, 55.6675228], [12.5539886, 55.6675258], [12.5540036, 55.6675288], [12.5540186, 55.6675318], [12.5540335, 55.6675349], [12.5540484, 55.667538], [12.5540633, 55.6675411], [12.5540782, 55.6675443], [12.5540931, 55.6675474], [12.5541079, 55.6675506], [12.5541228, 55.6675538], [12.5541376, 55.6675571], [12.5541524, 55.6675604], [12.5541672, 55.6675636], [12.5541819, 55.667567], [12.5541967, 55.6675703], [12.5542114, 55.6675737], [12.5542261, 55.6675771], [12.5542408, 55.6675805], [12.5542555, 55.667584], [12.5542701, 55.6675875], [12.5542848, 55.667591], [12.5542994, 55.6675945], [12.554314, 55.667598], [12.5543285, 55.6676016], [12.5543431, 55.6676052], [12.5543576, 55.6676088], [12.5543721, 55.6676125], [12.5543866, 55.6676162], [12.5544011, 55.6676199], [12.5544156, 55.6676236], [12.55443, 55.6676274], [12.5544444, 55.6676312], [12.5544588, 55.667635], [12.5544732, 55.6676388], [12.5544875, 55.6676427], [12.5544915, 55.6676437], [12.5545019, 55.6676465], [12.5545162, 55.6676504], [12.5545305, 55.6676544], [12.5545447, 55.6676583], [12.554559, 55.6676623], [12.5545732, 55.6676663], [12.5545874, 55.6676703], [12.5546016, 55.6676744], [12.5546158, 55.6676785], [12.5546299, 55.6676826], [12.554644, 55.6676867], [12.5546581, 55.6676908], [12.5546722, 55.667695], [12.5546862, 55.6676992], [12.5547003, 55.6677034], [12.5547143, 55.6677076], [12.5547283, 55.6677119], [12.5547422, 55.6677162], [12.5547562, 55.6677205], [12.5547701, 55.6677248], [12.554784, 55.6677292], [12.5547979, 55.6677335], [12.5548118, 55.6677379], [12.5548256, 55.6677423], [12.5548395, 55.6677468], [12.5548533, 55.6677512], [12.554867, 55.6677557], [12.5548808, 55.6677602], [12.5548945, 55.6677647], [12.5549083, 55.6677692], [12.554922, 55.6677738], [12.5549356, 55.6677783], [12.5549493, 55.6677829], [12.5549629, 55.6677875], [12.5549765, 55.6677922], [12.5549901, 55.6677968], [12.5550037, 55.6678015], [12.5550173, 55.6678062], [12.5550308, 55.6678109], [12.5550443, 55.6678156], [12.5550578, 55.6678204], [12.5550713, 55.6678251], [12.5550848, 55.6678299], [12.5550982, 55.6678347], [12.5551116, 55.6678395], [12.555125, 55.6678443], [12.5551384, 55.6678492], [12.5551517, 55.667854], [12.5551651, 55.6678589], [12.5551784, 55.6678638], [12.5551917, 55.6678687], [12.555205, 55.6678737], [12.5552182, 55.6678786], [12.5552315, 55.6678836], [12.5552447, 55.6678886], [12.5552579, 55.6678936], [12.5552711, 55.6678986], [12.5552843, 55.6679036], [12.5552974, 55.6679087], [12.5553105, 55.6679137], [12.5553236, 55.6679188], [12.5553367, 55.6679239], [12.5553498, 55.667929], [12.5553629, 55.6679341], [12.5553759, 55.6679392], [12.5553889, 55.6679444], [12.5554019, 55.6679496], [12.5554149, 55.6679547], [12.5554279, 55.6679599], [12.5554408, 55.6679651], [12.5554538, 55.6679704], [12.5554667, 55.6679756], [12.5554796, 55.6679808], [12.5554925, 55.6679861], [12.5555053, 55.6679914], [12.5555182, 55.6679966], [12.555531, 55.6680019], [12.5555438, 55.6680073], [12.5555566, 55.6680126], [12.5555694, 55.6680179], [12.5555822, 55.6680233], [12.5555939, 55.6680282], [12.5555949, 55.6680286], [12.5556077, 55.668034], [12.5556204, 55.6680394], [12.5556331, 55.6680448], [12.5556458, 55.6680502], [12.5556585, 55.6680556], [12.5556711, 55.668061], [12.5556837, 55.6680665], [12.5556964, 55.6680719], [12.555709, 55.6680774], [12.5557216, 55.6680829], [12.5557341, 55.6680884], [12.5557467, 55.6680939], [12.5557593, 55.6680994], [12.5557718, 55.6681049], [12.5557843, 55.6681105], [12.5557968, 55.668116], [12.5558093, 55.6681216], [12.5558217, 55.6681271], [12.5558342, 55.6681327], [12.5558466, 55.6681383], [12.555859, 55.6681439], [12.5558714, 55.6681496], [12.5558838, 55.6681552], [12.5558961, 55.6681608], [12.5559085, 55.6681665], [12.5559208, 55.6681722], [12.5559331, 55.6681778], [12.5559454, 55.6681835], [12.5559577, 55.6681892], [12.55597, 55.6681949], [12.5559822, 55.6682007], [12.5559944, 55.6682064], [12.5560053, 55.6682115]]]}, "geometry_name": "wkb_geometry", "properties": {"id": 5, "hovedstruk": "Kollektive trafikanlæg", "navn_gen": "Eksisterende Metro", "navn_spec": "Nordhavnslinjen", "kode": "Metro", "kortbilag": "O i FP19", "dato_ret": 20190122.0}, "bbox": [722028.8412, 6173882.2039, 725682.2093, 6179599.4501]}, {"type": "Feature", "id": "theme-fp19vo_metro.5", "geometry": {"type": "MultiLineString", "coordinates": [[[12.5958347, 55.712943], [12.5959053, 55.7130421], [12.5959866, 55.7131386], [12.5960785, 55.7132317], [12.5961804, 55.7133216], [12.5962923, 55.7134078], [12.5964136, 55.7134898], [12.5965435, 55.7135673], [12.5966819, 55.7136401], [12.596828, 55.7137078], [12.5969814, 55.7137703], [12.5971413, 55.7138273], [12.5973071, 55.7138785], [12.5974785, 55.7139237], [12.5976544, 55.7139628], [12.5978346, 55.7139956], [12.5980178, 55.7140219], [12.5982036, 55.7140418], [12.5983913, 55.714055], [12.5985802, 55.7140616], [12.5987692, 55.7140615], [12.598958, 55.7140548], [12.5991455, 55.7140414], [12.5993311, 55.7140214], [12.5995144, 55.7139949], [12.5996944, 55.713962], [12.6049326, 55.7128993], [12.6064032, 55.7125998], [12.6065834, 55.7125665], [12.606767, 55.7125394], [12.6069528, 55.7125184], [12.6071407, 55.7125037], [12.6073296, 55.7124954], [12.6075194, 55.7124934], [12.6077087, 55.7124979], [12.6078977, 55.7125087], [12.608085, 55.7125259], [12.6082698, 55.7125492], [12.6084522, 55.7125788], [12.608631, 55.7126145], [12.6088058, 55.7126563], [12.6089757, 55.7127037], [12.6091405, 55.7127568], [12.6092993, 55.7128152], [12.6094517, 55.712879], [12.6139144, 55.7148647]]]}, "geometry_name": "wkb_geometry", "properties": {"id": 4, "hovedstruk": "Kollektive trafikanlæg", "navn_gen": "Kommende Metro", "navn_spec": "Nordhavnslinjen", "kode": "Metro", "kortbilag": "O i FP19", "dato_ret": 20190122.0}, "bbox": [725869.61, 6179978.6099, 726993.57, 6180263.6599]}, {"type": "Feature", "id": "theme-fp19vo_metro.6", "geometry": {"type": "MultiLineString", "coordinates": [[[12.57838, 55.6958875], [12.5783156, 55.6959688], [12.5782251, 55.6960242], [12.578139, 55.6960819], [12.5780633, 55.6961349], [12.5780326, 55.6961568], [12.5780025, 55.6961789], [12.577973, 55.6962014], [12.5779368, 55.6962301], [12.5779016, 55.6962592], [12.5778674, 55.6962887], [12.5778343, 55.6963186], [12.5778022, 55.6963488], [12.5777711, 55.6963794], [12.5777411, 55.6964103], [12.577712, 55.6964415], [12.5776839, 55.696473], [12.5776569, 55.6965048], [12.5776308, 55.6965368], [12.5776056, 55.6965691], [12.5775814, 55.6966016], [12.5775582, 55.6966343], [12.5775359, 55.6966673], [12.5775145, 55.6967004], [12.577494, 55.6967337], [12.5774743, 55.6967672], [12.5774556, 55.6968008], [12.5774377, 55.6968346], [12.5774206, 55.6968685], [12.5774043, 55.6969026], [12.5773889, 55.6969367], [12.5773742, 55.696971], [12.5773603, 55.6970054], [12.5773471, 55.6970398], [12.5773347, 55.6970744], [12.5772629, 55.6973417], [12.5772332, 55.6976116], [12.577246, 55.6978819], [12.577301, 55.6981505], [12.5773979, 55.6984153], [12.5775359, 55.6986742], [12.5777139, 55.6989253], [12.5777499, 55.6989693], [12.5777872, 55.699013], [12.5778255, 55.6990564], [12.5778649, 55.6990995], [12.5779054, 55.6991423], [12.5779468, 55.6991848], [12.5779891, 55.699227], [12.5780322, 55.6992689], [12.5780762, 55.6993106], [12.5781209, 55.699352], [12.5781663, 55.6993932], [12.5782123, 55.6994341], [12.5782589, 55.6994748], [12.5783061, 55.6995153], [12.5783538, 55.6995557], [12.578402, 55.6995959], [12.5784505, 55.6996359], [12.5784994, 55.6996757], [12.5785486, 55.6997155], [12.5785981, 55.6997551], [12.5786478, 55.6997947], [12.5786977, 55.6998341], [12.5787478, 55.6998736], [12.5787979, 55.699913], [12.578848, 55.6999523], [12.583323, 55.7034638], [12.5833838, 55.7035116], [12.5834447, 55.7035592], [12.5835058, 55.7036068], [12.5835672, 55.7036543], [12.583629, 55.7037016], [12.5836913, 55.7037487], [12.5837541, 55.7037956], [12.5838176, 55.7038422], [12.5838818, 55.7038885], [12.5839469, 55.7039344], [12.5840129, 55.7039799], [12.5844888, 55.7042772], [12.5850077, 55.7045506], [12.5855658, 55.7047982], [12.5861592, 55.7050181], [12.5867835, 55.7052087], [12.5868773, 55.7052342], [12.5869717, 55.705259], [12.5870665, 55.7052833], [12.5871618, 55.705307], [12.5872573, 55.7053304], [12.5873531, 55.7053534], [12.5874492, 55.7053761], [12.5875454, 55.7053985], [12.5876418, 55.7054208], [12.5877382, 55.7054429], [12.5878347, 55.705465], [12.5879011, 55.7054802], [12.5879674, 55.7054954], [12.5880336, 55.7055107], [12.5880997, 55.7055262], [12.5881657, 55.7055419], [12.5882314, 55.7055579], [12.5882969, 55.7055742], [12.5883622, 55.7055908], [12.5888323, 55.705726], [12.5892809, 55.7058828], [12.589705, 55.7060599], [12.5901016, 55.7062564], [12.5904681, 55.7064706], [12.5908019, 55.7067013], [12.5908445, 55.7067338], [12.5908866, 55.7067665], [12.5909282, 55.7067994], [12.5909694, 55.7068325], [12.5910102, 55.7068656], [12.5910508, 55.7068989], [12.5910912, 55.7069323], [12.5911316, 55.7069657], [12.5924717, 55.7080752], [12.5925284, 55.7081222], [12.592585, 55.7081692], [12.5926413, 55.7082164], [12.5926972, 55.7082637], [12.5927525, 55.7083113], [12.5928071, 55.7083591], [12.5928608, 55.7084072], [12.5929135, 55.7084557], [12.592965, 55.7085046], [12.5930803, 55.7086207], [12.593188, 55.708739], [12.5932881, 55.7088595], [12.5933286, 55.7089116], [12.5933678, 55.708964], [12.5934058, 55.7090167], [12.5934429, 55.7090696], [12.5934792, 55.7091226], [12.5935149, 55.7091758], [12.5935501, 55.7092291], [12.5935849, 55.7092825], [12.5936196, 55.7093359], [12.5944148, 55.7105616], [12.5944285, 55.7105827], [12.5944422, 55.7106038], [12.5944559, 55.7106249], [12.5944697, 55.7106459], [12.5944834, 55.710667], [12.5944972, 55.7106881], [12.5945111, 55.7107091], [12.594525, 55.7107301], [12.5945626, 55.7107863], [12.5946007, 55.7108423], [12.5946393, 55.7108983], [12.5946538, 55.7109192], [12.5946684, 55.7109401], [12.5946831, 55.7109609], [12.5946978, 55.7109818], [12.5947126, 55.7110027], [12.5947274, 55.7110235], [12.5947422, 55.7110443], [12.594757, 55.7110652], [12.5947718, 55.711086], [12.5947865, 55.7111069], [12.5948013, 55.7111277], [12.5948161, 55.7111486], [12.5948308, 55.7111694], [12.5948455, 55.7111903], [12.5948601, 55.7112112], [12.5948746, 55.7112321], [12.5949132, 55.711288], [12.5949513, 55.7113441], [12.5949889, 55.7114002], [12.5950028, 55.7114213], [12.5950167, 55.7114423], [12.5950305, 55.7114634], [12.5950443, 55.7114844], [12.595058, 55.7115055], [12.5950717, 55.7115266], [12.5950854, 55.7115477], [12.5950991, 55.7115688], [12.5957519, 55.7125748], [12.5958347, 55.712943], [12.5955637, 55.7126146], [12.5949104, 55.7116078], [12.5948967, 55.7115867], [12.5948831, 55.7115656], [12.5948694, 55.7115445], [12.5948558, 55.7115234], [12.5948422, 55.7115023], [12.5948286, 55.7114812], [12.5948151, 55.7114601], [12.5948017, 55.7114389], [12.5947661, 55.7113824], [12.5947311, 55.7113257], [12.5946965, 55.7112689], [12.5946837, 55.7112477], [12.594671, 55.7112264], [12.5946583, 55.7112051], [12.5946457, 55.7111838], [12.5946331, 55.7111625], [12.5946205, 55.7111412], [12.5946079, 55.7111199], [12.5945954, 55.7110986], [12.5945828, 55.7110773], [12.5945703, 55.711056], [12.5945577, 55.7110347], [12.5945451, 55.7110134], [12.5945325, 55.7109921], [12.5945198, 55.7109708], [12.5945071, 55.7109495], [12.5944943, 55.7109283], [12.5944597, 55.7108715], [12.5944246, 55.7108148], [12.5943891, 55.7107582], [12.5943756, 55.7107371], [12.5943622, 55.710716], [12.5943486, 55.7106949], [12.594335, 55.7106738], [12.5943214, 55.7106527], [12.5943077, 55.7106316], [12.5942941, 55.7106105], [12.5942804, 55.7105894], [12.5935209, 55.7094188], [12.5934897, 55.7093707], [12.5934583, 55.7093227], [12.5934268, 55.7092747], [12.5933948, 55.7092268], [12.5933624, 55.709179], [12.5933294, 55.7091313], [12.5932957, 55.7090838], [12.5932611, 55.7090364], [12.5932255, 55.7089893], [12.5931889, 55.7089425], [12.5930942, 55.7088288], [12.5929924, 55.708717], [12.5928838, 55.7086073], [12.5928376, 55.7085633], [12.5927905, 55.7085196], [12.5927424, 55.7084761], [12.5926936, 55.708433], [12.5926441, 55.7083901], [12.5925941, 55.7083474], [12.5925437, 55.7083048], [12.592493, 55.7082624], [12.592442, 55.7082201], [12.5923909, 55.7081778], [12.5910955, 55.7071053], [12.5910552, 55.7070719], [12.5910148, 55.7070386], [12.5909742, 55.7070053], [12.5909333, 55.7069721], [12.5908921, 55.706939], [12.5908506, 55.7069061], [12.5908085, 55.7068734], [12.5907658, 55.706841], [12.5904363, 55.706613], [12.5900748, 55.7064009], [12.5896838, 55.7062064], [12.5892659, 55.7060305], [12.5888239, 55.7058745], [12.5883608, 55.7057395], [12.5882957, 55.7057226], [12.5882304, 55.7057061], [12.5881648, 55.7056899], [12.588099, 55.705674], [12.5880331, 55.7056583], [12.587967, 55.7056427], [12.5879008, 55.7056273], [12.5878347, 55.7056119], [12.587717, 55.7055845], [12.5875994, 55.7055571], [12.5874819, 55.7055294], [12.5873646, 55.7055016], [12.5872476, 55.7054734], [12.5871308, 55.7054448], [12.5870145, 55.7054157], [12.5868986, 55.7053861], [12.5867832, 55.7053558], [12.5859041, 55.7050952], [12.585068, 55.7047929], [12.584281, 55.7044511], [12.5841841, 55.7044046], [12.5840879, 55.7043575], [12.5839924, 55.70431], [12.5838976, 55.7042621], [12.5838033, 55.7042139], [12.5837094, 55.7041654], [12.5836158, 55.7041167], [12.5835224, 55.7040679], [12.5834292, 55.704019], [12.5768789, 55.7005837], [12.5768246, 55.7005552], [12.5767704, 55.7005267], [12.5767162, 55.7004982], [12.5766622, 55.7004697], [12.5766083, 55.700441], [12.5765545, 55.7004123], [12.5765009, 55.7003834], [12.5764475, 55.7003544], [12.5763944, 55.7003253], [12.5763416, 55.700296], [12.5762891, 55.7002665], [12.576237, 55.7002368], [12.5761852, 55.7002069], [12.5761339, 55.7001768], [12.576083, 55.7001464], [12.5760327, 55.7001158], [12.5759828, 55.7000848], [12.5759336, 55.7000536], [12.5758849, 55.7000221], [12.575837, 55.6999902], [12.5757897, 55.6999581], [12.5757432, 55.6999255], [12.5756974, 55.6998927], [12.5756525, 55.6998594], [12.5756085, 55.6998258], [12.5755654, 55.6997918], [12.5755232, 55.6997574], [12.5754821, 55.6997227], [12.5754421, 55.6996875], [12.575258, 55.699505], [12.5751037, 55.6993138], [12.5749805, 55.6991156], [12.5748893, 55.6989119], [12.5748309, 55.6987045], [12.5748057, 55.6984949], [12.574814, 55.6982849], [12.5748557, 55.6980761], [12.5749304, 55.6978703], [12.5750375, 55.6976692], [12.5751763, 55.6974743], [12.5753454, 55.6972872], [12.5755437, 55.6971094], [12.5757694, 55.6969425], [12.5760208, 55.6967876], [12.5762958, 55.6966462], [12.5763548, 55.696619], [12.5764147, 55.6965924], [12.5764753, 55.6965663], [12.5765366, 55.6965408], [12.5765985, 55.6965158], [12.5766611, 55.6964912], [12.5767242, 55.6964671], [12.5767878, 55.6964435], [12.5768518, 55.6964202], [12.5769163, 55.6963972], [12.576981, 55.6963746], [12.5770461, 55.6963523], [12.5771115, 55.6963302], [12.5771771, 55.6963083], [12.5772429, 55.6962866], [12.5773088, 55.6962651], [12.5773748, 55.6962436], [12.5774409, 55.6962223], [12.5775071, 55.6962009], [12.5775433, 55.6961892], [12.5775795, 55.6961775], [12.5776157, 55.6961657], [12.5776517, 55.6961538], [12.5776876, 55.6961418], [12.5777233, 55.6961295], [12.5777587, 55.6961171], [12.577794, 55.6961044], [12.5778385, 55.6960878], [12.5778826, 55.6960708], [12.5779261, 55.6960533], [12.5780238, 55.6960133], [12.5781302, 55.6959678], [12.5782328, 55.6959196], [12.57838, 55.6958875]]]}, "geometry_name": "wkb_geometry", "properties": {"id": 6, "hovedstruk": "Kollektive trafikanlæg", "navn_gen": "Eksisterende Metro", "navn_spec": "Nordhavnslinjen", "kode": "Metro", "kortbilag": "O i FP19", "dato_ret": 20190122.0}, "bbox": [724632.2536, 6178037.3043, 725869.61, 6179990.8599]}, {"type": "Feature", "id": "theme-fp19vo_metro.7", "geometry": {"type": "MultiLineString", "coordinates": [[[12.5166409, 55.652621], [12.5166049, 55.6526419], [12.5165685, 55.6526627], [12.5165319, 55.6526832], [12.516495, 55.6527037], [12.5164579, 55.652724], [12.5164207, 55.6527442], [12.5163834, 55.6527644], [12.516346, 55.6527845], [12.5149448, 55.6535395]], [[12.5168308, 55.6525026], [12.5166409, 55.652621]], [[12.5168308, 55.6525026], [12.5168298, 55.6525032]], [[12.517428, 55.6520837], [12.5173843, 55.6521128], [12.5173412, 55.6521421], [12.5172984, 55.6521717], [12.5172561, 55.6522014], [12.5172141, 55.6522313], [12.5171722, 55.6522613], [12.5171305, 55.6522913], [12.5170889, 55.6523214], [12.5170571, 55.6523443], [12.5170252, 55.6523673], [12.5169933, 55.6523902], [12.5169611, 55.6524131], [12.5169288, 55.6524358], [12.5168961, 55.6524584], [12.5168632, 55.6524809], [12.5168308, 55.6525026]], [[12.5168309, 55.6525025], [12.5168308, 55.6525026]], [[12.517428, 55.6520836], [12.5175893, 55.6519814], [12.5177578, 55.6518829], [12.5179331, 55.6517884], [12.518115, 55.6516978], [12.5183031, 55.6516115], [12.518497, 55.6515296]], [[12.518497, 55.6515296], [12.5184963, 55.6515299]], [[12.518497, 55.6515296], [12.5184972, 55.6515295]], [[12.5210083, 55.6506084], [12.5209229, 55.6506371], [12.5208381, 55.6506663], [12.5207537, 55.6506958], [12.5206697, 55.6507258], [12.520586, 55.650756], [12.5205026, 55.6507864], [12.5204193, 55.6508169], [12.520336, 55.6508475], [12.5189445, 55.6513595], [12.518888, 55.6513804], [12.5188314, 55.6514012], [12.518775, 55.6514222], [12.5187188, 55.6514433], [12.5186627, 55.6514646], [12.5186069, 55.6514861], [12.5185514, 55.6515078], [12.518497, 55.6515296]], [[12.5210076, 55.6506087], [12.5212853, 55.6505204], [12.5215687, 55.650438], [12.5218573, 55.6503616], [12.5221507, 55.6502913], [12.5224485, 55.6502272], [12.5227503, 55.6501694], [12.5230557, 55.650118], [12.5233643, 55.6500731], [12.5236756, 55.6500347], [12.5239892, 55.6500028], [12.5243047, 55.6499775], [12.5246217, 55.6499589], [12.5249396, 55.6499469], [12.5252581, 55.6499417]], [[12.5288762, 55.650001], [12.5287824, 55.6500013], [12.5286831, 55.6500009], [12.5285839, 55.6500002], [12.5284846, 55.649999], [12.5283854, 55.6499975], [12.5282861, 55.6499957], [12.5281869, 55.6499938], [12.5280877, 55.6499918], [12.5260526, 55.6499508], [12.5259534, 55.6499488], [12.5258542, 55.6499469], [12.5257549, 55.6499451], [12.5256557, 55.6499436], [12.5255564, 55.6499424], [12.5254572, 55.6499417], [12.5253579, 55.6499414], [12.5252586, 55.6499417]], [[12.5288762, 55.650001], [12.5288744, 55.6500011]], [[12.5330199, 55.6493854], [12.5327466, 55.6494672], [12.5324683, 55.6495435], [12.5321854, 55.6496142], [12.5318983, 55.6496792], [12.5316072, 55.6497385], [12.5313127, 55.6497918], [12.531015, 55.6498392], [12.5307145, 55.6498806], [12.5304116, 55.649916], [12.5301066, 55.6499453], [12.5298001, 55.6499685], [12.5294923, 55.6499855], [12.5291836, 55.6499964], [12.5288762, 55.650001]], [[12.5288817, 55.650001], [12.5288762, 55.650001]], [[12.5354896, 55.6485302], [12.5354341, 55.6485516], [12.5353762, 55.6485733], [12.5353179, 55.6485947], [12.5352593, 55.6486159], [12.5352005, 55.6486368], [12.5351414, 55.6486575], [12.5350823, 55.6486781], [12.535023, 55.6486987], [12.5337026, 55.6491566], [12.533618, 55.6491859], [12.5335332, 55.6492152], [12.5334484, 55.6492443], [12.5333633, 55.6492732], [12.5332779, 55.6493019], [12.5331922, 55.6493302], [12.5331061, 55.6493581], [12.5330194, 55.6493855]], [[12.5354896, 55.6485302], [12.535489, 55.6485304]], [[12.5363077, 55.6481319], [12.536182, 55.6482051], [12.5360517, 55.6482756], [12.5359171, 55.6483435], [12.5357783, 55.6484087], [12.5356356, 55.648471], [12.5354896, 55.6485302]], [[12.5354915, 55.6485295], [12.5354896, 55.6485302]], [[12.5382811, 55.6468451], [12.5382179, 55.6468808], [12.538154, 55.6469179], [12.5380909, 55.6469555], [12.5380285, 55.6469934], [12.5379668, 55.6470317], [12.5379057, 55.6470704], [12.5378451, 55.6471092], [12.537785, 55.6471484], [12.5377253, 55.6471877], [12.5376659, 55.6472271], [12.5376067, 55.6472667], [12.5375476, 55.6473063], [12.5374887, 55.647346], [12.5366736, 55.6478946], [12.5366289, 55.6479247], [12.5365841, 55.6479547], [12.5365391, 55.6479847], [12.5364939, 55.6480145], [12.5364482, 55.6480441], [12.5364022, 55.6480735], [12.5363556, 55.6481027], [12.5363084, 55.6481315]], [[12.5382806, 55.6468453], [12.5382811, 55.6468451]], [[12.5382827, 55.6468442], [12.5382811, 55.6468451]], [[12.5382811, 55.6468451], [12.5384435, 55.6467576], [12.5386117, 55.6466732], [12.5387852, 55.6465922], [12.5389636, 55.6465147], [12.5391467, 55.6464409], [12.5393343, 55.6463707], [12.5395262, 55.6463044], [12.5397222, 55.6462419], [12.5399219, 55.6461834], [12.5401252, 55.646129], [12.5403317, 55.6460786], [12.5405413, 55.6460324], [12.5407536, 55.6459904], [12.5409684, 55.6459528], [12.5411854, 55.6459194], [12.5414044, 55.6458904], [12.5416251, 55.6458658], [12.5418472, 55.6458456], [12.5420704, 55.6458299], [12.5422944, 55.6458186], [12.5425185, 55.6458119]], [[12.5425185, 55.6458119], [12.5425171, 55.6458119]], [[12.5545566, 55.6514437], [12.5545413, 55.651384], [12.5545268, 55.6513228], [12.5545131, 55.6512615], [12.5545003, 55.6512002], [12.554488, 55.6511389], [12.5544763, 55.6510775], [12.5544648, 55.6510161], [12.5544535, 55.6509546], [12.5544424, 55.6508943], [12.5544312, 55.650834], [12.5544196, 55.6507738], [12.5544076, 55.6507135], [12.554395, 55.6506533], [12.5543817, 55.6505932], [12.5543674, 55.6505331], [12.5543521, 55.6504731], [12.5542944, 55.650279], [12.5542241, 55.6500863], [12.5541415, 55.6498951], [12.5540466, 55.6497058], [12.5539395, 55.6495186], [12.5538204, 55.6493337], [12.5536895, 55.6491514], [12.5535468, 55.6489719], [12.5533927, 55.6487955], [12.5532273, 55.6486224], [12.5530508, 55.6484528], [12.5528635, 55.6482869], [12.5526657, 55.6481251], [12.5524575, 55.6479674], [12.5522392, 55.6478141], [12.5520112, 55.6476655], [12.5517738, 55.6475216], [12.5515273, 55.6473828], [12.5512719, 55.6472491], [12.5510081, 55.6471208], [12.5507362, 55.646998], [12.5504565, 55.6468809], [12.5501695, 55.6467697], [12.5498755, 55.6466645], [12.5495749, 55.6465654], [12.549268, 55.6464725], [12.5489554, 55.6463861], [12.5486375, 55.6463062], [12.5483146, 55.6462329], [12.5479871, 55.6461663], [12.5476556, 55.6461065], [12.5473205, 55.6460536], [12.5469821, 55.6460076], [12.5466411, 55.6459687], [12.5462977, 55.6459368], [12.5459525, 55.6459121], [12.5458749, 55.6459075], [12.5457761, 55.6459022], [12.5456772, 55.6458974], [12.5455782, 55.645893], [12.5454792, 55.645889], [12.5453802, 55.6458853], [12.5452811, 55.6458818], [12.545182, 55.6458785], [12.5450829, 55.6458752], [12.5437074, 55.64583], [12.5436159, 55.645827], [12.5435245, 55.6458241], [12.543433, 55.6458212], [12.5433415, 55.6458186], [12.5432499, 55.6458162], [12.5431584, 55.645814], [12.5430668, 55.6458122], [12.5429752, 55.6458108], [12.5428836, 55.6458099], [12.542792, 55.6458095], [12.5427003, 55.6458097], [12.5426087, 55.6458105], [12.5425185, 55.6458119]], [[12.5425185, 55.6458119], [12.542519, 55.6458119]], [[12.5545566, 55.6514437], [12.5545565, 55.6514434]], [[12.555593, 55.6532014], [12.5554255, 55.6530174], [12.5552706, 55.65283], [12.5551286, 55.6526393], [12.5549997, 55.6524456], [12.5548839, 55.6522493], [12.5547816, 55.6520507], [12.5546929, 55.6518499], [12.5546178, 55.6516474], [12.5545566, 55.6514437]], [[12.554557, 55.6514451], [12.5545566, 55.6514437]], [[12.5599551, 55.6573667], [12.5599165, 55.6573219], [12.5598752, 55.6572757], [12.559833, 55.6572297], [12.5597898, 55.657184], [12.5597458, 55.6571385], [12.5597012, 55.6570933], [12.5596558, 55.6570482], [12.55961, 55.6570034], [12.5595637, 55.6569586], [12.5595171, 55.656914], [12.5594702, 55.6568695], [12.5594232, 55.656825], [12.559376, 55.6567806], [12.5560311, 55.6536289], [12.5559749, 55.6535759], [12.5559189, 55.6535229], [12.5558631, 55.6534698], [12.5558078, 55.6534166], [12.5557529, 55.6533632], [12.5556988, 55.6533096], [12.5556455, 55.6532557], [12.5555931, 55.6532015]], [[12.5569676, 55.6631594], [12.5576301, 55.6623552], [12.5576553, 55.6623246], [12.5576805, 55.6622941], [12.5577059, 55.6622637], [12.5577316, 55.6622333], [12.5577576, 55.662203], [12.557784, 55.6621728], [12.557811, 55.6621427], [12.5578385, 55.6621129]], [[12.5578395, 55.6621118], [12.5579406, 55.6620091], [12.5580497, 55.6619089], [12.5581662, 55.6618117]], [[12.558166, 55.6618118], [12.5581662, 55.6618117]], [[12.5581662, 55.6618117], [12.5581663, 55.6618116]], [[12.5581662, 55.6618117], [12.5582008, 55.6617844], [12.5582361, 55.6617573], [12.5582719, 55.6617304], [12.558308, 55.6617036], [12.5583444, 55.6616769], [12.558381, 55.6616504], [12.5584178, 55.6616239], [12.5584546, 55.6615974], [12.5594411, 55.6608892], [12.5594718, 55.6608672], [12.5595025, 55.6608451], [12.559533, 55.660823], [12.5595634, 55.6608007], [12.5595935, 55.6607784], [12.5596232, 55.660756], [12.5596526, 55.6607333], [12.5596816, 55.6607105]], [[12.5599789, 55.6604332], [12.5599116, 55.6605045], [12.5598393, 55.6605748], [12.5597625, 55.6606435], [12.5596814, 55.6607107]], [[12.5599778, 55.6604344], [12.5599789, 55.6604332]], [[12.5599789, 55.6604332], [12.5600101, 55.6603979], [12.5600413, 55.6603611], [12.5600714, 55.660324], [12.5601004, 55.6602866], [12.5601284, 55.6602489], [12.5601553, 55.6602111], [12.5601813, 55.660173], [12.5602064, 55.6601347], [12.5602305, 55.6600962], [12.5602538, 55.6600575], [12.5602763, 55.6600187]], [[12.5599793, 55.6604327], [12.5599789, 55.6604332]], [[12.5599546, 55.657366], [12.5599551, 55.6573667]], [[12.5599567, 55.6573685], [12.5599551, 55.6573667]], [[12.5599551, 55.6573667], [12.56005, 55.6574838], [12.5601379, 55.6576035], [12.560218, 55.6577249], [12.5602904, 55.6578479], [12.5603549, 55.6579722], [12.5604114, 55.6580978], [12.5604599, 55.6582244], [12.5605003, 55.658352], [12.5605325, 55.6584803], [12.5605564, 55.6586092], [12.5605722, 55.6587385], [12.5605797, 55.658868], [12.5605789, 55.6589975], [12.5605699, 55.659127], [12.5605526, 55.6592562], [12.5605271, 55.659385], [12.5604934, 55.6595132], [12.5604515, 55.6596406], [12.5604015, 55.6597671], [12.5603435, 55.6598924], [12.5602775, 55.6600165]]]}, "geometry_name": "wkb_geometry", "properties": {"id": 7, "hovedstruk": "Kollektive trafikanlæg", "navn_gen": "Eksisterende Metro", "navn_spec": "Sydhavnslinjen", "kode": "Metro", "kortbilag": "O i FP19", "dato_ret": 20190122.0}, "bbox": [721126.1003, 6172352.4304, 723965.4931, 6174328.2332]}], "totalFeatures": 7, "numberMatched": 7, "numberReturned": 7, "timeStamp": "2026-09-22T18:10:52.474Z", "crs": {"type": "name", "properties": {"name": "urn:ogc:def:crs:OGC:1.3:CRS84"}}, "bbox": [719466.35, 6169462.6199, 729724.72, 6180263.6599]}